size,iteration,latency_ns
8,0,923
8,1,846
8,2,692
8,3,692
8,4,693
8,5,692
8,6,923
8,7,923
8,8,923
8,9,923
8,10,923
8,11,923
8,12,846
8,13,847
8,14,846
8,15,923
8,16,692
8,17,692
8,18,693
8,19,692
8,20,692
8,21,923
8,22,923
8,23,847
8,24,846
8,25,846
8,26,692
8,27,692
8,28,693
8,29,923
8,30,923
8,31,923
8,32,923
8,33,847
8,34,846
8,35,846
8,36,923
8,37,692
8,38,693
8,39,692
8,40,923
8,41,846
8,42,846
8,43,847
8,44,846
8,45,923
8,46,923
8,47,923
8,48,846
8,49,692
8,50,692
8,51,692
8,52,846
8,53,847
8,54,846
8,55,923
8,56,692
8,57,692
8,58,923
8,59,847
8,60,846
8,61,923
8,62,923
8,63,692
8,64,693
8,65,692
8,66,846
8,67,923
8,68,846
8,69,847
8,70,923
8,71,692
8,72,692
8,73,692
8,74,923
8,75,923
8,76,846
8,77,846
8,78,846
8,79,847
8,80,923
8,81,923
8,82,692
8,83,923
8,84,693
8,85,692
8,86,923
8,87,923
8,88,923
8,89,847
8,90,846
8,91,846
8,92,846
8,93,923
8,94,923
8,95,923
8,96,692
8,97,692
8,98,693
8,99,923
8,100,846
8,101,846
8,102,846
8,103,847
8,104,846
8,105,846
8,106,846
8,107,923
8,108,693
8,109,692
8,110,692
8,111,923
8,112,924
8,113,693
8,114,692
8,115,923
8,116,846
8,117,846
8,118,923
8,119,923
8,120,692
8,121,692
8,122,693
8,123,924
8,124,923
8,125,846
8,126,846
8,127,846
8,128,846
8,129,692
8,130,692
8,131,692
8,132,846
8,133,847
8,134,846
8,135,846
8,136,846
8,137,923
8,138,693
8,139,692
8,140,692
8,141,692
8,142,923
8,143,693
8,144,923
8,145,846
8,146,846
8,147,846
8,148,846
8,149,692
8,150,692
8,151,923
8,152,923
8,153,847
8,154,846
8,155,846
8,156,846
8,157,692
8,158,693
8,159,692
8,160,692
8,161,692
8,162,846
8,163,923
8,164,693
8,165,692
8,166,692
8,167,692
8,168,693
8,169,923
8,170,923
8,171,846
8,172,846
8,173,923
8,174,846
8,175,846
8,176,923
8,177,692
8,178,693
8,179,692
8,180,692
8,181,923
8,182,846
8,183,847
8,184,846
8,185,846
8,186,692
8,187,692
8,188,693
8,189,692
8,190,692
8,191,692
8,192,923
8,193,847
8,194,846
8,195,846
8,196,846
8,197,923
8,198,923
8,199,692
8,200,692
8,201,923
8,202,846
8,203,847
8,204,693
8,205,692
8,206,692
8,207,692
8,208,693
8,209,692
8,210,846
8,211,846
8,212,846
8,213,847
8,214,923
8,215,692
8,216,692
8,217,692
8,218,846
8,219,847
8,220,846
8,221,846
8,222,923
8,223,847
8,224,846
8,225,846
8,226,923
8,227,923
8,228,693
8,229,692
8,230,923
8,231,846
8,232,846
8,233,847
8,234,923
8,235,692
8,236,692
8,237,923
8,238,846
8,239,847
8,240,846
8,241,692
8,242,692
8,243,692
8,244,693
8,245,846
8,246,846
8,247,846
8,248,923
8,249,693
8,250,693
8,251,692
8,252,923
8,253,846
8,254,846
8,255,923
8,256,846
8,257,846
8,258,923
8,259,924
8,260,693
8,261,692
8,262,692
8,263,923
8,264,923
8,265,846
8,266,846
8,267,923
8,268,692
8,269,923
8,270,847
8,271,923
8,272,846
8,273,846
8,274,923
8,275,923
8,276,692
8,277,692
8,278,923
8,279,923
8,280,847
8,281,846
8,282,846
8,283,692
8,284,692
8,285,693
8,286,692
8,287,923
8,288,846
8,289,846
8,290,847
8,291,923
8,292,692
8,293,692
8,294,692
8,295,693
8,296,692
8,297,923
8,298,846
8,299,846
8,300,847
8,301,693
8,302,692
8,303,692
8,304,692
8,305,693
8,306,692
8,307,923
8,308,846
8,309,846
8,310,923
8,311,693
8,312,692
8,313,692
8,314,846
8,315,923
8,316,847
8,317,846
8,318,846
8,319,846
8,320,923
8,321,693
8,322,692
8,323,692
8,324,846
8,325,846
8,326,847
8,327,846
8,328,923
8,329,692
8,330,692
8,331,693
8,332,923
8,333,846
8,334,846
8,335,923
8,336,847
8,337,846
8,338,846
8,339,923
8,340,923
8,341,693
8,342,692
8,343,692
8,344,846
8,345,846
8,346,924
8,347,923
8,348,923
8,349,692
8,350,692
8,351,693
8,352,692
8,353,923
8,354,846
8,355,846
8,356,847
8,357,693
8,358,923
8,359,923
8,360,923
8,361,693
8,362,692
8,363,923
8,364,923
8,365,846
8,366,847
8,367,846
8,368,846
8,369,846
8,370,923
8,371,693
8,372,692
8,373,923
8,374,923
8,375,923
8,376,923
8,377,846
8,378,846
8,379,846
8,380,847
8,381,693
8,382,692
8,383,692
8,384,923
8,385,846
8,386,847
8,387,846
8,388,846
8,389,923
8,390,692
8,391,693
8,392,692
8,393,923
8,394,846
8,395,846
8,396,847
8,397,693
8,398,692
8,399,692
8,400,692
8,401,846
8,402,846
8,403,846
8,404,923
8,405,692
8,406,693
8,407,693
8,408,692
8,409,923
8,410,846
8,411,846
8,412,846
8,413,923
8,414,923
8,415,923
8,416,924
8,417,693
8,418,692
8,419,1231
8,420,923
8,421,923
8,422,847
8,423,923
8,424,923
8,425,923
8,426,923
8,427,923
8,428,923
8,429,923
8,430,923
8,431,923
8,432,846
8,433,846
8,434,847
8,435,846
8,436,923
8,437,923
8,438,692
8,439,693
8,440,692
8,441,692
8,442,923
8,443,923
8,444,692
8,445,846
8,446,846
8,447,846
8,448,847
8,449,693
8,450,692
8,451,692
8,452,692
8,453,923
8,454,692
8,455,923
8,456,846
8,457,846
8,458,847
8,459,846
8,460,846
8,461,846
8,462,923
8,463,923
8,464,692
8,465,2461
8,466,1154
8,467,923
8,468,923
8,469,846
8,470,923
8,471,923
8,472,923
8,473,923
8,474,692
8,475,693
8,476,693
8,477,692
8,478,923
8,479,923
8,480,923
8,481,846
8,482,846
8,483,692
8,484,692
8,485,693
8,486,693
8,487,846
8,488,846
8,489,846
8,490,923
8,491,693
8,492,692
8,493,692
8,494,846
8,495,846
8,496,847
8,497,923
8,498,692
8,499,692
8,500,692
8,501,923
8,502,847
8,503,846
8,504,846
8,505,923
8,506,692
8,507,693
8,508,692
8,509,846
8,510,846
8,511,846
8,512,847
8,513,846
8,514,692
8,515,692
8,516,692
8,517,693
8,518,692
8,519,692
8,520,846
8,521,846
8,522,924
8,523,693
8,524,692
8,525,923
8,526,923
8,527,846
8,528,846
8,529,923
8,530,692
8,531,692
8,532,693
8,533,924
8,534,846
8,535,846
8,536,923
8,537,692
8,538,693
8,539,692
8,540,692
8,541,692
8,542,923
8,543,924
8,544,846
8,545,846
8,546,923
8,547,923
8,548,923
8,549,692
8,550,692
8,551,923
8,552,846
8,553,847
8,554,923
8,555,692
8,556,692
8,557,846
8,558,846
8,559,847
8,560,846
8,561,846
8,562,923
8,563,692
8,564,693
8,565,692
8,566,923
8,567,846
8,568,846
8,569,924
8,570,923
8,571,923
8,572,692
8,573,692
8,574,923
8,575,846
8,576,846
8,577,923
8,578,692
8,579,693
8,580,693
8,581,846
8,582,846
8,583,846
8,584,923
8,585,693
8,586,692
8,587,692
8,588,923
8,589,846
8,590,847
8,591,846
8,592,846
8,593,923
8,594,923
8,595,923
8,596,692
8,597,692
8,598,692
8,599,923
8,600,847
8,601,846
8,602,846
8,603,923
8,604,692
8,605,693
8,606,692
8,607,846
8,608,846
8,609,846
8,610,692
8,611,693
8,612,692
8,613,692
8,614,846
8,615,923
8,616,847
8,617,846
8,618,923
8,619,692
8,620,692
8,621,693
8,622,692
8,623,923
8,624,846
8,625,846
8,626,847
8,627,693
8,628,692
8,629,692
8,630,923
8,631,923
8,632,846
8,633,846
8,634,846
8,635,923
8,636,924
8,637,693
8,638,692
8,639,692
8,640,692
8,641,693
8,642,846
8,643,846
8,644,846
8,645,846
8,646,924
8,647,693
8,648,692
8,649,692
8,650,846
8,651,846
8,652,846
8,653,692
8,654,692
8,655,692
8,656,846
8,657,847
8,658,846
8,659,846
8,660,846
8,661,846
8,662,923
8,663,923
8,664,692
8,665,692
8,666,923
8,667,924
8,668,846
8,669,846
8,670,846
8,671,923
8,672,923
8,673,692
8,674,692
8,675,923
8,676,846
8,677,847
8,678,923
8,679,923
8,680,923
8,681,692
8,682,693
8,683,923
8,684,846
8,685,846
8,686,846
8,687,847
8,688,846
8,689,923
8,690,692
8,691,692
8,692,693
8,693,692
8,694,692
8,695,692
8,696,846
8,697,847
8,698,846
8,699,846
8,700,923
8,701,692
8,702,693
8,703,692
8,704,692
8,705,846
8,706,846
8,707,923
8,708,923
8,709,923
8,710,692
8,711,692
8,712,693
8,713,847
8,714,846
8,715,846
8,716,846
8,717,923
8,718,923
8,719,692
8,720,692
8,721,692
8,722,693
8,723,923
8,724,692
8,725,923
8,726,846
8,727,847
8,728,846
8,729,846
8,730,692
8,731,692
8,732,693
8,733,923
8,734,846
8,735,846
8,736,846
8,737,692
8,738,693
8,739,846
8,740,846
8,741,846
8,742,846
8,743,847
8,744,923
8,745,692
8,746,692
8,747,923
8,748,923
8,749,846
8,750,846
8,751,923
8,752,923
8,753,693
8,754,693
8,755,923
8,756,923
8,757,846
8,758,846
8,759,846
8,760,692
8,761,692
8,762,692
8,763,923
8,764,693
8,765,923
8,766,846
8,767,846
8,768,846
8,769,693
8,770,692
8,771,692
8,772,846
8,773,846
8,774,847
8,775,923
8,776,692
8,777,692
8,778,923
8,779,923
8,780,847
8,781,923
8,782,846
8,783,846
8,784,847
8,785,693
8,786,692
8,787,692
8,788,692
8,789,846
8,790,847
8,791,846
8,792,846
8,793,923
8,794,692
8,795,693
8,796,923
8,797,846
8,798,846
8,799,846
8,800,847
8,801,846
8,802,923
8,803,923
8,804,923
8,805,693
8,806,692
8,807,692
8,808,923
8,809,846
8,810,847
8,811,693
8,812,692
8,813,692
8,814,692
8,815,693
8,816,923
8,817,846
8,818,846
8,819,923
8,820,693
8,821,923
8,822,692
8,823,692
8,824,692
8,825,693
8,826,923
8,827,846
8,828,1000
8,829,923
8,830,923
8,831,692
8,832,693
8,833,692
8,834,692
8,835,692
8,836,693
8,837,923
8,838,923
8,839,923
8,840,846
8,841,847
8,842,846
8,843,923
8,844,846
8,845,846
8,846,846
8,847,923
8,848,923
8,849,692
8,850,693
8,851,693
8,852,692
8,853,923
8,854,923
8,855,846
8,856,846
8,857,923
8,858,692
8,859,692
8,860,693
8,861,693
8,862,923
8,863,923
8,864,846
8,865,846
8,866,846
8,867,923
8,868,923
8,869,692
8,870,693
8,871,924
8,872,846
8,873,846
8,874,923
8,875,923
8,876,923
8,877,923
8,878,692
8,879,692
8,880,693
8,881,847
8,882,923
8,883,923
8,884,923
8,885,846
8,886,846
8,887,846
8,888,692
8,889,692
8,890,693
8,891,693
8,892,923
8,893,846
8,894,846
8,895,846
8,896,693
8,897,692
8,898,923
8,899,923
8,900,923
8,901,847
8,902,846
8,903,846
8,904,846
8,905,692
8,906,693
8,907,692
8,908,692
8,909,692
8,910,923
8,911,847
8,912,846
8,913,923
8,914,923
8,915,692
8,916,693
8,917,847
8,918,846
8,919,846
8,920,692
8,921,692
8,922,693
8,923,692
8,924,846
8,925,846
8,926,846
8,927,847
8,928,693
8,929,692
8,930,692
8,931,923
8,932,846
8,933,846
8,934,846
8,935,846
8,936,692
8,937,693
8,938,924
8,939,846
8,940,846
8,941,846
8,942,923
8,943,693
8,944,692
8,945,923
8,946,923
8,947,846
8,948,847
8,949,846
8,950,923
8,951,692
8,952,692
8,953,846
8,954,847
8,955,846
8,956,923
8,957,692
8,958,692
8,959,693
8,960,923
8,961,846
8,962,846
8,963,923
8,964,693
8,965,693
8,966,692
8,967,923
8,968,846
8,969,846
8,970,923
8,971,923
8,972,923
8,973,846
8,974,847
8,975,923
8,976,923
8,977,923
8,978,923
8,979,846
8,980,846
8,981,846
8,982,846
8,983,923
8,984,923
8,985,923
8,986,923
8,987,923
8,988,692
8,989,923
8,990,924
8,991,32308
8,992,1231
8,993,692
8,994,923
8,995,923
8,996,923
8,997,923
8,998,923
8,999,923
8,1000,692
8,1001,846
8,1002,923
8,1003,692
8,1004,923
8,1005,924
8,1006,923
8,1007,846
8,1008,923
8,1009,924
8,1010,692
8,1011,692
8,1012,692
8,1013,693
8,1014,923
8,1015,846
8,1016,923
8,1017,923
8,1018,923
8,1019,692
8,1020,693
8,1021,923
8,1022,923
8,1023,846
8,1024,923
8,1025,923
8,1026,692
8,1027,924
8,1028,846
8,1029,923
8,1030,693
8,1031,923
8,1032,923
8,1033,923
8,1034,693
8,1035,692
8,1036,923
8,1037,847
8,1038,846
8,1039,923
8,1040,692
8,1041,923
8,1042,846
8,1043,846
8,1044,846
8,1045,846
8,1046,846
8,1047,846
8,1048,923
8,1049,923
8,1050,923
8,1051,923
8,1052,693
8,1053,923
8,1054,923
8,1055,846
8,1056,924
8,1057,923
8,1058,923
8,1059,692
8,1060,923
8,1061,692
8,1062,923
8,1063,846
8,1064,923
8,1065,923
8,1066,692
8,1067,693
8,1068,692
8,1069,923
8,1070,923
8,1071,847
8,1072,923
8,1073,923
8,1074,923
8,1075,924
8,1076,692
8,1077,692
8,1078,923
8,1079,923
8,1080,846
8,1081,846
8,1082,846
8,1083,1231
8,1084,923
8,1085,923
8,1086,923
8,1087,846
8,1088,923
8,1089,923
8,1090,692
8,1091,924
8,1092,923
8,1093,923
8,1094,846
8,1095,924
8,1096,923
8,1097,923
8,1098,847
8,1099,846
8,1100,923
8,1101,692
8,1102,693
8,1103,923
8,1104,923
8,1105,846
8,1106,846
8,1107,923
8,1108,923
8,1109,923
8,1110,923
8,1111,923
8,1112,846
8,1113,923
8,1114,923
8,1115,692
8,1116,924
8,1117,846
8,1118,846
8,1119,923
8,1120,693
8,1121,923
8,1122,846
8,1123,847
8,1124,923
8,1125,923
8,1126,692
8,1127,693
8,1128,692
8,1129,923
8,1130,846
8,1131,846
8,1132,923
8,1133,692
8,1134,693
8,1135,923
8,1136,923
8,1137,846
8,1138,923
8,1139,923
8,1140,923
8,1141,847
8,1142,923
8,1143,923
8,1144,923
8,1145,693
8,1146,692
8,1147,692
8,1148,923
8,1149,923
8,1150,923
8,1151,923
8,1152,923
8,1153,923
8,1154,692
8,1155,923
8,1156,923
8,1157,923
8,1158,923
8,1159,693
8,1160,923
8,1161,846
8,1162,846
8,1163,923
8,1164,923
8,1165,923
8,1166,693
8,1167,693
8,1168,923
8,1169,923
8,1170,923
8,1171,846
8,1172,846
8,1173,923
8,1174,923
8,1175,692
8,1176,692
8,1177,923
8,1178,846
8,1179,923
8,1180,692
8,1181,693
8,1182,692
8,1183,923
8,1184,846
8,1185,847
8,1186,923
8,1187,923
8,1188,693
8,1189,693
8,1190,923
8,1191,923
8,1192,847
8,1193,846
8,1194,923
8,1195,923
8,1196,923
8,1197,923
8,1198,692
8,1199,923
8,1200,846
8,1201,1538
8,1202,923
8,1203,923
8,1204,923
8,1205,923
8,1206,692
8,1207,923
8,1208,846
8,1209,847
8,1210,846
8,1211,923
8,1212,923
8,1213,693
8,1214,923
8,1215,1461
8,1216,923
8,1217,923
8,1218,692
8,1219,923
8,1220,847
8,1221,923
8,1222,923
8,1223,693
8,1224,923
8,1225,923
8,1226,846
8,1227,924
8,1228,692
8,1229,923
8,1230,923
8,1231,923
8,1232,923
8,1233,692
8,1234,693
8,1235,923
8,1236,923
8,1237,923
8,1238,846
8,1239,923
8,1240,923
8,1241,693
8,1242,923
8,1243,846
8,1244,846
8,1245,923
8,1246,923
8,1247,692
8,1248,924
8,1249,923
8,1250,846
8,1251,923
8,1252,924
8,1253,923
8,1254,692
8,1255,923
8,1256,923
8,1257,846
8,1258,846
8,1259,923
8,1260,692
8,1261,692
8,1262,923
8,1263,923
8,1264,846
8,1265,923
8,1266,693
8,1267,692
8,1268,923
8,1269,923
8,1270,924
8,1271,846
8,1272,923
8,1273,923
8,1274,693
8,1275,923
8,1276,846
8,1277,847
8,1278,923
8,1279,923
8,1280,923
8,1281,846
8,1282,846
8,1283,846
8,1284,923
8,1285,923
8,1286,692
8,1287,923
8,1288,923
8,1289,846
8,1290,923
8,1291,923
8,1292,923
8,1293,692
8,1294,692
8,1295,693
8,1296,693
8,1297,923
8,1298,846
8,1299,847
8,1300,846
8,1301,846
8,1302,923
8,1303,923
8,1304,923
8,1305,692
8,1306,692
8,1307,923
8,1308,923
8,1309,923
8,1310,846
8,1311,923
8,1312,923
8,1313,692
8,1314,693
8,1315,693
8,1316,923
8,1317,846
8,1318,924
8,1319,692
8,1320,692
8,1321,692
8,1322,923
8,1323,846
8,1324,846
8,1325,846
8,1326,846
8,1327,923
8,1328,692
8,1329,923
8,1330,923
8,1331,846
8,1332,846
8,1333,847
8,1334,692
8,1335,692
8,1336,924
8,1337,923
8,1338,846
8,1339,846
8,1340,924
8,1341,923
8,1342,923
8,1343,923
8,1344,846
8,1345,846
8,1346,846
8,1347,923
8,1348,923
8,1349,692
8,1350,923
8,1351,923
8,1352,923
8,1353,923
8,1354,846
8,1355,847
8,1356,923
8,1357,923
8,1358,693
8,1359,923
8,1360,923
8,1361,846
8,1362,847
8,1363,923
8,1364,923
8,1365,692
8,1366,693
8,1367,692
8,1368,692
8,1369,923
8,1370,923
8,1371,846
8,1372,923
8,1373,923
8,1374,692
8,1375,692
8,1376,923
8,1377,924
8,1378,846
8,1379,846
8,1380,846
8,1381,847
8,1382,923
8,1383,923
8,1384,692
8,1385,693
8,1386,692
8,1387,692
8,1388,692
8,1389,923
8,1390,923
8,1391,923
8,1392,846
8,1393,847
8,1394,923
8,1395,692
8,1396,693
8,1397,693
8,1398,923
8,1399,923
8,1400,924
8,1401,923
8,1402,692
8,1403,692
8,1404,923
8,1405,923
8,1406,846
8,1407,923
8,1408,923
8,1409,692
8,1410,692
8,1411,923
8,1412,846
8,1413,923
8,1414,693
8,1415,923
8,1416,923
8,1417,846
8,1418,923
8,1419,923
8,1420,692
8,1421,693
8,1422,923
8,1423,846
8,1424,846
8,1425,924
8,1426,923
8,1427,923
8,1428,692
8,1429,693
8,1430,692
8,1431,923
8,1432,923
8,1433,846
8,1434,923
8,1435,923
8,1436,693
8,1437,692
8,1438,923
8,1439,923
8,1440,923
8,1441,923
8,1442,923
8,1443,693
8,1444,693
8,1445,923
8,1446,846
8,1447,847
8,1448,846
8,1449,923
8,1450,923
8,1451,923
8,1452,692
8,1453,923
8,1454,923
8,1455,923
8,1456,923
8,1457,692
8,1458,693
8,1459,692
8,1460,923
8,1461,923
8,1462,847
8,1463,923
8,1464,692
8,1465,693
8,1466,923
8,1467,923
8,1468,923
8,1469,924
8,1470,692
8,1471,692
8,1472,692
8,1473,693
8,1474,923
8,1475,923
8,1476,846
8,1477,846
8,1478,923
8,1479,923
8,1480,693
8,1481,923
8,1482,923
8,1483,923
8,1484,847
8,1485,846
8,1486,923
8,1487,924
8,1488,923
8,1489,923
8,1490,846
8,1491,847
8,1492,923
8,1493,923
8,1494,692
8,1495,923
8,1496,923
8,1497,923
8,1498,923
8,1499,846
8,1500,923
8,1501,692
8,1502,693
8,1503,923
8,1504,923
8,1505,923
8,1506,923
8,1507,923
8,1508,692
8,1509,693
8,1510,923
8,1511,923
8,1512,846
8,1513,924
8,1514,923
8,1515,692
8,1516,923
8,1517,923
8,1518,923
8,1519,923
8,1520,923
8,1521,692
8,1522,692
8,1523,923
8,1524,923
8,1525,923
8,1526,692
8,1527,693
8,1528,692
8,1529,692
8,1530,923
8,1531,924
8,1532,846
8,1533,923
8,1534,923
8,1535,924
8,1536,692
8,1537,692
8,1538,692
8,1539,923
8,1540,846
8,1541,846
8,1542,846
8,1543,923
8,1544,692
8,1545,923
8,1546,923
8,1547,923
8,1548,923
8,1549,923
8,1550,847
8,1551,923
8,1552,692
8,1553,693
8,1554,693
8,1555,923
8,1556,846
8,1557,847
8,1558,923
8,1559,692
8,1560,692
8,1561,923
8,1562,923
8,1563,846
8,1564,923
8,1565,923
8,1566,692
8,1567,692
8,1568,923
8,1569,923
8,1570,846
8,1571,923
8,1572,692
8,1573,692
8,1574,923
8,1575,924
8,1576,923
8,1577,923
8,1578,846
8,1579,924
8,1580,692
8,1581,692
8,1582,923
8,1583,923
8,1584,923
8,1585,923
8,1586,693
8,1587,923
8,1588,1154
8,1589,923
8,1590,923
8,1591,923
8,1592,692
8,1593,923
8,1594,923
8,1595,923
8,1596,923
8,1597,923
8,1598,692
8,1599,923
8,1600,923
8,1601,847
8,1602,846
8,1603,923
8,1604,693
8,1605,923
8,1606,846
8,1607,923
8,1608,693
8,1609,692
8,1610,923
8,1611,923
8,1612,846
8,1613,846
8,1614,923
8,1615,923
8,1616,692
8,1617,692
8,1618,923
8,1619,923
8,1620,923
8,1621,923
8,1622,693
8,1623,923
8,1624,846
8,1625,846
8,1626,923
8,1627,923
8,1628,692
8,1629,693
8,1630,923
8,1631,923
8,1632,923
8,1633,923
8,1634,846
8,1635,846
8,1636,923
8,1637,923
8,1638,692
8,1639,692
8,1640,692
8,1641,693
8,1642,692
8,1643,923
8,1644,846
8,1645,923
8,1646,923
8,1647,692
8,1648,924
8,1649,923
8,1650,846
8,1651,846
8,1652,924
8,1653,923
8,1654,923
8,1655,692
8,1656,693
8,1657,692
8,1658,923
8,1659,846
8,1660,923
8,1661,923
8,1662,692
8,1663,923
8,1664,923
8,1665,923
8,1666,846
8,1667,847
8,1668,923
8,1669,923
8,1670,693
8,1671,693
8,1672,692
8,1673,923
8,1674,923
8,1675,923
8,1676,923
8,1677,923
8,1678,693
8,1679,923
8,1680,846
8,1681,846
8,1682,846
8,1683,923
8,1684,923
8,1685,923
8,1686,923
8,1687,692
8,1688,923
8,1689,924
8,1690,846
8,1691,846
8,1692,923
8,1693,924
8,1694,692
8,1695,692
8,1696,923
8,1697,923
8,1698,923
8,1699,846
8,1700,923
8,1701,923
8,1702,692
8,1703,923
8,1704,923
8,1705,923
8,1706,846
8,1707,923
8,1708,923
8,1709,692
8,1710,923
8,1711,847
8,1712,846
8,1713,846
8,1714,923
8,1715,924
8,1716,692
8,1717,692
8,1718,923
8,1719,923
8,1720,846
8,1721,923
8,1722,923
8,1723,692
8,1724,692
8,1725,923
8,1726,923
8,1727,923
8,1728,846
8,1729,846
8,1730,923
8,1731,692
8,1732,923
8,1733,924
8,1734,846
8,1735,923
8,1736,923
8,1737,924
8,1738,692
8,1739,923
8,1740,923
8,1741,846
8,1742,923
8,1743,923
8,1744,693
8,1745,692
8,1746,923
8,1747,846
8,1748,846
8,1749,846
8,1750,923
8,1751,923
8,1752,692
8,1753,692
8,1754,923
8,1755,924
8,1756,923
8,1757,846
8,1758,923
8,1759,693
8,1760,692
8,1761,692
8,1762,692
8,1763,923
8,1764,846
8,1765,846
8,1766,923
8,1767,692
8,1768,923
8,1769,923
8,1770,923
8,1771,846
8,1772,846
8,1773,923
8,1774,923
8,1775,923
8,1776,923
8,1777,924
8,1778,923
8,1779,923
8,1780,693
8,1781,693
8,1782,923
8,1783,846
8,1784,847
8,1785,846
8,1786,846
8,1787,923
8,1788,693
8,1789,692
8,1790,923
8,1791,923
8,1792,846
8,1793,846
8,1794,846
8,1795,923
8,1796,692
8,1797,692
8,1798,923
8,1799,924
8,1800,923
8,1801,692
8,1802,693
8,1803,693
8,1804,923
8,1805,923
8,1806,847
8,1807,923
8,1808,923
8,1809,692
8,1810,693
8,1811,923
8,1812,923
8,1813,846
8,1814,846
8,1815,923
8,1816,692
8,1817,693
8,1818,923
8,1819,846
8,1820,923
8,1821,923
8,1822,692
8,1823,923
8,1824,847
8,1825,846
8,1826,846
8,1827,923
8,1828,924
8,1829,692
8,1830,692
8,1831,923
8,1832,923
8,1833,923
8,1834,846
8,1835,846
8,1836,846
8,1837,923
8,1838,692
8,1839,923
8,1840,846
8,1841,846
8,1842,846
8,1843,847
8,1844,923
8,1845,923
8,1846,923
8,1847,693
8,1848,923
8,1849,923
8,1850,847
8,1851,923
8,1852,923
8,1853,692
8,1854,693
8,1855,923
8,1856,846
8,1857,923
8,1858,692
8,1859,923
8,1860,692
8,1861,693
8,1862,923
8,1863,923
8,1864,846
8,1865,847
8,1866,923
8,1867,923
8,1868,924
8,1869,923
8,1870,923
8,1871,923
8,1872,693
8,1873,692
8,1874,923
8,1875,923
8,1876,846
8,1877,923
8,1878,923
8,1879,923
8,1880,692
8,1881,923
8,1882,923
8,1883,923
8,1884,923
8,1885,692
8,1886,923
8,1887,923
8,1888,846
8,1889,846
8,1890,847
8,1891,923
8,1892,923
8,1893,924
8,1894,846
8,1895,923
8,1896,923
8,1897,924
8,1898,692
8,1899,692
8,1900,692
8,1901,923
8,1902,923
8,1903,923
8,1904,923
8,1905,923
8,1906,692
8,1907,692
8,1908,923
8,1909,923
8,1910,846
8,1911,846
8,1912,847
8,1913,923
8,1914,923
8,1915,693
8,1916,693
8,1917,692
8,1918,923
8,1919,847
8,1920,846
8,1921,923
8,1922,923
8,1923,693
8,1924,923
8,1925,923
8,1926,846
8,1927,923
8,1928,923
8,1929,923
8,1930,693
8,1931,923
8,1932,923
8,1933,846
8,1934,923
8,1935,923
8,1936,923
8,1937,693
8,1938,923
8,1939,923
8,1940,846
8,1941,924
8,1942,923
8,1943,692
8,1944,692
8,1945,693
8,1946,923
8,1947,923
8,1948,923
8,1949,846
8,1950,923
8,1951,692
8,1952,693
8,1953,692
8,1954,923
8,1955,923
8,1956,923
8,1957,923
8,1958,692
8,1959,693
8,1960,1000
8,1961,923
8,1962,924
8,1963,923
8,1964,692
8,1965,923
8,1966,923
8,1967,923
8,1968,923
8,1969,693
8,1970,923
8,1971,923
8,1972,846
8,1973,846
8,1974,923
8,1975,692
8,1976,923
8,1977,923
8,1978,846
8,1979,846
8,1980,847
8,1981,923
8,1982,692
8,1983,924
8,1984,923
8,1985,846
8,1986,923
8,1987,924
8,1988,692
8,1989,692
8,1990,692
8,1991,846
8,1992,923
8,1993,923
8,1994,693
8,1995,692
8,1996,923
8,1997,923
8,1998,846
8,1999,923
8,2000,923
8,2001,923
8,2002,923
8,2003,846
8,2004,846
8,2005,847
8,2006,923
8,2007,923
8,2008,924
8,2009,923
8,2010,846
8,2011,923
8,2012,693
8,2013,692
8,2014,923
8,2015,923
8,2016,923
8,2017,923
8,2018,923
8,2019,693
8,2020,692
8,2021,923
8,2022,923
8,2023,923
8,2024,923
8,2025,692
8,2026,923
8,2027,923
8,2028,846
8,2029,846
8,2030,923
8,2031,923
8,2032,692
8,2033,693
8,2034,923
8,2035,923
8,2036,923
8,2037,924
8,2038,692
8,2039,923
8,2040,923
8,2041,846
8,2042,846
8,2043,923
8,2044,693
8,2045,692
8,2046,923
8,2047,923
8,2048,923
8,2049,923
8,2050,692
8,2051,693
8,2052,923
8,2053,923
8,2054,846
8,2055,847
8,2056,923
8,2057,692
8,2058,693
8,2059,923
8,2060,923
8,2061,846
8,2062,924
8,2063,692
8,2064,692
8,2065,923
8,2066,923
8,2067,846
8,2068,846
8,2069,846
8,2070,923
8,2071,923
8,2072,692
8,2073,923
8,2074,846
8,2075,846
8,2076,923
8,2077,923
8,2078,692
8,2079,923
8,2080,924
8,2081,846
8,2082,846
8,2083,923
8,2084,924
8,2085,692
8,2086,692
8,2087,923
8,2088,923
8,2089,846
8,2090,846
8,2091,923
8,2092,692
8,2093,923
8,2094,923
8,2095,923
8,2096,846
8,2097,923
8,2098,923
8,2099,692
8,2100,692
8,2101,692
8,2102,924
8,2103,923
8,2104,846
8,2105,923
8,2106,924
8,2107,692
8,2108,923
8,2109,923
8,2110,846
8,2111,923
8,2112,923
8,2113,693
8,2114,692
8,2115,923
8,2116,923
8,2117,923
8,2118,923
8,2119,846
8,2120,846
8,2121,923
8,2122,692
8,2123,923
8,2124,847
8,2125,846
8,2126,923
8,2127,693
8,2128,693
8,2129,923
8,2130,923
8,2131,847
8,2132,846
8,2133,846
8,2134,923
8,2135,693
8,2136,923
8,2137,923
8,2138,923
8,2139,846
8,2140,846
8,2141,923
8,2142,693
8,2143,692
8,2144,923
8,2145,923
8,2146,847
8,2147,923
8,2148,923
8,2149,693
8,2150,693
8,2151,692
8,2152,923
8,2153,923
8,2154,846
8,2155,923
8,2156,923
8,2157,923
8,2158,923
8,2159,692
8,2160,923
8,2161,923
8,2162,846
8,2163,923
8,2164,923
8,2165,923
8,2166,692
8,2167,923
8,2168,924
8,2169,923
8,2170,923
8,2171,693
8,2172,693
8,2173,923
8,2174,923
8,2175,924
8,2176,923
8,2177,692
8,2178,692
8,2179,923
8,2180,923
8,2181,846
8,2182,923
8,2183,923
8,2184,923
8,2185,692
8,2186,693
8,2187,923
8,2188,923
8,2189,846
8,2190,923
8,2191,923
8,2192,692
8,2193,693
8,2194,923
8,2195,846
8,2196,846
8,2197,924
8,2198,923
8,2199,692
8,2200,923
8,2201,923
8,2202,923
8,2203,846
8,2204,846
8,2205,846
8,2206,846
8,2207,923
8,2208,693
8,2209,923
8,2210,923
8,2211,923
8,2212,923
8,2213,923
8,2214,692
8,2215,693
8,2216,923
8,2217,846
8,2218,923
8,2219,924
8,2220,692
8,2221,692
8,2222,923
8,2223,923
8,2224,923
8,2225,846
8,2226,923
8,2227,923
8,2228,692
8,2229,923
8,2230,923
8,2231,846
8,2232,846
8,2233,846
8,2234,692
8,2235,923
8,2236,923
8,2237,847
8,2238,923
8,2239,923
8,2240,693
8,2241,923
8,2242,923
8,2243,846
8,2244,847
8,2245,923
8,2246,923
8,2247,923
8,2248,923
8,2249,692
8,2250,692
8,2251,923
8,2252,846
8,2253,846
8,2254,923
8,2255,693
8,2256,692
8,2257,692
8,2258,923
8,2259,847
8,2260,846
8,2261,846
8,2262,923
8,2263,924
8,2264,923
8,2265,692
8,2266,923
8,2267,846
8,2268,846
8,2269,923
8,2270,693
8,2271,692
8,2272,923
8,2273,923
8,2274,923
8,2275,846
8,2276,846
8,2277,923
8,2278,923
8,2279,692
8,2280,692
8,2281,924
8,2282,923
8,2283,846
8,2284,923
8,2285,924
8,2286,923
8,2287,692
8,2288,923
8,2289,846
8,2290,846
8,2291,846
8,2292,846
8,2293,923
8,2294,923
8,2295,923
8,2296,923
8,2297,923
8,2298,846
8,2299,846
8,2300,923
8,2301,923
8,2302,692
8,2303,693
8,2304,923
8,2305,923
8,2306,846
8,2307,924
8,2308,692
8,2309,692
8,2310,923
8,2311,923
8,2312,846
8,2313,846
8,2314,846
8,2315,923
8,2316,923
8,2317,692
8,2318,693
8,2319,923
8,2320,923
8,2321,923
8,2322,692
8,2323,692
8,2324,692
8,2325,924
8,2326,923
8,2327,923
8,2328,846
8,2329,847
8,2330,923
8,2331,923
8,2332,1154
8,2333,693
8,2334,923
8,2335,923
8,2336,923
8,2337,923
8,2338,692
8,2339,923
8,2340,847
8,2341,923
8,2342,923
8,2343,693
8,2344,923
8,2345,923
8,2346,923
8,2347,923
8,2348,923
8,2349,846
8,2350,847
8,2351,923
8,2352,692
8,2353,692
8,2354,693
8,2355,923
8,2356,923
8,2357,846
8,2358,846
8,2359,923
8,2360,692
8,2361,693
8,2362,923
8,2363,846
8,2364,846
8,2365,847
8,2366,846
8,2367,923
8,2368,923
8,2369,693
8,2370,692
8,2371,923
8,2372,923
8,2373,846
8,2374,923
8,2375,692
8,2376,923
8,2377,923
8,2378,846
8,2379,846
8,2380,923
8,2381,923
8,2382,692
8,2383,923
8,2384,923
8,2385,923
8,2386,923
8,2387,847
8,2388,923
8,2389,692
8,2390,924
8,2391,923
8,2392,923
8,2393,693
8,2394,693
8,2395,923
8,2396,923
8,2397,924
8,2398,692
8,2399,923
8,2400,847
8,2401,923
8,2402,923
8,2403,923
8,2404,923
8,2405,692
8,2406,923
8,2407,923
8,2408,923
8,2409,846
8,2410,846
8,2411,846
8,2412,847
8,2413,923
8,2414,692
8,2415,693
8,2416,693
8,2417,923
8,2418,846
8,2419,923
8,2420,846
8,2421,923
8,2422,923
8,2423,923
8,2424,923
8,2425,923
8,2426,923
8,2427,923
8,2428,923
8,2429,923
8,2430,693
8,2431,692
8,2432,923
8,2433,923
8,2434,847
8,2435,923
8,2436,923
8,2437,693
8,2438,923
8,2439,923
8,2440,923
8,2441,847
8,2442,846
8,2443,846
8,2444,923
8,2445,693
8,2446,692
8,2447,923
8,2448,846
8,2449,923
8,2450,923
8,2451,692
8,2452,923
8,2453,923
8,2454,846
8,2455,846
8,2456,847
8,2457,923
8,2458,923
8,2459,693
8,2460,693
8,2461,692
8,2462,923
8,2463,923
8,2464,846
8,2465,846
8,2466,846
8,2467,846
8,2468,923
8,2469,923
8,2470,692
8,2471,693
8,2472,923
8,2473,846
8,2474,846
8,2475,923
8,2476,923
8,2477,692
8,2478,693
8,2479,923
8,2480,923
8,2481,846
8,2482,924
8,2483,923
8,2484,692
8,2485,692
8,2486,923
8,2487,846
8,2488,846
8,2489,846
8,2490,923
8,2491,923
8,2492,923
8,2493,923
8,2494,923
8,2495,923
8,2496,846
8,2497,847
8,2498,923
8,2499,923
8,2500,693
8,2501,693
8,2502,923
8,2503,923
8,2504,847
8,2505,846
8,2506,923
8,2507,923
8,2508,693
8,2509,923
8,2510,923
8,2511,846
8,2512,923
8,2513,846
8,2514,923
8,2515,693
8,2516,692
8,2517,692
8,2518,923
8,2519,924
8,2520,846
8,2521,846
8,2522,923
8,2523,924
8,2524,923
8,2525,692
8,2526,923
8,2527,923
8,2528,846
8,2529,846
8,2530,923
8,2531,923
8,2532,923
8,2533,923
8,2534,846
8,2535,923
8,2536,923
8,2537,923
8,2538,692
8,2539,923
8,2540,923
8,2541,847
8,2542,923
8,2543,923
8,2544,693
8,2545,923
8,2546,923
8,2547,846
8,2548,924
8,2549,923
8,2550,692
8,2551,923
8,2552,923
8,2553,923
8,2554,846
8,2555,923
8,2556,923
8,2557,923
8,2558,692
8,2559,693
8,2560,923
8,2561,923
8,2562,846
8,2563,923
8,2564,923
8,2565,692
8,2566,924
8,2567,846
8,2568,923
8,2569,923
8,2570,693
8,2571,923
8,2572,846
8,2573,847
8,2574,923
8,2575,923
8,2576,692
8,2577,693
8,2578,1231
8,2579,846
8,2580,923
8,2581,923
8,2582,923
8,2583,923
8,2584,923
8,2585,692
8,2586,924
8,2587,846
8,2588,923
8,2589,923
8,2590,923
8,2591,923
8,2592,846
8,2593,847
8,2594,846
8,2595,923
8,2596,923
8,2597,693
8,2598,923
8,2599,846
8,2600,846
8,2601,923
8,2602,923
8,2603,923
8,2604,923
8,2605,923
8,2606,846
8,2607,846
8,2608,923
8,2609,692
8,2610,692
8,2611,693
8,2612,923
8,2613,923
8,2614,846
8,2615,924
8,2616,692
8,2617,692
8,2618,923
8,2619,923
8,2620,846
8,2621,846
8,2622,923
8,2623,923
8,2624,923
8,2625,923
8,2626,923
8,2627,846
8,2628,923
8,2629,923
8,2630,692
8,2631,923
8,2632,923
8,2633,847
8,2634,923
8,2635,923
8,2636,693
8,2637,693
8,2638,923
8,2639,846
8,2640,924
8,2641,923
8,2642,923
8,2643,692
8,2644,693
8,2645,923
8,2646,923
8,2647,846
8,2648,846
8,2649,923
8,2650,692
8,2651,693
8,2652,923
8,2653,923
8,2654,846
8,2655,923
8,2656,923
8,2657,692
8,2658,693
8,2659,923
8,2660,846
8,2661,846
8,2662,847
8,2663,923
8,2664,692
8,2665,692
8,2666,923
8,2667,923
8,2668,923
8,2669,923
8,2670,692
8,2671,923
8,2672,923
8,2673,846
8,2674,846
8,2675,923
8,2676,693
8,2677,692
8,2678,923
8,2679,846
8,2680,847
8,2681,846
8,2682,923
8,2683,923
8,2684,923
8,2685,923
8,2686,846
8,2687,924
8,2688,923
8,2689,692
8,2690,923
8,2691,846
8,2692,846
8,2693,923
8,2694,693
8,2695,923
8,2696,923
8,2697,846
8,2698,846
8,2699,923
8,2700,923
8,2701,923
8,2702,692
8,2703,923
8,2704,1000
8,2705,846
8,2706,846
8,2707,924
8,2708,692
8,2709,692
8,2710,923
8,2711,846
8,2712,923
8,2713,692
8,2714,923
8,2715,923
8,2716,846
8,2717,923
8,2718,923
8,2719,692
8,2720,692
8,2721,923
8,2722,923
8,2723,923
8,2724,923
8,2725,847
8,2726,923
8,2727,692
8,2728,693
8,2729,923
8,2730,923
8,2731,923
8,2732,693
8,2733,692
8,2734,923
8,2735,923
8,2736,846
8,2737,923
8,2738,692
8,2739,923
8,2740,923
8,2741,923
8,2742,846
8,2743,923
8,2744,692
8,2745,692
8,2746,923
8,2747,923
8,2748,923
8,2749,923
8,2750,923
8,2751,692
8,2752,923
8,2753,924
8,2754,923
8,2755,923
8,2756,846
8,2757,924
8,2758,692
8,2759,923
8,2760,847
8,2761,846
8,2762,846
8,2763,923
8,2764,693
8,2765,692
8,2766,923
8,2767,846
8,2768,923
8,2769,923
8,2770,692
8,2771,923
8,2772,923
8,2773,846
8,2774,846
8,2775,923
8,2776,923
8,2777,692
8,2778,924
8,2779,923
8,2780,846
8,2781,923
8,2782,924
8,2783,692
8,2784,923
8,2785,923
8,2786,923
8,2787,846
8,2788,923
8,2789,923
8,2790,923
8,2791,692
8,2792,692
8,2793,923
8,2794,923
8,2795,923
8,2796,846
8,2797,847
8,2798,923
8,2799,923
8,2800,693
8,2801,923
8,2802,846
8,2803,846
8,2804,847
8,2805,923
8,2806,923
8,2807,692
8,2808,923
8,2809,923
8,2810,923
8,2811,923
8,2812,923
8,2813,923
8,2814,692
8,2815,693
8,2816,923
8,2817,846
8,2818,923
8,2819,923
8,2820,692
8,2821,692
8,2822,924
8,2823,923
8,2824,846
8,2825,923
8,2826,924
8,2827,692
8,2828,692
8,2829,923
8,2830,923
8,2831,846
8,2832,923
8,2833,693
8,2834,692
8,2835,923
8,2836,923
8,2837,846
8,2838,846
8,2839,846
8,2840,923
8,2841,923
8,2842,692
8,2843,923
8,2844,924
8,2845,846
8,2846,923
8,2847,923
8,2848,924
8,2849,692
8,2850,923
8,2851,923
8,2852,923
8,2853,846
8,2854,846
8,2855,923
8,2856,923
8,2857,692
8,2858,923
8,2859,846
8,2860,846
8,2861,923
8,2862,923
8,2863,692
8,2864,923
8,2865,923
8,2866,847
8,2867,923
8,2868,692
8,2869,693
8,2870,693
8,2871,923
8,2872,923
8,2873,847
8,2874,846
8,2875,923
8,2876,923
8,2877,693
8,2878,692
8,2879,923
8,2880,846
8,2881,846
8,2882,923
8,2883,923
8,2884,693
8,2885,923
8,2886,846
8,2887,846
8,2888,923
8,2889,923
8,2890,692
8,2891,924
8,2892,923
8,2893,846
8,2894,923
8,2895,924
8,2896,692
8,2897,923
8,2898,923
8,2899,923
8,2900,923
8,2901,923
8,2902,693
8,2903,692
8,2904,923
8,2905,692
8,2906,923
8,2907,846
8,2908,846
8,2909,846
8,2910,923
8,2911,692
8,2912,923
8,2913,693
8,2914,923
8,2915,923
8,2916,923
8,2917,923
8,2918,846
8,2919,846
8,2920,923
8,2921,693
8,2922,692
8,2923,923
8,2924,923
8,2925,923
8,2926,846
8,2927,923
8,2928,923
8,2929,692
8,2930,923
8,2931,846
8,2932,847
8,2933,846
8,2934,923
8,2935,923
8,2936,923
8,2937,846
8,2938,846
8,2939,924
8,2940,692
8,2941,923
8,2942,923
8,2943,846
8,2944,846
8,2945,923
8,2946,693
8,2947,923
8,2948,923
8,2949,923
8,2950,846
8,2951,923
8,2952,923
8,2953,693
8,2954,923
8,2955,923
8,2956,846
8,2957,847
8,2958,923
8,2959,923
8,2960,693
8,2961,693
8,2962,692
8,2963,923
8,2964,847
8,2965,846
8,2966,846
8,2967,923
8,2968,923
8,2969,692
8,2970,692
8,2971,692
8,2972,923
8,2973,923
8,2974,846
8,2975,923
8,2976,923
8,2977,923
8,2978,692
8,2979,924
8,2980,923
8,2981,923
8,2982,846
8,2983,847
8,2984,923
8,2985,692
8,2986,692
8,2987,923
8,2988,846
8,2989,846
8,2990,923
8,2991,923
8,2992,692
8,2993,923
8,2994,923
8,2995,923
8,2996,846
8,2997,846
8,2998,923
8,2999,923
8,3000,923
8,3001,923
8,3002,923
8,3003,692
8,3004,693
8,3005,923
8,3006,923
8,3007,923
8,3008,847
8,3009,923
8,3010,692
8,3011,923
8,3012,846
8,3013,846
8,3014,846
8,3015,923
8,3016,692
8,3017,692
8,3018,692
8,3019,923
8,3020,846
8,3021,923
8,3022,923
8,3023,692
8,3024,923
8,3025,923
8,3026,924
8,3027,846
8,3028,846
8,3029,846
8,3030,924
8,3031,923
8,3032,692
8,3033,692
8,3034,923
8,3035,923
8,3036,846
8,3037,923
8,3038,923
8,3039,692
8,3040,923
8,3041,923
8,3042,846
8,3043,846
8,3044,923
8,3045,923
8,3046,692
8,3047,692
8,3048,924
8,3049,923
8,3050,923
8,3051,846
8,3052,847
8,3053,846
8,3054,923
8,3055,923
8,3056,923
8,3057,846
8,3058,846
8,3059,923
8,3060,692
8,3061,923
8,3062,846
8,3063,923
8,3064,692
8,3065,692
8,3066,923
8,3067,923
8,3068,846
8,3069,846
8,3070,923
8,3071,923
8,3072,923
8,3073,847
8,3074,846
8,3075,923
8,3076,923
8,3077,1000
8,3078,693
8,3079,923
8,3080,923
8,3081,693
8,3082,923
8,3083,846
8,3084,923
8,3085,923
8,3086,923
8,3087,846
8,3088,847
8,3089,923
8,3090,923
8,3091,693
8,3092,923
8,3093,923
8,3094,846
8,3095,924
8,3096,923
8,3097,923
8,3098,923
8,3099,923
8,3100,923
8,3101,692
8,3102,693
8,3103,923
8,3104,846
8,3105,846
8,3106,923
8,3107,923
8,3108,692
8,3109,923
8,3110,923
8,3111,923
8,3112,846
8,3113,847
8,3114,846
8,3115,923
8,3116,847
8,3117,923
8,3118,692
8,3119,924
8,3120,923
8,3121,846
8,3122,846
8,3123,924
8,3124,692
8,3125,923
8,3126,923
8,3127,923
8,3128,846
8,3129,923
8,3130,923
8,3131,923
8,3132,923
8,3133,923
8,3134,693
8,3135,923
8,3136,923
8,3137,846
8,3138,923
8,3139,923
8,3140,923
8,3141,693
8,3142,693
8,3143,923
8,3144,846
8,3145,847
8,3146,846
8,3147,923
8,3148,923
8,3149,693
8,3150,923
8,3151,923
8,3152,693
8,3153,692
8,3154,923
8,3155,923
8,3156,846
8,3157,923
8,3158,923
8,3159,693
8,3160,692
8,3161,692
8,3162,923
8,3163,923
8,3164,692
8,3165,692
8,3166,924
8,3167,846
8,3168,846
8,3169,923
8,3170,924
8,3171,923
8,3172,923
8,3173,923
8,3174,846
8,3175,846
8,3176,923
8,3177,923
8,3178,923
8,3179,923
8,3180,692
8,3181,923
8,3182,923
8,3183,923
8,3184,846
8,3185,847
8,3186,923
8,3187,923
8,3188,693
8,3189,923
8,3190,846
8,3191,846
8,3192,924
8,3193,923
8,3194,692
8,3195,692
8,3196,923
8,3197,923
8,3198,846
8,3199,846
8,3200,923
8,3201,923
8,3202,923
8,3203,923
8,3204,923
8,3205,923
8,3206,846
8,3207,923
8,3208,923
8,3209,923
8,3210,693
8,3211,923
8,3212,923
8,3213,923
8,3214,924
8,3215,692
8,3216,692
8,3217,923
8,3218,923
8,3219,846
8,3220,923
8,3221,693
8,3222,923
8,3223,846
8,3224,923
8,3225,923
8,3226,692
8,3227,692
8,3228,693
8,3229,923
8,3230,846
8,3231,923
8,3232,923
8,3233,692
8,3234,692
8,3235,693
8,3236,846
8,3237,846
8,3238,923
8,3239,924
8,3240,923
8,3241,923
8,3242,847
8,3243,923
8,3244,923
8,3245,692
8,3246,923
8,3247,923
8,3248,846
8,3249,846
8,3250,846
8,3251,923
8,3252,923
8,3253,693
8,3254,923
8,3255,923
8,3256,923
8,3257,847
8,3258,846
8,3259,923
8,3260,923
8,3261,923
8,3262,923
8,3263,923
8,3264,924
8,3265,692
8,3266,692
8,3267,923
8,3268,923
8,3269,846
8,3270,923
8,3271,923
8,3272,692
8,3273,692
8,3274,692
8,3275,923
8,3276,923
8,3277,846
8,3278,923
8,3279,923
8,3280,923
8,3281,846
8,3282,923
8,3283,923
8,3284,692
8,3285,924
8,3286,923
8,3287,846
8,3288,923
8,3289,924
8,3290,923
8,3291,923
8,3292,692
8,3293,693
8,3294,923
8,3295,846
8,3296,923
8,3297,923
8,3298,692
8,3299,923
8,3300,923
8,3301,846
8,3302,923
8,3303,923
8,3304,923
8,3305,692
8,3306,692
8,3307,693
8,3308,923
8,3309,923
8,3310,923
8,3311,693
8,3312,923
8,3313,923
8,3314,847
8,3315,846
8,3316,923
8,3317,692
8,3318,693
8,3319,923
8,3320,846
8,3321,923
8,3322,923
8,3323,692
8,3324,923
8,3325,846
8,3326,923
8,3327,923
8,3328,693
8,3329,923
8,3330,846
8,3331,846
8,3332,923
8,3333,923
8,3334,692
8,3335,924
8,3336,846
8,3337,846
8,3338,846
8,3339,924
8,3340,923
8,3341,923
8,3342,847
8,3343,846
8,3344,923
8,3345,923
8,3346,693
8,3347,923
8,3348,923
8,3349,846
8,3350,846
8,3351,923
8,3352,923
8,3353,693
8,3354,692
8,3355,923
8,3356,923
8,3357,847
8,3358,923
8,3359,692
8,3360,693
8,3361,923
8,3362,923
8,3363,846
8,3364,924
8,3365,923
8,3366,692
8,3367,923
8,3368,923
8,3369,846
8,3370,846
8,3371,923
8,3372,923
8,3373,692
8,3374,923
8,3375,846
8,3376,923
8,3377,923
8,3378,693
8,3379,923
8,3380,923
8,3381,923
8,3382,847
8,3383,923
8,3384,692
8,3385,693
8,3386,693
8,3387,923
8,3388,923
8,3389,847
8,3390,923
8,3391,923
8,3392,692
8,3393,693
8,3394,923
8,3395,923
8,3396,846
8,3397,923
8,3398,923
8,3399,692
8,3400,693
8,3401,923
8,3402,923
8,3403,846
8,3404,923
8,3405,923
8,3406,923
8,3407,923
8,3408,692
8,3409,692
8,3410,924
8,3411,923
8,3412,846
8,3413,923
8,3414,924
8,3415,923
8,3416,923
8,3417,847
8,3418,923
8,3419,923
8,3420,923
8,3421,693
8,3422,923
8,3423,846
8,3424,846
8,3425,923
8,3426,923
8,3427,923
8,3428,693
8,3429,923
8,3430,923
8,3431,1000
8,3432,923
8,3433,692
8,3434,692
8,3435,924
8,3436,846
8,3437,846
8,3438,923
8,3439,693
8,3440,692
8,3441,692
8,3442,923
8,3443,923
8,3444,923
8,3445,692
8,3446,923
8,3447,846
8,3448,923
8,3449,1000
8,3450,923
8,3451,923
8,3452,923
8,3453,923
8,3454,846
8,3455,923
8,3456,923
8,3457,923
8,3458,846
8,3459,923
8,3460,923
8,3461,923
8,3462,847
8,3463,923
8,3464,692
8,3465,924
8,3466,846
8,3467,923
8,3468,693
8,3469,923
8,3470,846
8,3471,923
8,3472,924
8,3473,692
8,3474,923
8,3475,923
8,3476,923
8,3477,846
8,3478,846
8,3479,923
8,3480,923
8,3481,923
8,3482,846
8,3483,923
8,3484,692
8,3485,692
8,3486,923
8,3487,923
8,3488,846
8,3489,923
8,3490,692
8,3491,923
8,3492,846
8,3493,923
8,3494,923
8,3495,923
8,3496,693
8,3497,923
8,3498,846
8,3499,923
8,3500,693
8,3501,692
8,3502,923
8,3503,923
8,3504,846
8,3505,846
8,3506,923
8,3507,923
8,3508,692
8,3509,923
8,3510,846
8,3511,846
8,3512,846
8,3513,923
8,3514,693
8,3515,923
8,3516,846
8,3517,846
8,3518,923
8,3519,692
8,3520,923
8,3521,847
8,3522,923
8,3523,923
8,3524,693
8,3525,923
8,3526,846
8,3527,846
8,3528,924
8,3529,923
8,3530,692
8,3531,692
8,3532,923
8,3533,846
8,3534,923
8,3535,693
8,3536,923
8,3537,846
8,3538,846
8,3539,923
8,3540,692
8,3541,923
8,3542,923
8,3543,923
8,3544,923
8,3545,923
8,3546,692
8,3547,923
8,3548,923
8,3549,847
8,3550,923
8,3551,692
8,3552,924
8,3553,846
8,3554,923
8,3555,924
8,3556,923
8,3557,846
8,3558,846
8,3559,847
8,3560,923
8,3561,923
8,3562,692
8,3563,693
8,3564,923
8,3565,923
8,3566,846
8,3567,923
8,3568,923
8,3569,692
8,3570,923
8,3571,923
8,3572,846
8,3573,846
8,3574,923
8,3575,923
8,3576,692
8,3577,693
8,3578,923
8,3579,846
8,3580,923
8,3581,924
8,3582,692
8,3583,923
8,3584,923
8,3585,846
8,3586,923
8,3587,923
8,3588,693
8,3589,692
8,3590,923
8,3591,923
8,3592,846
8,3593,923
8,3594,923
8,3595,693
8,3596,923
8,3597,923
8,3598,846
8,3599,923
8,3600,923
8,3601,692
8,3602,924
8,3603,846
8,3604,923
8,3605,923
8,3606,693
8,3607,923
8,3608,923
8,3609,847
8,3610,923
8,3611,923
8,3612,692
8,3613,923
8,3614,846
8,3615,846
8,3616,923
8,3617,923
8,3618,692
8,3619,923
8,3620,923
8,3621,923
8,3622,692
8,3623,923
8,3624,692
8,3625,923
8,3626,923
8,3627,847
8,3628,923
8,3629,923
8,3630,693
8,3631,923
8,3632,846
8,3633,923
8,3634,924
8,3635,692
8,3636,692
8,3637,923
8,3638,846
8,3639,846
8,3640,923
8,3641,923
8,3642,692
8,3643,923
8,3644,923
8,3645,846
8,3646,846
8,3647,923
8,3648,923
8,3649,692
8,3650,923
8,3651,923
8,3652,847
8,3653,923
8,3654,923
8,3655,693
8,3656,923
8,3657,923
8,3658,846
8,3659,924
8,3660,923
8,3661,923
8,3662,692
8,3663,923
8,3664,923
8,3665,923
8,3666,923
8,3667,692
8,3668,923
8,3669,923
8,3670,923
8,3671,846
8,3672,923
8,3673,923
8,3674,692
8,3675,923
8,3676,923
8,3677,847
8,3678,923
8,3679,1231
8,3680,923
8,3681,923
8,3682,924
8,3683,923
8,3684,923
8,3685,923
8,3686,846
8,3687,923
8,3688,923
8,3689,923
8,3690,846
8,3691,923
8,3692,923
8,3693,923
8,3694,923
8,3695,923
8,3696,692
8,3697,692
8,3698,923
8,3699,846
8,3700,923
8,3701,923
8,3702,693
8,3703,923
8,3704,846
8,3705,846
8,3706,923
8,3707,692
8,3708,923
8,3709,924
8,3710,846
8,3711,846
8,3712,923
8,3713,693
8,3714,923
8,3715,923
8,3716,924
8,3717,923
8,3718,692
8,3719,923
8,3720,923
8,3721,846
8,3722,923
8,3723,923
8,3724,923
8,3725,846
8,3726,846
8,3727,923
8,3728,923
8,3729,692
8,3730,923
8,3731,846
8,3732,846
8,3733,846
8,3734,923
8,3735,923
8,3736,923
8,3737,847
8,3738,923
8,3739,923
8,3740,693
8,3741,923
8,3742,846
8,3743,923
8,3744,693
8,3745,923
8,3746,846
8,3747,847
8,3748,846
8,3749,846
8,3750,923
8,3751,923
8,3752,692
8,3753,692
8,3754,923
8,3755,846
8,3756,923
8,3757,923
8,3758,693
8,3759,692
8,3760,923
8,3761,923
8,3762,923
8,3763,1154
8,3764,923
8,3765,847
8,3766,846
8,3767,923
8,3768,923
8,3769,693
8,3770,923
8,3771,923
8,3772,847
8,3773,846
8,3774,923
8,3775,923
8,3776,923
8,3777,846
8,3778,923
8,3779,923
8,3780,692
8,3781,692
8,3782,923
8,3783,923
8,3784,846
8,3785,923
8,3786,693
8,3787,692
8,3788,692
8,3789,923
8,3790,847
8,3791,923
8,3792,692
8,3793,924
8,3794,846
8,3795,846
8,3796,846
8,3797,847
8,3798,923
8,3799,923
8,3800,923
8,3801,923
8,3802,846
8,3803,923
8,3804,693
8,3805,692
8,3806,923
8,3807,923
8,3808,923
8,3809,923
8,3810,692
8,3811,923
8,3812,923
8,3813,846
8,3814,846
8,3815,847
8,3816,923
8,3817,923
8,3818,693
8,3819,923
8,3820,923
8,3821,1000
8,3822,923
8,3823,923
8,3824,1615
8,3825,1231
8,3826,846
8,3827,923
8,3828,1154
8,3829,923
8,3830,923
8,3831,692
8,3832,923
8,3833,923
8,3834,923
8,3835,846
8,3836,923
8,3837,923
8,3838,923
8,3839,923
8,3840,692
8,3841,923
8,3842,846
8,3843,846
8,3844,923
8,3845,923
8,3846,692
8,3847,923
8,3848,923
8,3849,846
8,3850,846
8,3851,923
8,3852,923
8,3853,692
8,3854,923
8,3855,924
8,3856,923
8,3857,923
8,3858,693
8,3859,923
8,3860,846
8,3861,923
8,3862,924
8,3863,923
8,3864,692
8,3865,923
8,3866,923
8,3867,846
8,3868,923
8,3869,923
8,3870,692
8,3871,923
8,3872,923
8,3873,846
8,3874,846
8,3875,923
8,3876,693
8,3877,692
8,3878,923
8,3879,923
8,3880,847
8,3881,923
8,3882,692
8,3883,924
8,3884,923
8,3885,923
8,3886,923
8,3887,693
8,3888,923
8,3889,923
8,3890,847
8,3891,846
8,3892,923
8,3893,923
8,3894,923
8,3895,923
8,3896,923
8,3897,693
8,3898,692
8,3899,923
8,3900,923
8,3901,923
8,3902,923
8,3903,923
8,3904,693
8,3905,923
8,3906,923
8,3907,846
8,3908,847
8,3909,923
8,3910,692
8,3911,924
8,3912,846
8,3913,923
8,3914,693
8,3915,923
8,3916,923
8,3917,923
8,3918,847
8,3919,923
8,3920,692
8,3921,923
8,3922,846
8,3923,923
8,3924,923
8,3925,693
8,3926,923
8,3927,923
8,3928,846
8,3929,923
8,3930,923
8,3931,692
8,3932,923
8,3933,846
8,3934,923
8,3935,923
8,3936,692
8,3937,923
8,3938,923
8,3939,847
8,3940,923
8,3941,923
8,3942,693
8,3943,693
8,3944,692
8,3945,923
8,3946,923
8,3947,846
8,3948,923
8,3949,923
8,3950,923
8,3951,923
8,3952,846
8,3953,923
8,3954,923
8,3955,923
8,3956,692
8,3957,923
8,3958,923
8,3959,846
8,3960,846
8,3961,923
8,3962,923
8,3963,692
8,3964,924
8,3965,923
8,3966,846
8,3967,923
8,3968,693
8,3969,692
8,3970,923
8,3971,923
8,3972,846
8,3973,923
8,3974,692
8,3975,693
8,3976,923
8,3977,923
8,3978,1461
8,3979,923
8,3980,1000
8,3981,923
8,3982,923
8,3983,1000
8,3984,1000
8,3985,923
8,3986,923
8,3987,923
8,3988,924
8,3989,923
8,3990,923
8,3991,924
8,3992,923
8,3993,923
8,3994,2539
8,3995,923
8,3996,923
8,3997,923
8,3998,923
8,3999,923
8,4000,923
8,4001,923
8,4002,923
8,4003,693
8,4004,692
8,4005,923
8,4006,923
8,4007,923
8,4008,923
8,4009,692
8,4010,693
8,4011,923
8,4012,846
8,4013,846
8,4014,847
8,4015,923
8,4016,923
8,4017,693
8,4018,693
8,4019,923
8,4020,846
8,4021,924
8,4022,923
8,4023,692
8,4024,692
8,4025,923
8,4026,923
8,4027,923
8,4028,923
8,4029,923
8,4030,846
8,4031,846
8,4032,923
8,4033,923
8,4034,692
8,4035,923
8,4036,846
8,4037,846
8,4038,923
8,4039,923
8,4040,923
8,4041,692
8,4042,924
8,4043,846
8,4044,923
8,4045,693
8,4046,693
8,4047,923
8,4048,923
8,4049,847
8,4050,923
8,4051,923
8,4052,692
8,4053,693
8,4054,692
8,4055,692
8,4056,692
8,4057,923
8,4058,846
8,4059,846
8,4060,923
8,4061,923
8,4062,692
8,4063,923
8,4064,847
8,4065,846
8,4066,923
8,4067,924
8,4068,923
8,4069,846
8,4070,846
8,4071,847
8,4072,846
8,4073,923
8,4074,1000
8,4075,846
8,4076,923
8,4077,693
8,4078,923
8,4079,923
8,4080,923
8,4081,923
8,4082,692
8,4083,692
8,4084,693
8,4085,923
8,4086,846
8,4087,846
8,4088,923
8,4089,923
8,4090,692
8,4091,924
8,4092,846
8,4093,846
8,4094,923
8,4095,924
8,4096,692
8,4097,692
8,4098,923
8,4099,923
8,4100,846
8,4101,923
8,4102,923
8,4103,923
8,4104,923
8,4105,923
8,4106,923
8,4107,923
8,4108,692
8,4109,693
8,4110,692
8,4111,923
8,4112,923
8,4113,847
8,4114,846
8,4115,846
8,4116,846
8,4117,924
8,4118,692
8,4119,692
8,4120,923
8,4121,846
8,4122,923
8,4123,923
8,4124,693
8,4125,692
8,4126,923
8,4127,923
8,4128,923
8,4129,846
8,4130,846
8,4131,923
8,4132,923
8,4133,692
8,4134,923
8,4135,924
8,4136,846
8,4137,846
8,4138,923
8,4139,924
8,4140,692
8,4141,923
8,4142,847
8,4143,923
8,4144,692
8,4145,923
8,4146,923
8,4147,846
8,4148,923
8,4149,923
8,4150,692
8,4151,923
8,4152,923
8,4153,923
8,4154,846
8,4155,923
8,4156,693
8,4157,692
8,4158,692
8,4159,923
8,4160,924
8,4161,846
8,4162,923
8,4163,693
8,4164,693
8,4165,923
8,4166,923
8,4167,847
8,4168,846
8,4169,923
8,4170,692
8,4171,923
8,4172,846
8,4173,846
8,4174,923
8,4175,923
8,4176,692
8,4177,692
8,4178,923
8,4179,846
8,4180,846
8,4181,923
8,4182,923
8,4183,692
8,4184,923
8,4185,924
8,4186,846
8,4187,923
8,4188,693
8,4189,693
8,4190,923
8,4191,923
8,4192,1538
8,4193,923
8,4194,923
8,4195,923
8,4196,923
8,4197,923
8,4198,1231
8,4199,1154
8,4200,1000
8,4201,1000
8,4202,923
8,4203,923
8,4204,1000
8,4205,1154
8,4206,923
8,4207,923
8,4208,923
8,4209,923
8,4210,692
8,4211,923
8,4212,923
8,4213,924
8,4214,923
8,4215,923
8,4216,847
8,4217,923
8,4218,923
8,4219,924
8,4220,923
8,4221,923
8,4222,846
8,4223,924
8,4224,923
8,4225,692
8,4226,923
8,4227,923
8,4228,846
8,4229,846
8,4230,923
8,4231,923
8,4232,923
8,4233,846
8,4234,923
8,4235,923
8,4236,692
8,4237,923
8,4238,923
8,4239,923
8,4240,693
8,4241,923
8,4242,923
8,4243,923
8,4244,923
8,4245,692
8,4246,923
8,4247,847
8,4248,846
8,4249,923
8,4250,923
8,4251,923
8,4252,923
8,4253,846
8,4254,847
8,4255,923
8,4256,923
8,4257,692
8,4258,923
8,4259,923
8,4260,846
8,4261,923
8,4262,692
8,4263,692
8,4264,923
8,4265,923
8,4266,846
8,4267,923
8,4268,693
8,4269,692
8,4270,923
8,4271,923
8,4272,924
8,4273,846
8,4274,846
8,4275,923
8,4276,693
8,4277,692
8,4278,692
8,4279,692
8,4280,923
8,4281,923
8,4282,923
8,4283,923
8,4284,692
8,4285,923
8,4286,923
8,4287,846
8,4288,923
8,4289,923
8,4290,923
8,4291,923
8,4292,923
8,4293,923
8,4294,847
8,4295,846
8,4296,923
8,4297,1924
8,4298,923
8,4299,923
8,4300,923
8,4301,846
8,4302,846
8,4303,924
8,4304,923
8,4305,692
8,4306,923
8,4307,923
8,4308,846
8,4309,846
8,4310,923
8,4311,692
8,4312,923
8,4313,923
8,4314,846
8,4315,846
8,4316,923
8,4317,923
8,4318,923
8,4319,923
8,4320,923
8,4321,847
8,4322,846
8,4323,923
8,4324,693
8,4325,693
8,4326,923
8,4327,846
8,4328,924
8,4329,923
8,4330,692
8,4331,692
8,4332,693
8,4333,923
8,4334,846
8,4335,923
8,4336,692
8,4337,923
8,4338,923
8,4339,923
8,4340,846
8,4341,846
8,4342,923
8,4343,692
8,4344,692
8,4345,923
8,4346,924
8,4347,923
8,4348,846
8,4349,846
8,4350,924
8,4351,692
8,4352,923
8,4353,923
8,4354,846
8,4355,846
8,4356,846
8,4357,846
8,4358,923
8,4359,692
8,4360,923
8,4361,923
8,4362,846
8,4363,846
8,4364,923
8,4365,692
8,4366,692
8,4367,923
8,4368,847
8,4369,923
8,4370,923
8,4371,693
8,4372,693
8,4373,923
8,4374,923
8,4375,923
8,4376,846
8,4377,846
8,4378,846
8,4379,923
8,4380,692
8,4381,692
8,4382,923
8,4383,846
8,4384,923
8,4385,692
8,4386,693
8,4387,692
8,4388,692
8,4389,923
8,4390,924
8,4391,846
8,4392,923
8,4393,923
8,4394,693
8,4395,692
8,4396,923
8,4397,923
8,4398,846
8,4399,923
8,4400,923
8,4401,923
8,4402,923
8,4403,846
8,4404,846
8,4405,923
8,4406,923
8,4407,692
8,4408,693
8,4409,692
8,4410,923
8,4411,923
8,4412,923
8,4413,923
8,4414,692
8,4415,924
8,4416,923
8,4417,923
8,4418,846
8,4419,847
8,4420,923
8,4421,923
8,4422,692
8,4423,923
8,4424,846
8,4425,846
8,4426,923
8,4427,692
8,4428,923
8,4429,846
8,4430,923
8,4431,923
8,4432,923
8,4433,923
8,4434,846
8,4435,923
8,4436,923
8,4437,923
8,4438,692
8,4439,923
8,4440,847
8,4441,923
8,4442,923
8,4443,693
8,4444,923
8,4445,923
8,4446,846
8,4447,924
8,4448,692
8,4449,692
8,4450,847
8,4451,846
8,4452,923
8,4453,923
8,4454,693
8,4455,692
8,4456,923
8,4457,846
8,4458,846
8,4459,923
8,4460,923
8,4461,923
8,4462,923
8,4463,923
8,4464,923
8,4465,923
8,4466,692
8,4467,923
8,4468,693
8,4469,693
8,4470,923
8,4471,923
8,4472,847
8,4473,846
8,4474,923
8,4475,923
8,4476,693
8,4477,923
8,4478,923
8,4479,846
8,4480,923
8,4481,923
8,4482,692
8,4483,923
8,4484,846
8,4485,846
8,4486,846
8,4487,923
8,4488,923
8,4489,692
8,4490,924
8,4491,846
8,4492,923
8,4493,693
8,4494,693
8,4495,923
8,4496,923
8,4497,924
8,4498,923
8,4499,692
8,4500,692
8,4501,693
8,4502,923
8,4503,923
8,4504,923
8,4505,923
8,4506,923
8,4507,692
8,4508,693
8,4509,692
8,4510,923
8,4511,923
8,4512,923
8,4513,692
8,4514,692
8,4515,693
8,4516,923
8,4517,923
8,4518,846
8,4519,847
8,4520,923
8,4521,692
8,4522,692
8,4523,923
8,4524,923
8,4525,846
8,4526,923
8,4527,923
8,4528,692
8,4529,923
8,4530,923
8,4531,846
8,4532,846
8,4533,923
8,4534,923
8,4535,692
8,4536,923
8,4537,924
8,4538,846
8,4539,846
8,4540,846
8,4541,924
8,4542,923
8,4543,923
8,4544,847
8,4545,846
8,4546,923
8,4547,923
8,4548,693
8,4549,692
8,4550,923
8,4551,923
8,4552,923
8,4553,846
8,4554,846
8,4555,846
8,4556,923
8,4557,692
8,4558,692
8,4559,924
8,4560,846
8,4561,846
8,4562,693
8,4563,693
8,4564,1231
8,4565,923
8,4566,923
8,4567,846
8,4568,923
8,4569,923
8,4570,923
8,4571,923
8,4572,923
8,4573,1000
8,4574,923
8,4575,923
8,4576,923
8,4577,846
8,4578,923
8,4579,923
8,4580,923
8,4581,846
8,4582,923
8,4583,923
8,4584,923
8,4585,923
8,4586,923
8,4587,923
8,4588,923
8,4589,923
8,4590,923
8,4591,923
8,4592,693
8,4593,923
8,4594,846
8,4595,923
8,4596,923
8,4597,923
8,4598,846
8,4599,923
8,4600,923
8,4601,923
8,4602,693
8,4603,923
8,4604,923
8,4605,846
8,4606,924
8,4607,923
8,4608,692
8,4609,923
8,4610,923
8,4611,923
8,4612,692
8,4613,693
8,4614,923
8,4615,923
8,4616,923
8,4617,846
8,4618,923
8,4619,923
8,4620,923
8,4621,846
8,4622,923
8,4623,923
8,4624,923
8,4625,923
8,4626,923
8,4627,923
8,4628,923
8,4629,692
8,4630,924
8,4631,923
8,4632,923
8,4633,924
8,4634,923
8,4635,846
8,4636,923
8,4637,693
8,4638,923
8,4639,923
8,4640,923
8,4641,846
8,4642,923
8,4643,923
8,4644,693
8,4645,692
8,4646,846
8,4647,846
8,4648,846
8,4649,846
8,4650,923
8,4651,693
8,4652,923
8,4653,846
8,4654,923
8,4655,923
8,4656,923
8,4657,923
8,4658,847
8,4659,846
8,4660,923
8,4661,923
8,4662,923
8,4663,923
8,4664,846
8,4665,847
8,4666,846
8,4667,923
8,4668,692
8,4669,693
8,4670,923
8,4671,846
8,4672,846
8,4673,846
8,4674,923
8,4675,923
8,4676,923
8,4677,846
8,4678,923
8,4679,693
8,4680,692
8,4681,692
8,4682,692
8,4683,924
8,4684,846
8,4685,846
8,4686,846
8,4687,924
8,4688,923
8,4689,923
8,4690,846
8,4691,846
8,4692,846
8,4693,692
8,4694,692
8,4695,692
8,4696,693
8,4697,847
8,4698,846
8,4699,923
8,4700,923
8,4701,693
8,4702,692
8,4703,923
8,4704,846
8,4705,846
8,4706,923
8,4707,923
8,4708,693
8,4709,692
8,4710,923
8,4711,846
8,4712,847
8,4713,846
8,4714,923
8,4715,923
8,4716,924
8,4717,692
8,4718,923
8,4719,923
8,4720,846
8,4721,846
8,4722,923
8,4723,923
8,4724,692
8,4725,692
8,4726,923
8,4727,923
8,4728,923
8,4729,846
8,4730,846
8,4731,923
8,4732,692
8,4733,923
8,4734,923
8,4735,847
8,4736,846
8,4737,692
8,4738,846
8,4739,692
8,4740,846
8,4741,692
8,4742,615
8,4743,615
8,4744,615
8,4745,615
8,4746,846
8,4747,615
8,4748,615
8,4749,615
8,4750,692
8,4751,616
8,4752,616
8,4753,616
8,4754,616
8,4755,616
8,4756,846
8,4757,616
8,4758,616
8,4759,615
8,4760,615
8,4761,615
8,4762,615
8,4763,615
8,4764,692
8,4765,615
8,4766,615
8,4767,615
8,4768,616
8,4769,616
8,4770,616
8,4771,616
8,4772,616
8,4773,615
8,4774,615
8,4775,615
8,4776,615
8,4777,846
8,4778,615
8,4779,615
8,4780,615
8,4781,615
8,4782,615
8,4783,615
8,4784,616
8,4785,616
8,4786,693
8,4787,616
8,4788,616
8,4789,616
8,4790,615
8,4791,615
8,4792,846
8,4793,846
8,4794,615
8,4795,615
8,4796,615
8,4797,615
8,4798,615
8,4799,615
8,4800,615
8,4801,616
8,4802,693
8,4803,616
8,4804,616
8,4805,616
8,4806,616
8,4807,615
8,4808,615
8,4809,615
8,4810,846
8,4811,615
8,4812,615
8,4813,615
8,4814,615
8,4815,615
8,4816,615
8,4817,615
8,4818,692
8,4819,616
8,4820,616
8,4821,616
8,4822,616
8,4823,616
8,4824,616
8,4825,616
8,4826,616
8,4827,615
8,4828,615
8,4829,615
8,4830,615
8,4831,615
8,4832,615
8,4833,615
8,4834,615
8,4835,615
8,4836,615
8,4837,615
8,4838,615
8,4839,616
8,4840,616
8,4841,616
8,4842,616
8,4843,693
8,4844,616
8,4845,615
8,4846,615
8,4847,615
8,4848,615
8,4849,615
8,4850,846
8,4851,615
8,4852,615
8,4853,615
8,4854,692
8,4855,615
8,4856,615
8,4857,616
8,4858,616
8,4859,616
8,4860,847
8,4861,616
8,4862,616
8,4863,616
8,4864,616
8,4865,18230
8,4866,847
8,4867,616
8,4868,693
8,4869,846
8,4870,616
8,4871,693
8,4872,616
8,4873,616
8,4874,847
8,4875,693
8,4876,616
8,4877,616
8,4878,847
8,4879,616
8,4880,616
8,4881,616
8,4882,616
8,4883,615
8,4884,692
8,4885,615
8,4886,615
8,4887,615
8,4888,615
8,4889,846
8,4890,615
8,4891,615
8,4892,615
8,4893,615
8,4894,615
8,4895,616
8,4896,616
8,4897,693
8,4898,616
8,4899,616
8,4900,616
8,4901,615
8,4902,615
8,4903,615
8,4904,615
8,4905,615
8,4906,846
8,4907,846
8,4908,615
8,4909,615
8,4910,615
8,4911,615
8,4912,616
8,4913,616
8,4914,616
8,4915,1462
8,4916,692
8,4917,615
8,4918,1231
8,4919,847
8,4920,693
8,4921,616
8,4922,616
8,4923,616
8,4924,846
8,4925,616
8,4926,616
8,4927,615
8,4928,615
8,4929,615
8,4930,615
8,4931,692
8,4932,615
8,4933,538
8,4934,538
8,4935,616
8,4936,1230
8,4937,692
8,4938,846
8,4939,692
8,4940,846
8,4941,693
8,4942,924
8,4943,616
8,4944,846
8,4945,692
8,4946,846
8,4947,692
8,4948,615
8,4949,846
8,4950,615
8,4951,692
8,4952,615
8,4953,846
8,4954,615
8,4955,615
8,4956,692
8,4957,615
8,4958,616
8,4959,616
8,4960,846
8,4961,616
8,4962,616
8,4963,616
8,4964,616
8,4965,616
8,4966,616
8,4967,846
8,4968,616
8,4969,616
8,4970,616
8,4971,615
8,4972,615
8,4973,615
8,4974,615
8,4975,846
8,4976,615
8,4977,615
8,4978,615
8,4979,615
8,4980,615
8,4981,615
8,4982,615
8,4983,616
8,4984,616
8,4985,616
8,4986,616
8,4987,847
8,4988,616
8,4989,616
8,4990,616
8,4991,615
8,4992,615
8,4993,615
8,4994,615
8,4995,692
8,4996,615
8,4997,615
8,4998,615
8,4999,615
8,5000,616
8,5001,616
8,5002,616
8,5003,616
8,5004,847
8,5005,616
8,5006,616
8,5007,616
8,5008,615
8,5009,615
8,5010,615
8,5011,692
8,5012,615
8,5013,538
8,5014,615
8,5015,615
8,5016,615
8,5017,616
8,5018,616
8,5019,616
8,5020,616
8,5021,616
8,5022,615
8,5023,615
8,5024,615
8,5025,615
8,5026,846
8,5027,615
8,5028,615
8,5029,615
8,5030,615
8,5031,615
8,5032,615
8,5033,616
8,5034,616
8,5035,616
8,5036,616
8,5037,616
8,5038,616
8,5039,615
8,5040,615
8,5041,615
8,5042,846
8,5043,615
8,5044,615
8,5045,615
8,5046,615
8,5047,615
8,5048,615
8,5049,615
8,5050,616
8,5051,693
8,5052,616
8,5053,616
8,5054,616
8,5055,616
8,5056,615
8,5057,615
8,5058,615
8,5059,615
8,5060,615
8,5061,615
8,5062,615
8,5063,846
8,5064,615
8,5065,615
8,5066,615
8,5067,616
8,5068,616
8,5069,616
8,5070,693
8,5071,616
8,5072,616
8,5073,615
8,5074,615
8,5075,7154
8,5076,2077
8,5077,2154
8,5078,1846
8,5079,1615
8,5080,1769
8,5081,1846
8,5082,2153
8,5083,2077
8,5084,2153
8,5085,1846
8,5086,2461
8,5087,2230
8,5088,2077
8,5089,1846
8,5090,1923
8,5091,692
8,5092,615
8,5093,923
8,5094,847
8,5095,923
8,5096,692
8,5097,923
8,5098,923
8,5099,693
8,5100,846
8,5101,692
8,5102,923
8,5103,846
8,5104,846
8,5105,692
8,5106,616
8,5107,846
8,5108,616
8,5109,846
8,5110,615
8,5111,923
8,5112,846
8,5113,692
8,5114,693
8,5115,847
8,5116,616
8,5117,615
8,5118,615
8,5119,615
8,5120,692
8,5121,846
8,5122,693
8,5123,847
8,5124,693
8,5125,846
8,5126,846
8,5127,692
8,5128,846
8,5129,615
8,5130,692
8,5131,846
8,5132,615
8,5133,846
8,5134,615
8,5135,846
8,5136,692
8,5137,923
8,5138,847
8,5139,693
8,5140,846
8,5141,692
8,5142,615
8,5143,692
8,5144,693
8,5145,847
8,5146,693
8,5147,615
8,5148,615
8,5149,846
8,5150,615
8,5151,615
8,5152,692
8,5153,615
8,5154,615
8,5155,616
8,5156,93000
8,5157,4000
8,5158,1231
8,5159,1307
8,5160,1230
8,5161,1154
8,5162,1307
8,5163,1462
8,5164,1539
8,5165,1539
8,5166,1462
8,5167,1461
8,5168,1308
8,5169,1231
8,5170,924
8,5171,923
8,5172,1153
8,5173,923
8,5174,923
8,5175,692
8,5176,846
8,5177,693
8,5178,692
8,5179,846
8,5180,692
8,5181,692
8,5182,846
8,5183,2693
8,5184,923
8,5185,693
8,5186,846
8,5187,923
8,5188,692
8,5189,692
8,5190,846
8,5191,693
8,5192,847
8,5193,923
8,5194,846
8,5195,692
8,5196,923
8,5197,846
8,5198,693
8,5199,847
8,5200,846
8,5201,615
8,5202,615
8,5203,846
8,5204,692
8,5205,846
8,5206,847
8,5207,693
8,5208,846
8,5209,692
8,5210,846
8,5211,846
8,5212,692
8,5213,615
8,5214,846
8,5215,693
8,5216,847
8,5217,693
8,5218,615
8,5219,615
8,5220,615
8,5221,615
8,5222,692
8,5223,846
8,5224,616
8,5225,616
8,5226,616
8,5227,616
8,5228,846
8,5229,846
8,5230,692
8,5231,846
8,5232,615
8,5233,616
8,5234,616
8,5235,693
8,5236,846
8,5237,615
8,5238,615
8,5239,846
8,5240,692
8,5241,693
8,5242,616
8,5243,693
8,5244,846
8,5245,692
8,5246,846
8,5247,692
8,5248,616
8,5249,616
8,5250,616
8,5251,693
8,5252,847
8,5253,846
8,5254,692
8,5255,846
8,5256,692
8,5257,692
8,5258,846
8,5259,693
8,5260,847
8,5261,693
8,5262,615
8,5263,692
8,5264,692
8,5265,846
8,5266,692
8,5267,846
8,5268,615
8,5269,616
8,5270,616
8,5271,616
8,5272,615
8,5273,615
8,5274,615
8,5275,615
8,5276,692
8,5277,693
8,5278,847
8,5279,693
8,5280,846
8,5281,692
8,5282,846
8,5283,692
8,5284,846
8,5285,846
8,5286,692
8,5287,846
8,5288,693
8,5289,847
8,5290,693
8,5291,846
8,5292,692
8,5293,692
8,5294,846
8,5295,846
8,5296,692
8,5297,846
8,5298,693
8,5299,692
8,5300,846
8,5301,692
8,5302,846
8,5303,692
8,5304,692
8,5305,1615
8,5306,923
8,5307,1000
8,5308,923
8,5309,923
8,5310,923
8,5311,692
8,5312,692
8,5313,923
8,5314,924
8,5315,923
8,5316,692
8,5317,846
8,5318,692
8,5319,615
8,5320,615
8,5321,693
8,5322,847
8,5323,693
8,5324,846
8,5325,692
8,5326,846
8,5327,692
8,5328,615
8,5329,615
8,5330,615
8,5331,846
8,5332,615
8,5333,692
8,5334,615
8,5335,615
8,5336,692
8,5337,846
8,5338,692
8,5339,615
8,5340,846
8,5341,692
8,5342,615
8,5343,616
8,5344,616
8,5345,616
8,5346,693
8,5347,846
8,5348,692
8,5349,616
8,5350,692
8,5351,615
8,5352,692
8,5353,615
8,5354,615
8,5355,846
8,5356,615
8,5357,615
8,5358,616
8,5359,616
8,5360,847
8,5361,693
8,5362,616
8,5363,616
8,5364,616
8,5365,616
8,5366,616
8,5367,847
8,5368,616
8,5369,616
8,5370,616
8,5371,616
8,5372,616
8,5373,615
8,5374,615
8,5375,615
8,5376,846
8,5377,846
8,5378,615
8,5379,615
8,5380,615
8,5381,615
8,5382,615
8,5383,615
8,5384,616
8,5385,616
8,5386,846
8,5387,616
8,5388,616
8,5389,615
8,5390,615
8,5391,615
8,5392,615
8,5393,615
8,5394,615
8,5395,615
8,5396,615
8,5397,616
8,5398,616
8,5399,616
8,5400,616
8,5401,616
8,5402,615
8,5403,615
8,5404,615
8,5405,615
8,5406,615
8,5407,615
8,5408,615
8,5409,616
8,5410,616
8,5411,616
8,5412,615
8,5413,615
8,5414,615
8,5415,615
8,5416,615
8,5417,615
8,5418,615
8,5419,615
8,5420,615
8,5421,615
8,5422,615
8,5423,616
8,5424,616
8,5425,616
8,5426,616
8,5427,616
8,5428,615
8,5429,615
8,5430,615
8,5431,615
8,5432,615
8,5433,615
8,5434,615
8,5435,615
8,5436,615
8,5437,616
8,5438,616
8,5439,616
8,5440,616
8,5441,616
8,5442,615
8,5443,615
8,5444,615
8,5445,615
8,5446,615
8,5447,615
8,5448,615
8,5449,615
8,5450,616
8,5451,616
8,5452,616
8,5453,616
8,5454,616
8,5455,615
8,5456,615
8,5457,615
8,5458,615
8,5459,615
8,5460,615
8,5461,615
8,5462,615
8,5463,615
8,5464,615
8,5465,615
8,5466,616
8,5467,616
8,5468,616
8,5469,616
8,5470,616
8,5471,615
8,5472,615
8,5473,615
8,5474,615
8,5475,615
8,5476,615
8,5477,615
8,5478,615
8,5479,616
8,5480,616
8,5481,616
8,5482,616
8,5483,616
8,5484,615
8,5485,615
8,5486,615
8,5487,615
8,5488,615
8,5489,615
8,5490,615
8,5491,615
8,5492,616
8,5493,616
8,5494,385
8,5495,615
8,5496,615
8,5497,615
8,5498,615
8,5499,615
8,5500,615
8,5501,615
8,5502,616
8,5503,846
8,5504,846
8,5505,616
8,5506,616
8,5507,616
8,5508,616
8,5509,616
8,5510,615
8,5511,615
8,5512,615
8,5513,615
8,5514,615
8,5515,615
8,5516,615
8,5517,615
8,5518,616
8,5519,616
8,5520,616
8,5521,616
8,5522,616
8,5523,615
8,5524,615
8,5525,615
8,5526,615
8,5527,615
8,5528,615
8,5529,615
8,5530,615
8,5531,616
8,5532,616
8,5533,616
8,5534,616
8,5535,616
8,5536,615
8,5537,615
8,5538,615
8,5539,615
8,5540,615
8,5541,615
8,5542,615
8,5543,615
8,5544,616
8,5545,616
8,5546,616
8,5547,616
8,5548,616
8,5549,615
8,5550,615
8,5551,615
8,5552,615
8,5553,615
8,5554,615
8,5555,615
8,5556,615
8,5557,616
8,5558,616
8,5559,616
8,5560,616
8,5561,616
8,5562,615
8,5563,692
8,5564,615
8,5565,615
8,5566,615
8,5567,615
8,5568,615
8,5569,615
8,5570,616
8,5571,693
8,5572,616
8,5573,616
8,5574,616
8,5575,616
8,5576,615
8,5577,615
8,5578,538
8,5579,615
8,5580,615
8,5581,615
8,5582,615
8,5583,615
8,5584,616
8,5585,616
8,5586,616
8,5587,616
8,5588,616
8,5589,615
8,5590,615
8,5591,615
8,5592,615
8,5593,615
8,5594,615
8,5595,615
8,5596,615
8,5597,616
8,5598,616
8,5599,846
8,5600,616
8,5601,616
8,5602,1846
8,5603,846
8,5604,615
8,5605,615
8,5606,615
8,5607,615
8,5608,692
8,5609,692
8,5610,615
8,5611,846
8,5612,615
8,5613,615
8,5614,615
8,5615,616
8,5616,616
8,5617,616
8,5618,616
8,5619,616
8,5620,615
8,5621,615
8,5622,615
8,5623,615
8,5624,615
8,5625,615
8,5626,615
8,5627,615
8,5628,615
8,5629,616
8,5630,616
8,5631,616
8,5632,616
8,5633,616
8,5634,615
8,5635,615
8,5636,615
8,5637,615
8,5638,615
8,5639,615
8,5640,615
8,5641,615
8,5642,616
8,5643,616
8,5644,616
8,5645,616
8,5646,616
8,5647,615
8,5648,615
8,5649,615
8,5650,615
8,5651,615
8,5652,615
8,5653,615
8,5654,846
8,5655,615
8,5656,615
8,5657,615
8,5658,616
8,5659,616
8,5660,616
8,5661,616
8,5662,616
8,5663,615
8,5664,615
8,5665,615
8,5666,615
8,5667,692
8,5668,615
8,5669,615
8,5670,615
8,5671,615
8,5672,616
8,5673,616
8,5674,616
8,5675,693
8,5676,616
8,5677,923
8,5678,692
8,5679,615
8,5680,615
8,5681,615
8,5682,615
8,5683,615
8,5684,615
8,5685,615
8,5686,615
8,5687,615
8,5688,616
8,5689,616
8,5690,616
8,5691,616
8,5692,616
8,5693,615
8,5694,615
8,5695,615
8,5696,615
8,5697,615
8,5698,615
8,5699,615
8,5700,615
8,5701,616
8,5702,616
8,5703,616
8,5704,616
8,5705,616
8,5706,384
8,5707,615
8,5708,615
8,5709,615
8,5710,615
8,5711,846
8,5712,616
8,5713,616
8,5714,616
8,5715,616
8,5716,615
8,5717,615
8,5718,846
8,5719,615
8,5720,615
8,5721,615
8,5722,615
8,5723,615
8,5724,615
8,5725,615
8,5726,615
8,5727,616
8,5728,616
8,5729,616
8,5730,616
8,5731,616
8,5732,615
8,5733,615
8,5734,615
8,5735,615
8,5736,615
8,5737,615
8,5738,615
8,5739,615
8,5740,616
8,5741,616
8,5742,616
8,5743,616
8,5744,616
8,5745,615
8,5746,615
8,5747,615
8,5748,615
8,5749,615
8,5750,615
8,5751,615
8,5752,615
8,5753,616
8,5754,616
8,5755,616
8,5756,616
8,5757,616
8,5758,615
8,5759,615
8,5760,615
8,5761,615
8,5762,615
8,5763,615
8,5764,615
8,5765,615
8,5766,616
8,5767,616
8,5768,616
8,5769,616
8,5770,616
8,5771,615
8,5772,615
8,5773,615
8,5774,615
8,5775,615
8,5776,615
8,5777,615
8,5778,615
8,5779,616
8,5780,616
8,5781,616
8,5782,616
8,5783,616
8,5784,615
8,5785,615
8,5786,615
8,5787,615
8,5788,615
8,5789,615
8,5790,615
8,5791,615
8,5792,539
8,5793,539
8,5794,616
8,5795,616
8,5796,693
8,5797,616
8,5798,692
8,5799,615
8,5800,615
8,5801,615
8,5802,538
8,5803,692
8,5804,615
8,5805,615
8,5806,1539
8,5807,615
8,5808,615
8,5809,616
8,5810,616
8,5811,616
8,5812,847
8,5813,616
8,5814,615
8,5815,615
8,5816,615
8,5817,615
8,5818,615
8,5819,846
8,5820,615
8,5821,615
8,5822,615
8,5823,615
8,5824,615
8,5825,616
8,5826,616
8,5827,616
8,5828,616
8,5829,616
8,5830,615
8,5831,615
8,5832,615
8,5833,847
8,5834,616
8,5835,616
8,5836,616
8,5837,616
8,5838,615
8,5839,615
8,5840,615
8,5841,615
8,5842,384
8,5843,615
8,5844,615
8,5845,615
8,5846,616
8,5847,616
8,5848,616
8,5849,616
8,5850,616
8,5851,615
8,5852,615
8,5853,615
8,5854,615
8,5855,615
8,5856,615
8,5857,384
8,5858,615
8,5859,616
8,5860,616
8,5861,616
8,5862,616
8,5863,616
8,5864,615
8,5865,615
8,5866,615
8,5867,615
8,5868,615
8,5869,615
8,5870,615
8,5871,615
8,5872,616
8,5873,616
8,5874,616
8,5875,616
8,5876,616
8,5877,615
8,5878,615
8,5879,615
8,5880,615
8,5881,615
8,5882,538
8,5883,615
8,5884,616
8,5885,616
8,5886,616
8,5887,616
8,5888,616
8,5889,615
8,5890,615
8,5891,615
8,5892,615
8,5893,615
8,5894,615
8,5895,615
8,5896,615
8,5897,616
8,5898,616
8,5899,616
8,5900,616
8,5901,616
8,5902,615
8,5903,615
8,5904,615
8,5905,615
8,5906,615
8,5907,615
8,5908,615
8,5909,615
8,5910,616
8,5911,616
8,5912,616
8,5913,616
8,5914,616
8,5915,615
8,5916,615
8,5917,615
8,5918,615
8,5919,615
8,5920,615
8,5921,615
8,5922,615
8,5923,616
8,5924,616
8,5925,616
8,5926,616
8,5927,616
8,5928,615
8,5929,615
8,5930,615
8,5931,615
8,5932,615
8,5933,615
8,5934,615
8,5935,615
8,5936,616
8,5937,616
8,5938,616
8,5939,385
8,5940,846
8,5941,615
8,5942,615
8,5943,615
8,5944,615
8,5945,615
8,5946,615
8,5947,615
8,5948,615
8,5949,616
8,5950,693
8,5951,616
8,5952,616
8,5953,616
8,5954,616
8,5955,615
8,5956,615
8,5957,615
8,5958,615
8,5959,615
8,5960,615
8,5961,615
8,5962,615
8,5963,616
8,5964,616
8,5965,616
8,5966,616
8,5967,616
8,5968,615
8,5969,615
8,5970,615
8,5971,615
8,5972,846
8,5973,846
8,5974,615
8,5975,615
8,5976,615
8,5977,385
8,5978,616
8,5979,616
8,5980,616
8,5981,615
8,5982,615
8,5983,616
8,5984,615
8,5985,615
8,5986,615
8,5987,615
8,5988,615
8,5989,615
8,5990,615
8,5991,615
8,5992,616
8,5993,385
8,5994,615
8,5995,616
8,5996,616
8,5997,615
8,5998,615
8,5999,615
8,6000,615
8,6001,615
8,6002,615
8,6003,615
8,6004,615
8,6005,616
8,6006,616
8,6007,616
8,6008,616
8,6009,616
8,6010,615
8,6011,615
8,6012,615
8,6013,615
8,6014,615
8,6015,615
8,6016,615
8,6017,615
8,6018,616
8,6019,616
8,6020,616
8,6021,616
8,6022,616
8,6023,615
8,6024,615
8,6025,615
8,6026,615
8,6027,692
8,6028,615
8,6029,692
8,6030,615
8,6031,615
8,6032,616
8,6033,616
8,6034,616
8,6035,616
8,6036,615
8,6037,615
8,6038,615
8,6039,615
8,6040,615
8,6041,615
8,6042,615
8,6043,615
8,6044,616
8,6045,616
8,6046,616
8,6047,616
8,6048,616
8,6049,846
8,6050,615
8,6051,615
8,6052,615
8,6053,615
8,6054,615
8,6055,615
8,6056,616
8,6057,616
8,6058,616
8,6059,616
8,6060,616
8,6061,616
8,6062,616
8,6063,616
8,6064,615
8,6065,615
8,6066,615
8,6067,615
8,6068,615
8,6069,615
8,6070,615
8,6071,615
8,6072,616
8,6073,616
8,6074,616
8,6075,616
8,6076,616
8,6077,616
8,6078,615
8,6079,692
8,6080,692
8,6081,615
8,6082,615
8,6083,615
8,6084,615
8,6085,616
8,6086,616
8,6087,616
8,6088,616
8,6089,616
8,6090,615
8,6091,615
8,6092,615
8,6093,615
8,6094,615
8,6095,615
8,6096,615
8,6097,615
8,6098,615
8,6099,616
8,6100,616
8,6101,616
8,6102,616
8,6103,616
8,6104,615
8,6105,615
8,6106,615
8,6107,615
8,6108,615
8,6109,615
8,6110,615
8,6111,846
8,6112,846
8,6113,846
8,6114,615
8,6115,847
8,6116,616
8,6117,616
8,6118,616
8,6119,616
8,6120,615
8,6121,615
8,6122,615
8,6123,615
8,6124,615
8,6125,615
8,6126,615
8,6127,615
8,6128,692
8,6129,616
8,6130,616
8,6131,616
8,6132,616
8,6133,615
8,6134,615
8,6135,615
8,6136,615
8,6137,615
8,6138,615
8,6139,692
8,6140,615
8,6141,615
8,6142,616
8,6143,616
8,6144,616
8,6145,616
8,6146,616
8,6147,615
8,6148,615
8,6149,615
8,6150,615
8,6151,615
8,6152,615
8,6153,615
8,6154,615
8,6155,616
8,6156,616
8,6157,616
8,6158,616
8,6159,616
8,6160,615
8,6161,615
8,6162,615
8,6163,615
8,6164,615
8,6165,615
8,6166,538
8,6167,616
8,6168,616
8,6169,693
8,6170,616
8,6171,616
8,6172,616
8,6173,692
8,6174,615
8,6175,615
8,6176,615
8,6177,615
8,6178,615
8,6179,615
8,6180,615
8,6181,616
8,6182,616
8,6183,616
8,6184,616
8,6185,615
8,6186,615
8,6187,615
8,6188,615
8,6189,615
8,6190,615
8,6191,615
8,6192,615
8,6193,616
8,6194,1231
8,6195,692
8,6196,615
8,6197,616
8,6198,616
8,6199,616
8,6200,616
8,6201,847
8,6202,616
8,6203,616
8,6204,693
8,6205,692
8,6206,615
8,6207,538
8,6208,615
8,6209,615
8,6210,615
8,6211,692
8,6212,615
8,6213,616
8,6214,616
8,6215,616
8,6216,616
8,6217,693
8,6218,615
8,6219,615
8,6220,615
8,6221,615
8,6222,615
8,6223,692
8,6224,615
8,6225,615
8,6226,615
8,6227,616
8,6228,616
8,6229,616
8,6230,173847
8,6231,1846
8,6232,1000
8,6233,846
8,6234,693
8,6235,923
8,6236,1154
8,6237,1000
8,6238,847
8,6239,1000
8,6240,846
8,6241,923
8,6242,1230
8,6243,1000
8,6244,846
8,6245,1000
8,6246,923
8,6247,615
8,6248,615
8,6249,616
8,6250,616
8,6251,616
8,6252,616
8,6253,616
8,6254,615
8,6255,615
8,6256,615
8,6257,846
8,6258,615
8,6259,615
8,6260,846
8,6261,615
8,6262,615
8,6263,615
8,6264,615
8,6265,616
8,6266,385
8,6267,615
8,6268,615
8,6269,615
8,6270,846
8,6271,615
8,6272,615
8,6273,615
8,6274,615
8,6275,615
8,6276,615
8,6277,615
8,6278,615
8,6279,692
8,6280,615
8,6281,615
8,6282,615
8,6283,616
8,6284,616
8,6285,616
8,6286,616
8,6287,616
8,6288,615
8,6289,615
8,6290,615
8,6291,615
8,6292,615
8,6293,615
8,6294,615
8,6295,615
8,6296,616
8,6297,616
8,6298,616
8,6299,616
8,6300,616
8,6301,615
8,6302,615
8,6303,615
8,6304,615
8,6305,615
8,6306,615
8,6307,615
8,6308,615
8,6309,616
8,6310,615
8,6311,615
8,6312,616
8,6313,616
8,6314,616
8,6315,616
8,6316,616
8,6317,615
8,6318,615
8,6319,615
8,6320,615
8,6321,615
8,6322,615
8,6323,615
8,6324,615
8,6325,616
8,6326,616
8,6327,693
8,6328,616
8,6329,616
8,6330,615
8,6331,615
8,6332,615
8,6333,615
8,6334,615
8,6335,615
8,6336,615
8,6337,615
8,6338,616
8,6339,616
8,6340,616
8,6341,616
8,6342,616
8,6343,616
8,6344,615
8,6345,615
8,6346,615
8,6347,615
8,6348,615
8,6349,615
8,6350,615
8,6351,615
8,6352,616
8,6353,616
8,6354,616
8,6355,616
8,6356,616
8,6357,615
8,6358,615
8,6359,615
8,6360,615
8,6361,615
8,6362,615
8,6363,846
8,6364,615
8,6365,615
8,6366,615
8,6367,385
8,6368,616
8,6369,616
8,6370,615
8,6371,615
8,6372,615
8,6373,615
8,6374,846
8,6375,615
8,6376,615
8,6377,615
8,6378,615
8,6379,615
8,6380,615
8,6381,616
8,6382,616
8,6383,616
8,6384,616
8,6385,616
8,6386,615
8,6387,615
8,6388,615
8,6389,615
8,6390,615
8,6391,615
8,6392,615
8,6393,615
8,6394,616
8,6395,693
8,6396,616
8,6397,846
8,6398,616
8,6399,616
8,6400,616
8,6401,616
8,6402,616
8,6403,692
8,6404,692
8,6405,615
8,6406,692
8,6407,615
8,6408,615
8,6409,615
8,6410,615
8,6411,616
8,6412,616
8,6413,616
8,6414,616
8,6415,693
8,6416,539
8,6417,615
8,6418,615
8,6419,692
8,6420,615
8,6421,923
8,6422,692
8,6423,615
8,6424,615
8,6425,615
8,6426,616
8,6427,616
8,6428,846
8,6429,847
8,6430,616
8,6431,693
8,6432,616
8,6433,616
8,6434,847
8,6435,616
8,6436,615
8,6437,615
8,6438,615
8,6439,615
8,6440,615
8,6441,615
8,6442,615
8,6443,615
8,6444,846
8,6445,615
8,6446,616
8,6447,616
8,6448,616
8,6449,616
8,6450,616
8,6451,615
8,6452,615
8,6453,615
8,6454,615
8,6455,615
8,6456,615
8,6457,615
8,6458,615
8,6459,616
8,6460,616
8,6461,616
8,6462,616
8,6463,616
8,6464,615
8,6465,615
8,6466,615
8,6467,615
8,6468,615
8,6469,615
8,6470,385
8,6471,615
8,6472,616
8,6473,616
8,6474,616
8,6475,616
8,6476,616
8,6477,615
8,6478,615
8,6479,615
8,6480,615
8,6481,384
8,6482,615
8,6483,616
8,6484,616
8,6485,616
8,6486,847
8,6487,846
8,6488,616
8,6489,616
8,6490,615
8,6491,615
8,6492,615
8,6493,615
8,6494,615
8,6495,615
8,6496,615
8,6497,615
8,6498,616
8,6499,616
8,6500,385
8,6501,846
8,6502,616
8,6503,615
8,6504,615
8,6505,615
8,6506,615
8,6507,615
8,6508,616
8,6509,616
8,6510,616
8,6511,616
8,6512,616
8,6513,615
8,6514,615
8,6515,615
8,6516,615
8,6517,615
8,6518,615
8,6519,615
8,6520,615
8,6521,616
8,6522,616
8,6523,616
8,6524,616
8,6525,616
8,6526,615
8,6527,615
8,6528,615
8,6529,615
8,6530,615
8,6531,615
8,6532,615
8,6533,615
8,6534,616
8,6535,616
8,6536,616
8,6537,616
8,6538,616
8,6539,615
8,6540,615
8,6541,615
8,6542,615
8,6543,615
8,6544,615
8,6545,615
8,6546,615
8,6547,616
8,6548,616
8,6549,616
8,6550,616
8,6551,616
8,6552,615
8,6553,615
8,6554,615
8,6555,615
8,6556,615
8,6557,615
8,6558,615
8,6559,615
8,6560,616
8,6561,616
8,6562,616
8,6563,616
8,6564,616
8,6565,615
8,6566,615
8,6567,615
8,6568,615
8,6569,615
8,6570,615
8,6571,615
8,6572,615
8,6573,616
8,6574,616
8,6575,616
8,6576,616
8,6577,616
8,6578,615
8,6579,615
8,6580,615
8,6581,615
8,6582,615
8,6583,615
8,6584,615
8,6585,615
8,6586,616
8,6587,616
8,6588,616
8,6589,616
8,6590,616
8,6591,615
8,6592,615
8,6593,615
8,6594,615
8,6595,615
8,6596,615
8,6597,615
8,6598,615
8,6599,616
8,6600,616
8,6601,539
8,6602,616
8,6603,615
8,6604,615
8,6605,615
8,6606,615
8,6607,692
8,6608,615
8,6609,615
8,6610,615
8,6611,616
8,6612,616
8,6613,616
8,6614,616
8,6615,616
8,6616,615
8,6617,615
8,6618,615
8,6619,615
8,6620,615
8,6621,615
8,6622,615
8,6623,615
8,6624,616
8,6625,616
8,6626,616
8,6627,616
8,6628,616
8,6629,615
8,6630,615
8,6631,615
8,6632,615
8,6633,615
8,6634,615
8,6635,615
8,6636,615
8,6637,616
8,6638,616
8,6639,846
8,6640,616
8,6641,616
8,6642,615
8,6643,615
8,6644,615
8,6645,615
8,6646,615
8,6647,615
8,6648,615
8,6649,615
8,6650,616
8,6651,616
8,6652,846
8,6653,616
8,6654,616
8,6655,615
8,6656,615
8,6657,615
8,6658,615
8,6659,615
8,6660,615
8,6661,615
8,6662,615
8,6663,616
8,6664,616
8,6665,616
8,6666,616
8,6667,616
8,6668,615
8,6669,846
8,6670,615
8,6671,615
8,6672,615
8,6673,615
8,6674,615
8,6675,615
8,6676,616
8,6677,616
8,6678,616
8,6679,616
8,6680,616
8,6681,615
8,6682,384
8,6683,615
8,6684,615
8,6685,615
8,6686,385
8,6687,615
8,6688,846
8,6689,385
8,6690,385
8,6691,615
8,6692,615
8,6693,615
8,6694,615
8,6695,846
8,6696,615
8,6697,615
8,6698,615
8,6699,615
8,6700,615
8,6701,846
8,6702,616
8,6703,616
8,6704,616
8,6705,616
8,6706,615
8,6707,615
8,6708,615
8,6709,615
8,6710,846
8,6711,615
8,6712,615
8,6713,385
8,6714,616
8,6715,616
8,6716,616
8,6717,615
8,6718,615
8,6719,615
8,6720,615
8,6721,615
8,6722,615
8,6723,615
8,6724,615
8,6725,616
8,6726,616
8,6727,616
8,6728,616
8,6729,616
8,6730,615
8,6731,615
8,6732,615
8,6733,615
8,6734,615
8,6735,615
8,6736,615
8,6737,615
8,6738,616
8,6739,616
8,6740,616
8,6741,616
8,6742,615
8,6743,692
8,6744,692
8,6745,615
8,6746,538
8,6747,615
8,6748,615
8,6749,615
8,6750,615
8,6751,616
8,6752,616
8,6753,616
8,6754,616
8,6755,616
8,6756,615
8,6757,615
8,6758,615
8,6759,538
8,6760,538
8,6761,615
8,6762,615
8,6763,616
8,6764,616
8,6765,616
8,6766,616
8,6767,693
8,6768,616
8,6769,538
8,6770,615
8,6771,615
8,6772,692
8,6773,615
8,6774,615
8,6775,615
8,6776,615
8,6777,539
8,6778,616
8,6779,616
8,6780,616
8,6781,615
8,6782,615
8,6783,692
8,6784,538
8,6785,615
8,6786,615
8,6787,615
8,6788,615
8,6789,616
8,6790,616
8,6791,616
8,6792,616
8,6793,846
8,6794,616
8,6795,616
8,6796,615
8,6797,846
8,6798,616
8,6799,615
8,6800,615
8,6801,615
8,6802,615
8,6803,615
8,6804,615
8,6805,615
8,6806,615
8,6807,616
8,6808,616
8,6809,616
8,6810,616
8,6811,616
8,6812,615
8,6813,615
8,6814,615
8,6815,615
8,6816,615
8,6817,615
8,6818,615
8,6819,615
8,6820,616
8,6821,616
8,6822,616
8,6823,693
8,6824,616
8,6825,616
8,6826,615
8,6827,615
8,6828,615
8,6829,692
8,6830,692
8,6831,615
8,6832,615
8,6833,615
8,6834,616
8,6835,616
8,6836,616
8,6837,616
8,6838,616
8,6839,615
8,6840,615
8,6841,615
8,6842,615
8,6843,615
8,6844,615
8,6845,615
8,6846,615
8,6847,616
8,6848,616
8,6849,616
8,6850,616
8,6851,616
8,6852,615
8,6853,615
8,6854,615
8,6855,615
8,6856,615
8,6857,615
8,6858,615
8,6859,615
8,6860,616
8,6861,616
8,6862,616
8,6863,616
8,6864,616
8,6865,615
8,6866,615
8,6867,615
8,6868,615
8,6869,615
8,6870,615
8,6871,615
8,6872,615
8,6873,616
8,6874,616
8,6875,616
8,6876,616
8,6877,616
8,6878,615
8,6879,615
8,6880,615
8,6881,615
8,6882,615
8,6883,615
8,6884,615
8,6885,615
8,6886,616
8,6887,616
8,6888,616
8,6889,616
8,6890,616
8,6891,846
8,6892,846
8,6893,615
8,6894,615
8,6895,615
8,6896,615
8,6897,615
8,6898,615
8,6899,616
8,6900,616
8,6901,616
8,6902,616
8,6903,616
8,6904,615
8,6905,615
8,6906,615
8,6907,615
8,6908,615
8,6909,615
8,6910,615
8,6911,615
8,6912,616
8,6913,616
8,6914,616
8,6915,616
8,6916,616
8,6917,615
8,6918,615
8,6919,615
8,6920,615
8,6921,615
8,6922,615
8,6923,615
8,6924,615
8,6925,616
8,6926,616
8,6927,616
8,6928,616
8,6929,616
8,6930,615
8,6931,615
8,6932,615
8,6933,615
8,6934,615
8,6935,615
8,6936,615
8,6937,615
8,6938,616
8,6939,616
8,6940,616
8,6941,616
8,6942,616
8,6943,615
8,6944,615
8,6945,615
8,6946,615
8,6947,615
8,6948,615
8,6949,615
8,6950,615
8,6951,616
8,6952,616
8,6953,616
8,6954,616
8,6955,616
8,6956,615
8,6957,615
8,6958,615
8,6959,615
8,6960,615
8,6961,615
8,6962,615
8,6963,615
8,6964,616
8,6965,616
8,6966,616
8,6967,616
8,6968,615
8,6969,615
8,6970,615
8,6971,692
8,6972,615
8,6973,615
8,6974,615
8,6975,615
8,6976,616
8,6977,693
8,6978,616
8,6979,616
8,6980,616
8,6981,616
8,6982,615
8,6983,615
8,6984,615
8,6985,615
8,6986,615
8,6987,615
8,6988,615
8,6989,615
8,6990,616
8,6991,693
8,6992,616
8,6993,616
8,6994,539
8,6995,615
8,6996,615
8,6997,615
8,6998,615
8,6999,615
8,7000,615
8,7001,615
8,7002,616
8,7003,616
8,7004,616
8,7005,616
8,7006,616
8,7007,615
8,7008,615
8,7009,615
8,7010,615
8,7011,615
8,7012,615
8,7013,615
8,7014,615
8,7015,616
8,7016,616
8,7017,616
8,7018,616
8,7019,616
8,7020,615
8,7021,615
8,7022,615
8,7023,615
8,7024,615
8,7025,615
8,7026,615
8,7027,692
8,7028,615
8,7029,616
8,7030,539
8,7031,616
8,7032,616
8,7033,615
8,7034,615
8,7035,692
8,7036,615
8,7037,615
8,7038,615
8,7039,615
8,7040,615
8,7041,615
8,7042,616
8,7043,616
8,7044,616
8,7045,693
8,7046,539
8,7047,615
8,7048,615
8,7049,615
8,7050,615
8,7051,615
8,7052,615
8,7053,615
8,7054,616
8,7055,616
8,7056,616
8,7057,616
8,7058,616
8,7059,615
8,7060,615
8,7061,615
8,7062,615
8,7063,615
8,7064,615
8,7065,615
8,7066,615
8,7067,616
8,7068,616
8,7069,616
8,7070,616
8,7071,616
8,7072,615
8,7073,615
8,7074,615
8,7075,615
8,7076,615
8,7077,615
8,7078,615
8,7079,615
8,7080,616
8,7081,616
8,7082,616
8,7083,616
8,7084,616
8,7085,615
8,7086,615
8,7087,615
8,7088,615
8,7089,615
8,7090,615
8,7091,615
8,7092,615
8,7093,616
8,7094,616
8,7095,616
8,7096,616
8,7097,615
8,7098,615
8,7099,615
8,7100,615
8,7101,615
8,7102,615
8,7103,615
8,7104,615
8,7105,615
8,7106,616
8,7107,616
8,7108,616
8,7109,616
8,7110,616
8,7111,615
8,7112,615
8,7113,615
8,7114,615
8,7115,615
8,7116,615
8,7117,615
8,7118,615
8,7119,616
8,7120,616
8,7121,616
8,7122,616
8,7123,693
8,7124,692
8,7125,538
8,7126,615
8,7127,615
8,7128,615
8,7129,615
8,7130,615
8,7131,615
8,7132,616
8,7133,616
8,7134,616
8,7135,693
8,7136,693
8,7137,692
8,7138,692
8,7139,692
8,7140,615
8,7141,615
8,7142,615
8,7143,692
8,7144,615
8,7145,692
8,7146,539
8,7147,693
8,7148,616
8,7149,616
8,7150,616
8,7151,615
8,7152,615
8,7153,692
8,7154,615
8,7155,615
8,7156,615
8,7157,615
8,7158,616
8,7159,616
8,7160,616
8,7161,616
8,7162,616
8,7163,615
8,7164,615
8,7165,693
8,7166,616
8,7167,616
8,7168,616
8,7169,616
8,7170,615
8,7171,615
8,7172,615
8,7173,615
8,7174,615
8,7175,615
8,7176,615
8,7177,615
8,7178,615
8,7179,615
8,7180,615
8,7181,616
8,7182,616
8,7183,616
8,7184,616
8,7185,616
8,7186,615
8,7187,615
8,7188,615
8,7189,615
8,7190,615
8,7191,615
8,7192,615
8,7193,615
8,7194,616
8,7195,616
8,7196,616
8,7197,616
8,7198,616
8,7199,615
8,7200,615
8,7201,615
8,7202,615
8,7203,615
8,7204,615
8,7205,615
8,7206,615
8,7207,616
8,7208,616
8,7209,616
8,7210,616
8,7211,616
8,7212,615
8,7213,615
8,7214,615
8,7215,692
8,7216,615
8,7217,615
8,7218,538
8,7219,615
8,7220,616
8,7221,616
8,7222,616
8,7223,616
8,7224,616
8,7225,615
8,7226,615
8,7227,692
8,7228,615
8,7229,692
8,7230,615
8,7231,615
8,7232,615
8,7233,615
8,7234,616
8,7235,616
8,7236,616
8,7237,616
8,7238,615
8,7239,692
8,7240,615
8,7241,615
8,7242,615
8,7243,615
8,7244,615
8,7245,615
8,7246,616
8,7247,616
8,7248,616
8,7249,616
8,7250,616
8,7251,692
8,7252,615
8,7253,615
8,7254,615
8,7255,615
8,7256,615
8,7257,615
8,7258,615
8,7259,616
8,7260,616
8,7261,616
8,7262,616
8,7263,616
8,7264,615
8,7265,615
8,7266,615
8,7267,615
8,7268,615
8,7269,615
8,7270,615
8,7271,615
8,7272,616
8,7273,616
8,7274,616
8,7275,616
8,7276,616
8,7277,615
8,7278,615
8,7279,615
8,7280,615
8,7281,615
8,7282,615
8,7283,615
8,7284,615
8,7285,616
8,7286,616
8,7287,616
8,7288,616
8,7289,616
8,7290,615
8,7291,615
8,7292,615
8,7293,615
8,7294,615
8,7295,615
8,7296,615
8,7297,615
8,7298,616
8,7299,616
8,7300,616
8,7301,846
8,7302,385
8,7303,615
8,7304,846
8,7305,615
8,7306,615
8,7307,615
8,7308,616
8,7309,616
8,7310,616
8,7311,616
8,7312,616
8,7313,615
8,7314,615
8,7315,615
8,7316,615
8,7317,615
8,7318,615
8,7319,615
8,7320,615
8,7321,616
8,7322,616
8,7323,616
8,7324,616
8,7325,616
8,7326,615
8,7327,615
8,7328,615
8,7329,615
8,7330,615
8,7331,615
8,7332,615
8,7333,615
8,7334,616
8,7335,616
8,7336,616
8,7337,616
8,7338,616
8,7339,615
8,7340,615
8,7341,846
8,7342,846
8,7343,615
8,7344,615
8,7345,615
8,7346,615
8,7347,615
8,7348,615
8,7349,615
8,7350,616
8,7351,616
8,7352,616
8,7353,385
8,7354,615
8,7355,615
8,7356,846
8,7357,615
8,7358,615
8,7359,615
8,7360,615
8,7361,615
8,7362,615
8,7363,616
8,7364,616
8,7365,616
8,7366,616
8,7367,616
8,7368,615
8,7369,615
8,7370,615
8,7371,615
8,7372,615
8,7373,846
8,7374,615
8,7375,846
8,7376,847
8,7377,616
8,7378,615
8,7379,616
8,7380,616
8,7381,615
8,7382,615
8,7383,615
8,7384,615
8,7385,615
8,7386,616
8,7387,616
8,7388,616
8,7389,616
8,7390,616
8,7391,615
8,7392,615
8,7393,615
8,7394,615
8,7395,615
8,7396,615
8,7397,615
8,7398,615
8,7399,616
8,7400,616
8,7401,616
8,7402,616
8,7403,616
8,7404,615
8,7405,615
8,7406,615
8,7407,615
8,7408,615
8,7409,615
8,7410,615
8,7411,615
8,7412,616
8,7413,616
8,7414,616
8,7415,616
8,7416,616
8,7417,615
8,7418,615
8,7419,615
8,7420,615
8,7421,615
8,7422,615
8,7423,615
8,7424,615
8,7425,616
8,7426,616
8,7427,616
8,7428,616
8,7429,616
8,7430,615
8,7431,615
8,7432,615
8,7433,615
8,7434,615
8,7435,615
8,7436,615
8,7437,615
8,7438,616
8,7439,616
8,7440,616
8,7441,616
8,7442,616
8,7443,846
8,7444,616
8,7445,616
8,7446,615
8,7447,615
8,7448,615
8,7449,615
8,7450,615
8,7451,846
8,7452,616
8,7453,616
8,7454,616
8,7455,616
8,7456,615
8,7457,615
8,7458,615
8,7459,615
8,7460,615
8,7461,615
8,7462,615
8,7463,615
8,7464,616
8,7465,616
8,7466,616
8,7467,847
8,7468,616
8,7469,846
8,7470,616
8,7471,616
8,7472,615
8,7473,615
8,7474,615
8,7475,615
8,7476,615
8,7477,615
8,7478,615
8,7479,615
8,7480,616
8,7481,616
8,7482,616
8,7483,616
8,7484,616
8,7485,615
8,7486,615
8,7487,615
8,7488,615
8,7489,615
8,7490,615
8,7491,615
8,7492,615
8,7493,616
8,7494,616
8,7495,616
8,7496,616
8,7497,616
8,7498,615
8,7499,615
8,7500,615
8,7501,615
8,7502,615
8,7503,615
8,7504,615
8,7505,615
8,7506,616
8,7507,693
8,7508,616
8,7509,616
8,7510,616
8,7511,616
8,7512,615
8,7513,615
8,7514,538
8,7515,615
8,7516,615
8,7517,615
8,7518,615
8,7519,615
8,7520,616
8,7521,616
8,7522,616
8,7523,616
8,7524,616
8,7525,615
8,7526,615
8,7527,615
8,7528,846
8,7529,615
8,7530,615
8,7531,615
8,7532,615
8,7533,616
8,7534,616
8,7535,616
8,7536,616
8,7537,616
8,7538,615
8,7539,615
8,7540,616
8,7541,616
8,7542,616
8,7543,616
8,7544,616
8,7545,615
8,7546,615
8,7547,615
8,7548,615
8,7549,615
8,7550,615
8,7551,615
8,7552,615
8,7553,616
8,7554,616
8,7555,616
8,7556,616
8,7557,616
8,7558,615
8,7559,615
8,7560,615
8,7561,615
8,7562,615
8,7563,615
8,7564,615
8,7565,615
8,7566,616
8,7567,616
8,7568,616
8,7569,616
8,7570,616
8,7571,615
8,7572,615
8,7573,615
8,7574,615
8,7575,615
8,7576,615
8,7577,615
8,7578,615
8,7579,616
8,7580,616
8,7581,616
8,7582,616
8,7583,616
8,7584,615
8,7585,615
8,7586,615
8,7587,615
8,7588,846
8,7589,615
8,7590,615
8,7591,615
8,7592,616
8,7593,616
8,7594,616
8,7595,616
8,7596,616
8,7597,615
8,7598,615
8,7599,615
8,7600,615
8,7601,615
8,7602,615
8,7603,615
8,7604,615
8,7605,616
8,7606,616
8,7607,616
8,7608,616
8,7609,616
8,7610,615
8,7611,615
8,7612,692
8,7613,692
8,7614,692
8,7615,692
8,7616,615
8,7617,539
8,7618,693
8,7619,693
8,7620,616
8,7621,616
8,7622,615
8,7623,615
8,7624,615
8,7625,615
8,7626,615
8,7627,615
8,7628,615
8,7629,615
8,7630,615
8,7631,616
8,7632,616
8,7633,616
8,7634,616
8,7635,616
8,7636,615
8,7637,615
8,7638,615
8,7639,615
8,7640,615
8,7641,615
8,7642,615
8,7643,615
8,7644,616
8,7645,616
8,7646,616
8,7647,693
8,7648,616
8,7649,615
8,7650,615
8,7651,538
8,7652,692
8,7653,615
8,7654,615
8,7655,615
8,7656,616
8,7657,539
8,7658,693
8,7659,616
8,7660,693
8,7661,616
8,7662,615
8,7663,615
8,7664,615
8,7665,615
8,7666,615
8,7667,615
8,7668,615
8,7669,616
8,7670,616
8,7671,616
8,7672,616
8,7673,616
8,7674,615
8,7675,615
8,7676,615
8,7677,615
8,7678,615
8,7679,615
8,7680,615
8,7681,615
8,7682,616
8,7683,616
8,7684,616
8,7685,616
8,7686,616
8,7687,615
8,7688,615
8,7689,615
8,7690,615
8,7691,615
8,7692,615
8,7693,615
8,7694,615
8,7695,616
8,7696,616
8,7697,616
8,7698,616
8,7699,616
8,7700,615
8,7701,615
8,7702,615
8,7703,615
8,7704,615
8,7705,615
8,7706,615
8,7707,615
8,7708,616
8,7709,616
8,7710,616
8,7711,616
8,7712,616
8,7713,615
8,7714,615
8,7715,384
8,7716,846
8,7717,615
8,7718,615
8,7719,846
8,7720,615
8,7721,616
8,7722,616
8,7723,616
8,7724,616
8,7725,615
8,7726,615
8,7727,846
8,7728,615
8,7729,615
8,7730,615
8,7731,616
8,7732,616
8,7733,616
8,7734,616
8,7735,616
8,7736,615
8,7737,615
8,7738,615
8,7739,615
8,7740,615
8,7741,615
8,7742,615
8,7743,615
8,7744,616
8,7745,616
8,7746,616
8,7747,616
8,7748,616
8,7749,615
8,7750,615
8,7751,615
8,7752,615
8,7753,615
8,7754,615
8,7755,615
8,7756,615
8,7757,616
8,7758,616
8,7759,616
8,7760,616
8,7761,616
8,7762,615
8,7763,615
8,7764,615
8,7765,615
8,7766,615
8,7767,615
8,7768,615
8,7769,615
8,7770,616
8,7771,616
8,7772,616
8,7773,847
8,7774,616
8,7775,846
8,7776,616
8,7777,616
8,7778,615
8,7779,615
8,7780,615
8,7781,615
8,7782,615
8,7783,615
8,7784,615
8,7785,615
8,7786,616
8,7787,616
8,7788,616
8,7789,616
8,7790,616
8,7791,615
8,7792,615
8,7793,615
8,7794,615
8,7795,615
8,7796,615
8,7797,615
8,7798,615
8,7799,616
8,7800,616
8,7801,385
8,7802,846
8,7803,616
8,7804,615
8,7805,846
8,7806,615
8,7807,615
8,7808,615
8,7809,616
8,7810,616
8,7811,846
8,7812,616
8,7813,616
8,7814,615
8,7815,615
8,7816,615
8,7817,615
8,7818,615
8,7819,615
8,7820,615
8,7821,615
8,7822,616
8,7823,846
8,7824,616
8,7825,616
8,7826,847
8,7827,846
8,7828,846
8,7829,615
8,7830,846
8,7831,615
8,7832,846
8,7833,615
8,7834,615
8,7835,615
8,7836,615
8,7837,615
8,7838,616
8,7839,616
8,7840,616
8,7841,616
8,7842,616
8,7843,615
8,7844,615
8,7845,615
8,7846,615
8,7847,615
8,7848,615
8,7849,615
8,7850,615
8,7851,616
8,7852,616
8,7853,616
8,7854,616
8,7855,616
8,7856,615
8,7857,615
8,7858,615
8,7859,615
8,7860,615
8,7861,615
8,7862,615
8,7863,615
8,7864,616
8,7865,616
8,7866,616
8,7867,616
8,7868,616
8,7869,615
8,7870,615
8,7871,615
8,7872,615
8,7873,615
8,7874,616
8,7875,616
8,7876,616
8,7877,616
8,7878,616
8,7879,615
8,7880,615
8,7881,615
8,7882,615
8,7883,615
8,7884,615
8,7885,615
8,7886,615
8,7887,616
8,7888,616
8,7889,616
8,7890,616
8,7891,616
8,7892,615
8,7893,615
8,7894,615
8,7895,615
8,7896,615
8,7897,615
8,7898,615
8,7899,692
8,7900,616
8,7901,616
8,7902,616
8,7903,616
8,7904,616
8,7905,615
8,7906,538
8,7907,692
8,7908,615
8,7909,615
8,7910,846
8,7911,615
8,7912,615
8,7913,615
8,7914,615
8,7915,615
8,7916,616
8,7917,616
8,7918,616
8,7919,616
8,7920,616
8,7921,615
8,7922,615
8,7923,846
8,7924,615
8,7925,615
8,7926,615
8,7927,846
8,7928,615
8,7929,616
8,7930,846
8,7931,616
8,7932,616
8,7933,616
8,7934,616
8,7935,616
8,7936,616
8,7937,615
8,7938,615
8,7939,615
8,7940,615
8,7941,615
8,7942,615
8,7943,615
8,7944,615
8,7945,616
8,7946,616
8,7947,616
8,7948,616
8,7949,616
8,7950,615
8,7951,615
8,7952,615
8,7953,615
8,7954,615
8,7955,615
8,7956,615
8,7957,615
8,7958,616
8,7959,693
8,7960,616
8,7961,616
8,7962,616
8,7963,615
8,7964,692
8,7965,692
8,7966,615
8,7967,615
8,7968,615
8,7969,615
8,7970,538
8,7971,616
8,7972,693
8,7973,616
8,7974,693
8,7975,616
8,7976,616
8,7977,615
8,7978,615
8,7979,615
8,7980,615
8,7981,615
8,7982,615
8,7983,615
8,7984,615
8,7985,616
8,7986,616
8,7987,616
8,7988,616
8,7989,616
8,7990,615
8,7991,615
8,7992,615
8,7993,615
8,7994,615
8,7995,615
8,7996,615
8,7997,615
8,7998,616
8,7999,616
8,8000,616
8,8001,616
8,8002,616
8,8003,615
8,8004,615
8,8005,615
8,8006,615
8,8007,615
8,8008,615
8,8009,615
8,8010,615
8,8011,616
8,8012,616
8,8013,616
8,8014,616
8,8015,616
8,8016,615
8,8017,615
8,8018,615
8,8019,615
8,8020,615
8,8021,615
8,8022,615
8,8023,615
8,8024,616
8,8025,616
8,8026,616
8,8027,616
8,8028,616
8,8029,615
8,8030,692
8,8031,615
8,8032,615
8,8033,615
8,8034,615
8,8035,615
8,8036,616
8,8037,616
8,8038,616
8,8039,616
8,8040,616
8,8041,615
8,8042,384
8,8043,846
8,8044,615
8,8045,615
8,8046,846
8,8047,615
8,8048,615
8,8049,616
8,8050,616
8,8051,846
8,8052,615
8,8053,615
8,8054,846
8,8055,615
8,8056,615
8,8057,615
8,8058,615
8,8059,616
8,8060,616
8,8061,616
8,8062,847
8,8063,616
8,8064,616
8,8065,616
8,8066,616
8,8067,615
8,8068,615
8,8069,615
8,8070,615
8,8071,615
8,8072,616
8,8073,616
8,8074,616
8,8075,616
8,8076,616
8,8077,615
8,8078,615
8,8079,615
8,8080,615
8,8081,615
8,8082,615
8,8083,615
8,8084,615
8,8085,616
8,8086,616
8,8087,616
8,8088,693
8,8089,616
8,8090,615
8,8091,615
8,8092,692
8,8093,615
8,8094,615
8,8095,615
8,8096,615
8,8097,615
8,8098,616
8,8099,616
8,8100,616
8,8101,616
8,8102,616
8,8103,615
8,8104,615
8,8105,615
8,8106,615
8,8107,615
8,8108,615
8,8109,615
8,8110,615
8,8111,616
8,8112,616
8,8113,616
8,8114,616
8,8115,616
8,8116,615
8,8117,615
8,8118,615
8,8119,615
8,8120,615
8,8121,615
8,8122,615
8,8123,615
8,8124,616
8,8125,616
8,8126,616
8,8127,616
8,8128,616
8,8129,615
8,8130,615
8,8131,615
8,8132,615
8,8133,615
8,8134,615
8,8135,615
8,8136,615
8,8137,616
8,8138,616
8,8139,616
8,8140,616
8,8141,616
8,8142,615
8,8143,846
8,8144,615
8,8145,615
8,8146,615
8,8147,615
8,8148,615
8,8149,615
8,8150,616
8,8151,616
8,8152,616
8,8153,616
8,8154,616
8,8155,615
8,8156,615
8,8157,615
8,8158,615
8,8159,615
8,8160,615
8,8161,615
8,8162,615
8,8163,616
8,8164,616
8,8165,616
8,8166,616
8,8167,616
8,8168,615
8,8169,615
8,8170,615
8,8171,615
8,8172,615
8,8173,615
8,8174,615
8,8175,616
8,8176,616
8,8177,616
8,8178,616
8,8179,616
8,8180,615
8,8181,615
8,8182,615
8,8183,615
8,8184,615
8,8185,615
8,8186,615
8,8187,615
8,8188,616
8,8189,616
8,8190,616
8,8191,693
8,8192,616
8,8193,539
8,8194,538
8,8195,692
8,8196,615
8,8197,615
8,8198,615
8,8199,615
8,8200,615
8,8201,692
8,8202,539
8,8203,693
8,8204,616
8,8205,616
8,8206,616
8,8207,615
8,8208,615
8,8209,538
8,8210,615
8,8211,615
8,8212,615
8,8213,615
8,8214,616
8,8215,616
8,8216,616
8,8217,616
8,8218,616
8,8219,615
8,8220,615
8,8221,615
8,8222,615
8,8223,692
8,8224,615
8,8225,615
8,8226,538
8,8227,616
8,8228,616
8,8229,616
8,8230,616
8,8231,693
8,8232,616
8,8233,538
8,8234,615
8,8235,615
8,8236,615
8,8237,615
8,8238,615
8,8239,615
8,8240,616
8,8241,616
8,8242,616
8,8243,616
8,8244,616
8,8245,615
8,8246,615
8,8247,615
8,8248,615
8,8249,538
8,8250,538
8,8251,615
8,8252,615
8,8253,616
8,8254,616
8,8255,616
8,8256,616
8,8257,616
8,8258,616
8,8259,615
8,8260,692
8,8261,615
8,8262,615
8,8263,692
8,8264,615
8,8265,615
8,8266,616
8,8267,616
8,8268,616
8,8269,616
8,8270,616
8,8271,692
8,8272,615
8,8273,3000
8,8274,692
8,8275,615
8,8276,846
8,8277,846
8,8278,615
8,8279,615
8,8280,615
8,8281,615
8,8282,846
8,8283,693
8,8284,616
8,8285,847
8,8286,616
8,8287,846
8,8288,2154
8,8289,692
8,8290,615
8,8291,615
8,8292,615
8,8293,846
8,8294,615
8,8295,615
8,8296,615
8,8297,615
8,8298,692
8,8299,692
8,8300,693
8,8301,616
8,8302,616
8,8303,616
8,8304,616
8,8305,615
8,8306,615
8,8307,615
8,8308,615
8,8309,615
8,8310,538
8,8311,615
8,8312,616
8,8313,616
8,8314,693
8,8315,616
8,8316,616
8,8317,616
8,8318,615
8,8319,615
8,8320,615
8,8321,615
8,8322,615
8,8323,615
8,8324,615
8,8325,615
8,8326,616
8,8327,616
8,8328,539
8,8329,616
8,8330,692
8,8331,615
8,8332,615
8,8333,615
8,8334,615
8,8335,538
8,8336,692
8,8337,692
8,8338,539
8,8339,616
8,8340,616
8,8341,616
8,8342,616
8,8343,615
8,8344,615
8,8345,615
8,8346,615
8,8347,615
8,8348,615
8,8349,615
8,8350,615
8,8351,616
8,8352,616
8,8353,616
8,8354,616
8,8355,616
8,8356,615
8,8357,615
8,8358,615
8,8359,615
8,8360,615
8,8361,615
8,8362,615
8,8363,615
8,8364,616
8,8365,616
8,8366,616
8,8367,616
8,8368,616
8,8369,615
8,8370,615
8,8371,615
8,8372,615
8,8373,615
8,8374,615
8,8375,615
8,8376,615
8,8377,616
8,8378,616
8,8379,616
8,8380,616
8,8381,616
8,8382,615
8,8383,615
8,8384,384
8,8385,615
8,8386,615
8,8387,616
8,8388,616
8,8389,616
8,8390,616
8,8391,616
8,8392,615
8,8393,615
8,8394,615
8,8395,615
8,8396,615
8,8397,846
8,8398,615
8,8399,615
8,8400,616
8,8401,616
8,8402,616
8,8403,616
8,8404,616
8,8405,615
8,8406,615
8,8407,615
8,8408,615
8,8409,615
8,8410,615
8,8411,615
8,8412,615
8,8413,616
8,8414,616
8,8415,616
8,8416,616
8,8417,616
8,8418,615
8,8419,615
8,8420,615
8,8421,615
8,8422,615
8,8423,615
8,8424,615
8,8425,615
8,8426,616
8,8427,616
8,8428,616
8,8429,616
8,8430,616
8,8431,615
8,8432,615
8,8433,615
8,8434,615
8,8435,615
8,8436,615
8,8437,615
8,8438,615
8,8439,616
8,8440,616
8,8441,616
8,8442,616
8,8443,616
8,8444,615
8,8445,538
8,8446,615
8,8447,615
8,8448,615
8,8449,615
8,8450,615
8,8451,616
8,8452,616
8,8453,616
8,8454,616
8,8455,616
8,8456,615
8,8457,615
8,8458,615
8,8459,615
8,8460,615
8,8461,615
8,8462,538
8,8463,615
8,8464,692
8,8465,616
8,8466,693
8,8467,693
8,8468,616
8,8469,616
8,8470,615
8,8471,615
8,8472,615
8,8473,615
8,8474,615
8,8475,615
8,8476,615
8,8477,615
8,8478,616
8,8479,616
8,8480,616
8,8481,616
8,8482,616
8,8483,615
8,8484,615
8,8485,615
8,8486,615
8,8487,615
8,8488,615
8,8489,615
8,8490,615
8,8491,616
8,8492,615
8,8493,615
8,8494,616
8,8495,616
8,8496,616
8,8497,616
8,8498,846
8,8499,846
8,8500,615
8,8501,615
8,8502,615
8,8503,615
8,8504,616
8,8505,616
8,8506,616
8,8507,616
8,8508,616
8,8509,615
8,8510,615
8,8511,615
8,8512,615
8,8513,615
8,8514,615
8,8515,615
8,8516,615
8,8517,616
8,8518,616
8,8519,846
8,8520,616
8,8521,616
8,8522,615
8,8523,846
8,8524,616
8,8525,615
8,8526,615
8,8527,846
8,8528,615
8,8529,615
8,8530,615
8,8531,615
8,8532,615
8,8533,616
8,8534,616
8,8535,616
8,8536,616
8,8537,616
8,8538,615
8,8539,615
8,8540,615
8,8541,615
8,8542,615
8,8543,615
8,8544,615
8,8545,615
8,8546,616
8,8547,616
8,8548,616
8,8549,615
8,8550,615
8,8551,615
8,8552,615
8,8553,615
8,8554,615
8,8555,615
8,8556,615
8,8557,615
8,8558,615
8,8559,616
8,8560,616
8,8561,615
8,8562,615
8,8563,846
8,8564,615
8,8565,615
8,8566,615
8,8567,615
8,8568,615
8,8569,616
8,8570,616
8,8571,616
8,8572,616
8,8573,616
8,8574,615
8,8575,615
8,8576,615
8,8577,615
8,8578,615
8,8579,615
8,8580,615
8,8581,615
8,8582,616
8,8583,616
8,8584,616
8,8585,616
8,8586,847
8,8587,846
8,8588,616
8,8589,846
8,8590,615
8,8591,846
8,8592,615
8,8593,615
8,8594,615
8,8595,616
8,8596,616
8,8597,616
8,8598,616
8,8599,847
8,8600,616
8,8601,616
8,8602,616
8,8603,615
8,8604,615
8,8605,615
8,8606,615
8,8607,615
8,8608,615
8,8609,615
8,8610,615
8,8611,616
8,8612,616
8,8613,616
8,8614,616
8,8615,693
8,8616,616
8,8617,615
8,8618,615
8,8619,615
8,8620,615
8,8621,615
8,8622,615
8,8623,615
8,8624,615
8,8625,13539
8,8626,615
8,8627,615
8,8628,616
8,8629,616
8,8630,615
8,8631,616
8,8632,616
8,8633,616
8,8634,616
8,8635,616
8,8636,692
8,8637,615
8,8638,615
8,8639,615
8,8640,615
8,8641,615
8,8642,615
8,8643,615
8,8644,615
8,8645,616
8,8646,616
8,8647,616
8,8648,616
8,8649,616
8,8650,615
8,8651,615
8,8652,615
8,8653,615
8,8654,615
8,8655,1154
8,8656,616
8,8657,615
8,8658,846
8,8659,616
8,8660,615
8,8661,615
8,8662,615
8,8663,615
8,8664,615
8,8665,615
8,8666,615
8,8667,615
8,8668,692
8,8669,616
8,8670,616
8,8671,616
8,8672,616
8,8673,616
8,8674,615
8,8675,615
8,8676,615
8,8677,615
8,8678,615
8,8679,615
8,8680,615
8,8681,846
8,8682,385
8,8683,615
8,8684,615
8,8685,616
8,8686,616
8,8687,616
8,8688,616
8,8689,616
8,8690,615
8,8691,615
8,8692,615
8,8693,615
8,8694,615
8,8695,615
8,8696,615
8,8697,615
8,8698,616
8,8699,616
8,8700,616
8,8701,616
8,8702,616
8,8703,615
8,8704,615
8,8705,615
8,8706,615
8,8707,615
8,8708,615
8,8709,615
8,8710,615
8,8711,616
8,8712,616
8,8713,616
8,8714,616
8,8715,616
8,8716,615
8,8717,615
8,8718,615
8,8719,615
8,8720,615
8,8721,615
8,8722,615
8,8723,615
8,8724,616
8,8725,616
8,8726,616
8,8727,616
8,8728,616
8,8729,615
8,8730,615
8,8731,615
8,8732,615
8,8733,615
8,8734,615
8,8735,615
8,8736,615
8,8737,616
8,8738,616
8,8739,616
8,8740,616
8,8741,616
8,8742,615
8,8743,615
8,8744,615
8,8745,615
8,8746,615
8,8747,615
8,8748,615
8,8749,615
8,8750,616
8,8751,616
8,8752,616
8,8753,616
8,8754,616
8,8755,615
8,8756,615
8,8757,615
8,8758,615
8,8759,615
8,8760,615
8,8761,615
8,8762,615
8,8763,616
8,8764,616
8,8765,616
8,8766,616
8,8767,616
8,8768,615
8,8769,615
8,8770,615
8,8771,615
8,8772,615
8,8773,385
8,8774,616
8,8775,616
8,8776,616
8,8777,616
8,8778,615
8,8779,615
8,8780,615
8,8781,615
8,8782,846
8,8783,615
8,8784,615
8,8785,615
8,8786,616
8,8787,846
8,8788,615
8,8789,616
8,8790,616
8,8791,616
8,8792,846
8,8793,616
8,8794,615
8,8795,615
8,8796,846
8,8797,615
8,8798,615
8,8799,615
8,8800,615
8,8801,615
8,8802,616
8,8803,616
8,8804,616
8,8805,616
8,8806,616
8,8807,615
8,8808,615
8,8809,615
8,8810,615
8,8811,615
8,8812,615
8,8813,615
8,8814,615
8,8815,616
8,8816,616
8,8817,616
8,8818,616
8,8819,616
8,8820,615
8,8821,615
8,8822,615
8,8823,615
8,8824,615
8,8825,616
8,8826,616
8,8827,616
8,8828,616
8,8829,616
8,8830,615
8,8831,846
8,8832,615
8,8833,615
8,8834,615
8,8835,615
8,8836,615
8,8837,615
8,8838,616
8,8839,616
8,8840,616
8,8841,616
8,8842,616
8,8843,615
8,8844,615
8,8845,385
8,8846,846
8,8847,846
8,8848,615
8,8849,615
8,8850,615
8,8851,615
8,8852,615
8,8853,615
8,8854,616
8,8855,385
8,8856,615
8,8857,615
8,8858,615
8,8859,615
8,8860,615
8,8861,615
8,8862,615
8,8863,615
8,8864,616
8,8865,616
8,8866,616
8,8867,616
8,8868,616
8,8869,615
8,8870,615
8,8871,615
8,8872,615
8,8873,615
8,8874,538
8,8875,692
8,8876,615
8,8877,616
8,8878,616
8,8879,616
8,8880,616
8,8881,616
8,8882,538
8,8883,692
8,8884,615
8,8885,538
8,8886,615
8,8887,615
8,8888,615
8,8889,616
8,8890,616
8,8891,616
8,8892,616
8,8893,616
8,8894,615
8,8895,615
8,8896,615
8,8897,615
8,8898,615
8,8899,615
8,8900,615
8,8901,385
8,8902,616
8,8903,616
8,8904,616
8,8905,616
8,8906,846
8,8907,615
8,8908,615
8,8909,615
8,8910,615
8,8911,615
8,8912,616
8,8913,616
8,8914,616
8,8915,616
8,8916,616
8,8917,615
8,8918,615
8,8919,615
8,8920,615
8,8921,615
8,8922,615
8,8923,615
8,8924,615
8,8925,615
8,8926,615
8,8927,615
8,8928,616
8,8929,616
8,8930,616
8,8931,616
8,8932,616
8,8933,615
8,8934,615
8,8935,615
8,8936,615
8,8937,615
8,8938,615
8,8939,615
8,8940,615
8,8941,616
8,8942,616
8,8943,616
8,8944,616
8,8945,616
8,8946,615
8,8947,615
8,8948,615
8,8949,615
8,8950,615
8,8951,615
8,8952,615
8,8953,385
8,8954,616
8,8955,616
8,8956,616
8,8957,615
8,8958,615
8,8959,846
8,8960,384
8,8961,615
8,8962,615
8,8963,846
8,8964,615
8,8965,615
8,8966,615
8,8967,616
8,8968,616
8,8969,615
8,8970,615
8,8971,846
8,8972,615
8,8973,615
8,8974,615
8,8975,846
8,8976,615
8,8977,616
8,8978,616
8,8979,846
8,8980,616
8,8981,616
8,8982,616
8,8983,616
8,8984,616
8,8985,615
8,8986,615
8,8987,615
8,8988,615
8,8989,615
8,8990,615
8,8991,615
8,8992,615
8,8993,616
8,8994,616
8,8995,616
8,8996,616
8,8997,616
8,8998,615
8,8999,615
8,9000,615
8,9001,615
8,9002,615
8,9003,615
8,9004,615
8,9005,615
8,9006,616
8,9007,616
8,9008,616
8,9009,616
8,9010,616
8,9011,615
8,9012,615
8,9013,615
8,9014,615
8,9015,615
8,9016,615
8,9017,615
8,9018,615
8,9019,616
8,9020,616
8,9021,616
8,9022,616
8,9023,616
8,9024,615
8,9025,615
8,9026,615
8,9027,923
8,9028,615
8,9029,615
8,9030,616
8,9031,616
8,9032,616
8,9033,616
8,9034,847
8,9035,616
8,9036,615
8,9037,616
8,9038,615
8,9039,615
8,9040,615
8,9041,615
8,9042,615
8,9043,615
8,9044,615
8,9045,615
8,9046,616
8,9047,616
8,9048,616
8,9049,616
8,9050,616
8,9051,615
8,9052,615
8,9053,615
8,9054,615
8,9055,615
8,9056,615
8,9057,615
8,9058,615
8,9059,616
8,9060,616
8,9061,616
8,9062,616
8,9063,616
8,9064,615
8,9065,615
8,9066,615
8,9067,615
8,9068,615
8,9069,615
8,9070,615
8,9071,615
8,9072,616
8,9073,616
8,9074,616
8,9075,616
8,9076,616
8,9077,615
8,9078,615
8,9079,615
8,9080,615
8,9081,615
8,9082,615
8,9083,615
8,9084,615
8,9085,616
8,9086,616
8,9087,616
8,9088,616
8,9089,616
8,9090,615
8,9091,615
8,9092,615
8,9093,615
8,9094,615
8,9095,615
8,9096,615
8,9097,385
8,9098,847
8,9099,847
8,9100,616
8,9101,616
8,9102,616
8,9103,615
8,9104,615
8,9105,615
8,9106,615
8,9107,615
8,9108,615
8,9109,615
8,9110,615
8,9111,616
8,9112,616
8,9113,616
8,9114,616
8,9115,616
8,9116,615
8,9117,615
8,9118,615
8,9119,615
8,9120,615
8,9121,615
8,9122,615
8,9123,615
8,9124,616
8,9125,616
8,9126,616
8,9127,616
8,9128,616
8,9129,615
8,9130,615
8,9131,615
8,9132,615
8,9133,615
8,9134,615
8,9135,615
8,9136,615
8,9137,616
8,9138,616
8,9139,616
8,9140,616
8,9141,616
8,9142,615
8,9143,615
8,9144,615
8,9145,615
8,9146,615
8,9147,615
8,9148,615
8,9149,615
8,9150,616
8,9151,616
8,9152,616
8,9153,616
8,9154,616
8,9155,615
8,9156,615
8,9157,615
8,9158,615
8,9159,615
8,9160,615
8,9161,615
8,9162,615
8,9163,616
8,9164,616
8,9165,616
8,9166,616
8,9167,616
8,9168,615
8,9169,615
8,9170,615
8,9171,615
8,9172,615
8,9173,615
8,9174,615
8,9175,615
8,9176,616
8,9177,616
8,9178,616
8,9179,616
8,9180,616
8,9181,615
8,9182,615
8,9183,615
8,9184,615
8,9185,615
8,9186,692
8,9187,692
8,9188,538
8,9189,692
8,9190,616
8,9191,616
8,9192,616
8,9193,616
8,9194,692
8,9195,692
8,9196,615
8,9197,615
8,9198,615
8,9199,615
8,9200,615
8,9201,615
8,9202,615
8,9203,616
8,9204,616
8,9205,616
8,9206,616
8,9207,616
8,9208,615
8,9209,615
8,9210,615
8,9211,615
8,9212,615
8,9213,615
8,9214,615
8,9215,615
8,9216,923
8,9217,692
8,9218,692
8,9219,615
8,9220,615
8,9221,615
8,9222,615
8,9223,616
8,9224,846
8,9225,616
8,9226,847
8,9227,616
8,9228,616
8,9229,616
8,9230,616
8,9231,615
8,9232,615
8,9233,615
8,9234,615
8,9235,615
8,9236,616
8,9237,616
8,9238,616
8,9239,616
8,9240,616
8,9241,615
8,9242,615
8,9243,615
8,9244,615
8,9245,615
8,9246,615
8,9247,615
8,9248,615
8,9249,616
8,9250,693
8,9251,616
8,9252,616
8,9253,616
8,9254,615
8,9255,615
8,9256,615
8,9257,615
8,9258,615
8,9259,615
8,9260,615
8,9261,615
8,9262,616
8,9263,616
8,9264,616
8,9265,616
8,9266,616
8,9267,615
8,9268,615
8,9269,615
8,9270,615
8,9271,615
8,9272,615
8,9273,615
8,9274,615
8,9275,616
8,9276,616
8,9277,616
8,9278,616
8,9279,616
8,9280,615
8,9281,615
8,9282,615
8,9283,615
8,9284,615
8,9285,615
8,9286,615
8,9287,615
8,9288,616
8,9289,616
8,9290,616
8,9291,616
8,9292,616
8,9293,615
8,9294,615
8,9295,615
8,9296,615
8,9297,615
8,9298,615
8,9299,615
8,9300,615
8,9301,616
8,9302,846
8,9303,615
8,9304,616
8,9305,616
8,9306,616
8,9307,616
8,9308,616
8,9309,615
8,9310,615
8,9311,615
8,9312,615
8,9313,615
8,9314,615
8,9315,615
8,9316,615
8,9317,616
8,9318,616
8,9319,616
8,9320,616
8,9321,616
8,9322,615
8,9323,615
8,9324,615
8,9325,615
8,9326,615
8,9327,615
8,9328,615
8,9329,615
8,9330,616
8,9331,385
8,9332,616
8,9333,615
8,9334,615
8,9335,615
8,9336,615
8,9337,615
8,9338,615
8,9339,615
8,9340,616
8,9341,616
8,9342,385
8,9343,616
8,9344,385
8,9345,615
8,9346,615
8,9347,615
8,9348,615
8,9349,615
8,9350,615
8,9351,615
8,9352,615
8,9353,616
8,9354,616
8,9355,616
8,9356,616
8,9357,616
8,9358,615
8,9359,615
8,9360,846
8,9361,615
8,9362,846
8,9363,615
8,9364,615
8,9365,615
8,9366,616
8,9367,846
8,9368,616
8,9369,616
8,9370,616
8,9371,846
8,9372,616
8,9373,616
8,9374,846
8,9375,846
8,9376,615
8,9377,615
8,9378,615
8,9379,615
8,9380,385
8,9381,616
8,9382,616
8,9383,616
8,9384,615
8,9385,615
8,9386,615
8,9387,615
8,9388,615
8,9389,615
8,9390,615
8,9391,615
8,9392,616
8,9393,616
8,9394,616
8,9395,616
8,9396,616
8,9397,615
8,9398,615
8,9399,692
8,9400,616
8,9401,615
8,9402,615
8,9403,615
8,9404,615
8,9405,615
8,9406,615
8,9407,615
8,9408,615
8,9409,616
8,9410,616
8,9411,616
8,9412,616
8,9413,616
8,9414,615
8,9415,615
8,9416,615
8,9417,615
8,9418,615
8,9419,615
8,9420,616
8,9421,616
8,9422,847
8,9423,616
8,9424,616
8,9425,616
8,9426,846
8,9427,615
8,9428,615
8,9429,615
8,9430,615
8,9431,615
8,9432,615
8,9433,615
8,9434,616
8,9435,616
8,9436,616
8,9437,615
8,9438,615
8,9439,615
8,9440,615
8,9441,615
8,9442,615
8,9443,615
8,9444,615
8,9445,616
8,9446,616
8,9447,616
8,9448,616
8,9449,616
8,9450,615
8,9451,615
8,9452,615
8,9453,615
8,9454,615
8,9455,846
8,9456,846
8,9457,615
8,9458,615
8,9459,616
8,9460,846
8,9461,385
8,9462,616
8,9463,846
8,9464,615
8,9465,615
8,9466,615
8,9467,615
8,9468,615
8,9469,615
8,9470,846
8,9471,846
8,9472,615
8,9473,615
8,9474,616
8,9475,616
8,9476,615
8,9477,615
8,9478,615
8,9479,615
8,9480,615
8,9481,615
8,9482,615
8,9483,615
8,9484,616
8,9485,616
8,9486,616
8,9487,616
8,9488,616
8,9489,615
8,9490,615
8,9491,615
8,9492,615
8,9493,615
8,9494,615
8,9495,615
8,9496,615
8,9497,616
8,9498,616
8,9499,616
8,9500,616
8,9501,616
8,9502,615
8,9503,615
8,9504,615
8,9505,615
8,9506,615
8,9507,615
8,9508,615
8,9509,615
8,9510,616
8,9511,616
8,9512,616
8,9513,616
8,9514,616
8,9515,615
8,9516,615
8,9517,615
8,9518,615
8,9519,615
8,9520,615
8,9521,615
8,9522,615
8,9523,616
8,9524,616
8,9525,616
8,9526,616
8,9527,616
8,9528,615
8,9529,692
8,9530,615
8,9531,615
8,9532,615
8,9533,615
8,9534,538
8,9535,616
8,9536,616
8,9537,616
8,9538,616
8,9539,616
8,9540,615
8,9541,615
8,9542,615
8,9543,615
8,9544,615
8,9545,615
8,9546,692
8,9547,615
8,9548,616
8,9549,616
8,9550,616
8,9551,616
8,9552,616
8,9553,615
8,9554,615
8,9555,615
8,9556,615
8,9557,615
8,9558,615
8,9559,615
8,9560,615
8,9561,616
8,9562,616
8,9563,615
8,9564,615
8,9565,615
8,9566,615
8,9567,615
8,9568,846
8,9569,615
8,9570,615
8,9571,615
8,9572,616
8,9573,616
8,9574,847
8,9575,616
8,9576,615
8,9577,615
8,9578,615
8,9579,615
8,9580,615
8,9581,615
8,9582,615
8,9583,615
8,9584,616
8,9585,616
8,9586,616
8,9587,616
8,9588,616
8,9589,615
8,9590,615
8,9591,615
8,9592,615
8,9593,615
8,9594,615
8,9595,615
8,9596,615
8,9597,616
8,9598,616
8,9599,846
8,9600,616
8,9601,616
8,9602,616
8,9603,616
8,9604,616
8,9605,846
8,9606,615
8,9607,846
8,9608,615
8,9609,615
8,9610,615
8,9611,615
8,9612,616
8,9613,616
8,9614,616
8,9615,615
8,9616,615
8,9617,615
8,9618,615
8,9619,615
8,9620,615
8,9621,615
8,9622,615
8,9623,385
8,9624,616
8,9625,616
8,9626,616
8,9627,616
8,9628,615
8,9629,615
8,9630,615
8,9631,615
8,9632,615
8,9633,615
8,9634,846
8,9635,384
8,9636,616
8,9637,616
8,9638,616
8,9639,616
8,9640,616
8,9641,615
8,9642,615
8,9643,615
8,9644,615
8,9645,615
8,9646,846
8,9647,615
8,9648,615
8,9649,615
8,9650,615
8,9651,615
8,9652,616
8,9653,616
8,9654,616
8,9655,616
8,9656,616
8,9657,846
8,9658,615
8,9659,615
8,9660,615
8,9661,615
8,9662,615
8,9663,615
8,9664,615
8,9665,616
8,9666,616
8,9667,693
8,9668,616
8,9669,616
8,9670,615
8,9671,615
8,9672,615
8,9673,615
8,9674,615
8,9675,692
8,9676,615
8,9677,615
8,9678,615
8,9679,616
8,9680,616
8,9681,616
8,9682,616
8,9683,616
8,9684,538
8,9685,615
8,9686,615
8,9687,615
8,9688,615
8,9689,615
8,9690,615
8,9691,615
8,9692,616
8,9693,616
8,9694,616
8,9695,616
8,9696,616
8,9697,615
8,9698,615
8,9699,615
8,9700,615
8,9701,615
8,9702,615
8,9703,615
8,9704,615
8,9705,616
8,9706,616
8,9707,616
8,9708,616
8,9709,616
8,9710,615
8,9711,616
8,9712,615
8,9713,615
8,9714,615
8,9715,846
8,9716,615
8,9717,846
8,9718,846
8,9719,615
8,9720,615
8,9721,847
8,9722,616
8,9723,846
8,9724,616
8,9725,846
8,9726,615
8,9727,615
8,9728,615
8,9729,615
8,9730,615
8,9731,846
8,9732,615
8,9733,615
8,9734,616
8,9735,616
8,9736,616
8,9737,616
8,9738,616
8,9739,615
8,9740,615
8,9741,615
8,9742,615
8,9743,615
8,9744,615
8,9745,615
8,9746,615
8,9747,616
8,9748,616
8,9749,616
8,9750,616
8,9751,616
8,9752,616
8,9753,615
8,9754,615
8,9755,615
8,9756,615
8,9757,692
8,9758,615
8,9759,615
8,9760,616
8,9761,616
8,9762,616
8,9763,616
8,9764,616
8,9765,615
8,9766,615
8,9767,615
8,9768,615
8,9769,615
8,9770,616
8,9771,846
8,9772,615
8,9773,615
8,9774,692
8,9775,615
8,9776,615
8,9777,692
8,9778,616
8,9779,616
8,9780,616
8,9781,616
8,9782,616
8,9783,615
8,9784,615
8,9785,615
8,9786,615
8,9787,615
8,9788,615
8,9789,615
8,9790,615
8,9791,846
8,9792,616
8,9793,615
8,9794,616
8,9795,616
8,9796,615
8,9797,615
8,9798,846
8,9799,615
8,9800,384
8,9801,615
8,9802,615
8,9803,615
8,9804,616
8,9805,616
8,9806,616
8,9807,616
8,9808,616
8,9809,615
8,9810,615
8,9811,615
8,9812,615
8,9813,615
8,9814,615
8,9815,846
8,9816,615
8,9817,616
8,9818,616
8,9819,616
8,9820,616
8,9821,847
8,9822,616
8,9823,616
8,9824,616
8,9825,615
8,9826,846
8,9827,384
8,9828,615
8,9829,384
8,9830,616
8,9831,846
8,9832,385
8,9833,616
8,9834,616
8,9835,615
8,9836,615
8,9837,615
8,9838,615
8,9839,615
8,9840,615
8,9841,615
8,9842,615
8,9843,615
8,9844,615
8,9845,615
8,9846,616
8,9847,616
8,9848,616
8,9849,616
8,9850,616
8,9851,615
8,9852,615
8,9853,615
8,9854,615
8,9855,615
8,9856,615
8,9857,615
8,9858,615
8,9859,616
8,9860,616
8,9861,616
8,9862,616
8,9863,616
8,9864,615
8,9865,615
8,9866,615
8,9867,615
8,9868,615
8,9869,615
8,9870,615
8,9871,615
8,9872,616
8,9873,616
8,9874,616
8,9875,616
8,9876,616
8,9877,616
8,9878,615
8,9879,538
8,9880,615
8,9881,615
8,9882,615
8,9883,615
8,9884,615
8,9885,616
8,9886,616
8,9887,616
8,9888,616
8,9889,616
8,9890,615
8,9891,615
8,9892,615
8,9893,615
8,9894,615
8,9895,615
8,9896,615
8,9897,615
8,9898,616
8,9899,616
8,9900,616
8,9901,616
8,9902,616
8,9903,615
8,9904,615
8,9905,615
8,9906,615
8,9907,615
8,9908,615
8,9909,615
8,9910,615
8,9911,616
8,9912,616
8,9913,616
8,9914,616
8,9915,616
8,9916,615
8,9917,615
8,9918,615
8,9919,615
8,9920,615
8,9921,615
8,9922,615
8,9923,615
8,9924,616
8,9925,616
8,9926,616
8,9927,385
8,9928,616
8,9929,846
8,9930,615
8,9931,615
8,9932,615
8,9933,615
8,9934,615
8,9935,846
8,9936,615
8,9937,385
8,9938,616
8,9939,616
8,9940,616
8,9941,616
8,9942,846
8,9943,615
8,9944,615
8,9945,615
8,9946,615
8,9947,616
8,9948,616
8,9949,616
8,9950,616
8,9951,616
8,9952,615
8,9953,615
8,9954,615
8,9955,615
8,9956,615
8,9957,615
8,9958,615
8,9959,615
8,9960,616
8,9961,616
8,9962,616
8,9963,616
8,9964,616
8,9965,615
8,9966,846
8,9967,616
8,9968,615
8,9969,846
8,9970,615
8,9971,615
8,9972,615
8,9973,846
8,9974,615
8,9975,846
8,9976,616
8,9977,616
8,9978,616
8,9979,616
8,9980,616
8,9981,615
8,9982,615
8,9983,615
8,9984,615
8,9985,615
8,9986,615
8,9987,615
8,9988,846
8,9989,616
8,9990,616
8,9991,846
8,9992,616
8,9993,616
8,9994,615
8,9995,615
8,9996,615
8,9997,615
8,9998,615
8,9999,615
64,0,616
64,1,615
64,2,616
64,3,616
64,4,616
64,5,616
64,6,616
64,7,692
64,8,615
64,9,615
64,10,615
64,11,615
64,12,615
64,13,615
64,14,692
64,15,692
64,16,616
64,17,616
64,18,616
64,19,616
64,20,615
64,21,615
64,22,615
64,23,615
64,24,615
64,25,616
64,26,616
64,27,616
64,28,616
64,29,616
64,30,615
64,31,846
64,32,615
64,33,615
64,34,615
64,35,615
64,36,615
64,37,615
64,38,616
64,39,616
64,40,616
64,41,616
64,42,616
64,43,615
64,44,615
64,45,615
64,46,615
64,47,615
64,48,615
64,49,615
64,50,615
64,51,616
64,52,616
64,53,616
64,54,616
64,55,616
64,56,615
64,57,615
64,58,538
64,59,692
64,60,615
64,61,615
64,62,615
64,63,615
64,64,616
64,65,616
64,66,616
64,67,616
64,68,615
64,69,615
64,70,615
64,71,615
64,72,615
64,73,615
64,74,615
64,75,615
64,76,616
64,77,616
64,78,616
64,79,616
64,80,616
64,81,615
64,82,615
64,83,615
64,84,615
64,85,615
64,86,615
64,87,615
64,88,615
64,89,616
64,90,616
64,91,616
64,92,616
64,93,616
64,94,615
64,95,615
64,96,615
64,97,615
64,98,615
64,99,616
64,100,616
64,101,616
64,102,616
64,103,616
64,104,615
64,105,615
64,106,615
64,107,615
64,108,615
64,109,615
64,110,615
64,111,615
64,112,539
64,113,616
64,114,616
64,115,616
64,116,615
64,117,615
64,118,615
64,119,615
64,120,615
64,121,615
64,122,615
64,123,615
64,124,616
64,125,616
64,126,616
64,127,616
64,128,616
64,129,615
64,130,615
64,131,615
64,132,615
64,133,615
64,134,615
64,135,615
64,136,615
64,137,616
64,138,616
64,139,616
64,140,616
64,141,616
64,142,615
64,143,615
64,144,615
64,145,615
64,146,615
64,147,615
64,148,615
64,149,615
64,150,616
64,151,616
64,152,616
64,153,616
64,154,846
64,155,615
64,156,615
64,157,615
64,158,846
64,159,846
64,160,615
64,161,615
64,162,615
64,163,615
64,164,616
64,165,693
64,166,616
64,167,616
64,168,616
64,169,615
64,170,615
64,171,615
64,172,615
64,173,615
64,174,615
64,175,615
64,176,615
64,177,616
64,178,616
64,179,616
64,180,616
64,181,616
64,182,615
64,183,692
64,184,615
64,185,615
64,186,615
64,187,615
64,188,615
64,189,615
64,190,692
64,191,616
64,192,616
64,193,616
64,194,616
64,195,615
64,196,615
64,197,615
64,198,692
64,199,615
64,200,615
64,201,615
64,202,615
64,203,615
64,204,539
64,205,616
64,206,616
64,207,616
64,208,615
64,209,615
64,210,615
64,211,615
64,212,615
64,213,615
64,214,615
64,215,615
64,216,616
64,217,616
64,218,616
64,219,616
64,220,616
64,221,615
64,222,615
64,223,615
64,224,615
64,225,615
64,226,692
64,227,615
64,228,615
64,229,615
64,230,616
64,231,616
64,232,693
64,233,616
64,234,692
64,235,692
64,236,615
64,237,538
64,238,615
64,239,538
64,240,615
64,241,615
64,242,616
64,243,616
64,244,616
64,245,616
64,246,616
64,247,615
64,248,615
64,249,615
64,250,615
64,251,615
64,252,615
64,253,615
64,254,615
64,255,616
64,256,616
64,257,616
64,258,616
64,259,616
64,260,615
64,261,615
64,262,384
64,263,615
64,264,615
64,265,616
64,266,616
64,267,616
64,268,616
64,269,616
64,270,615
64,271,615
64,272,615
64,273,615
64,274,615
64,275,615
64,276,615
64,277,615
64,278,616
64,279,616
64,280,616
64,281,616
64,282,616
64,283,615
64,284,615
64,285,615
64,286,615
64,287,615
64,288,615
64,289,615
64,290,615
64,291,616
64,292,616
64,293,616
64,294,616
64,295,616
64,296,615
64,297,615
64,298,615
64,299,615
64,300,615
64,301,615
64,302,615
64,303,615
64,304,616
64,305,539
64,306,616
64,307,616
64,308,615
64,309,615
64,310,615
64,311,615
64,312,615
64,313,615
64,314,615
64,315,615
64,316,616
64,317,616
64,318,616
64,319,616
64,320,616
64,321,615
64,322,615
64,323,615
64,324,615
64,325,615
64,326,615
64,327,615
64,328,615
64,329,616
64,330,616
64,331,616
64,332,616
64,333,616
64,334,615
64,335,615
64,336,615
64,337,615
64,338,615
64,339,846
64,340,616
64,341,616
64,342,616
64,343,616
64,344,615
64,345,615
64,346,615
64,347,615
64,348,615
64,349,615
64,350,615
64,351,615
64,352,616
64,353,616
64,354,616
64,355,616
64,356,616
64,357,615
64,358,615
64,359,615
64,360,615
64,361,615
64,362,615
64,363,615
64,364,615
64,365,616
64,366,616
64,367,616
64,368,616
64,369,616
64,370,615
64,371,1846
64,372,615
64,373,615
64,374,615
64,375,616
64,376,693
64,377,616
64,378,616
64,379,616
64,380,616
64,381,615
64,382,615
64,383,615
64,384,615
64,385,615
64,386,615
64,387,615
64,388,615
64,389,616
64,390,616
64,391,616
64,392,616
64,393,616
64,394,692
64,395,692
64,396,615
64,397,615
64,398,615
64,399,615
64,400,615
64,401,616
64,402,616
64,403,616
64,404,616
64,405,616
64,406,615
64,407,384
64,408,615
64,409,384
64,410,615
64,411,846
64,412,846
64,413,846
64,414,847
64,415,616
64,416,615
64,417,615
64,418,615
64,419,846
64,420,615
64,421,615
64,422,615
64,423,615
64,424,615
64,425,615
64,426,615
64,427,616
64,428,616
64,429,616
64,430,616
64,431,616
64,432,615
64,433,615
64,434,615
64,435,615
64,436,615
64,437,616
64,438,616
64,439,616
64,440,616
64,441,616
64,442,615
64,443,846
64,444,616
64,445,615
64,446,615
64,447,615
64,448,615
64,449,615
64,450,846
64,451,846
64,452,846
64,453,616
64,454,847
64,455,846
64,456,615
64,457,615
64,458,615
64,459,615
64,460,615
64,461,615
64,462,615
64,463,615
64,464,615
64,465,615
64,466,616
64,467,616
64,468,616
64,469,616
64,470,616
64,471,615
64,472,615
64,473,615
64,474,615
64,475,615
64,476,615
64,477,615
64,478,615
64,479,616
64,480,616
64,481,385
64,482,616
64,483,616
64,484,615
64,485,615
64,486,615
64,487,615
64,488,615
64,489,616
64,490,616
64,491,616
64,492,616
64,493,616
64,494,615
64,495,615
64,496,615
64,497,615
64,498,615
64,499,615
64,500,615
64,501,615
64,502,616
64,503,616
64,504,616
64,505,616
64,506,616
64,507,615
64,508,615
64,509,615
64,510,615
64,511,615
64,512,615
64,513,615
64,514,615
64,515,616
64,516,616
64,517,616
64,518,616
64,519,616
64,520,615
64,521,615
64,522,538
64,523,615
64,524,615
64,525,615
64,526,847
64,527,616
64,528,616
64,529,616
64,530,616
64,531,615
64,532,615
64,533,615
64,534,615
64,535,615
64,536,615
64,537,615
64,538,615
64,539,616
64,540,616
64,541,616
64,542,616
64,543,616
64,544,615
64,545,615
64,546,615
64,547,615
64,548,615
64,549,615
64,550,615
64,551,615
64,552,616
64,553,616
64,554,616
64,555,616
64,556,616
64,557,615
64,558,615
64,559,846
64,560,615
64,561,615
64,562,846
64,563,615
64,564,615
64,565,615
64,566,615
64,567,615
64,568,616
64,569,616
64,570,616
64,571,616
64,572,616
64,573,615
64,574,615
64,575,692
64,576,538
64,577,615
64,578,615
64,579,615
64,580,615
64,581,616
64,582,616
64,583,616
64,584,616
64,585,616
64,586,615
64,587,615
64,588,615
64,589,615
64,590,615
64,591,615
64,592,615
64,593,615
64,594,616
64,595,616
64,596,616
64,597,616
64,598,616
64,599,615
64,600,615
64,601,615
64,602,615
64,603,615
64,604,615
64,605,615
64,606,615
64,607,616
64,608,616
64,609,616
64,610,616
64,611,615
64,612,846
64,613,615
64,614,615
64,615,846
64,616,384
64,617,616
64,618,616
64,619,616
64,620,616
64,621,616
64,622,615
64,623,615
64,624,615
64,625,615
64,626,615
64,627,615
64,628,615
64,629,615
64,630,616
64,631,616
64,632,616
64,633,616
64,634,615
64,635,615
64,636,615
64,637,615
64,638,615
64,639,615
64,640,615
64,641,615
64,642,616
64,643,616
64,644,616
64,645,616
64,646,846
64,647,846
64,648,615
64,649,615
64,650,615
64,651,615
64,652,616
64,653,846
64,654,846
64,655,616
64,656,847
64,657,616
64,658,616
64,659,616
64,660,615
64,661,384
64,662,846
64,663,615
64,664,615
64,665,615
64,666,615
64,667,615
64,668,616
64,669,616
64,670,846
64,671,616
64,672,616
64,673,615
64,674,384
64,675,615
64,676,615
64,677,615
64,678,616
64,679,616
64,680,616
64,681,616
64,682,616
64,683,615
64,684,615
64,685,615
64,686,615
64,687,615
64,688,615
64,689,615
64,690,615
64,691,616
64,692,616
64,693,616
64,694,616
64,695,616
64,696,615
64,697,615
64,698,615
64,699,615
64,700,615
64,701,615
64,702,615
64,703,615
64,704,616
64,705,616
64,706,616
64,707,616
64,708,692
64,709,615
64,710,615
64,711,692
64,712,615
64,713,615
64,714,615
64,715,615
64,716,616
64,717,616
64,718,616
64,719,616
64,720,616
64,721,615
64,722,615
64,723,615
64,724,615
64,725,615
64,726,615
64,727,615
64,728,615
64,729,616
64,730,616
64,731,616
64,732,616
64,733,615
64,734,615
64,735,615
64,736,615
64,737,615
64,738,615
64,739,616
64,740,616
64,741,616
64,742,616
64,743,616
64,744,615
64,745,615
64,746,615
64,747,615
64,748,615
64,749,615
64,750,615
64,751,615
64,752,616
64,753,616
64,754,616
64,755,616
64,756,616
64,757,615
64,758,615
64,759,692
64,760,615
64,761,615
64,762,615
64,763,615
64,764,615
64,765,616
64,766,616
64,767,693
64,768,616
64,769,615
64,770,615
64,771,615
64,772,615
64,773,615
64,774,615
64,775,615
64,776,615
64,777,616
64,778,616
64,779,616
64,780,616
64,781,616
64,782,615
64,783,615
64,784,615
64,785,615
64,786,615
64,787,615
64,788,615
64,789,615
64,790,616
64,791,616
64,792,616
64,793,616
64,794,615
64,795,615
64,796,615
64,797,615
64,798,615
64,799,615
64,800,616
64,801,616
64,802,616
64,803,616
64,804,616
64,805,615
64,806,615
64,807,615
64,808,615
64,809,615
64,810,615
64,811,615
64,812,615
64,813,616
64,814,616
64,815,616
64,816,616
64,817,616
64,818,615
64,819,615
64,820,615
64,821,615
64,822,615
64,823,615
64,824,615
64,825,615
64,826,616
64,827,616
64,828,616
64,829,616
64,830,616
64,831,615
64,832,615
64,833,615
64,834,615
64,835,615
64,836,615
64,837,615
64,838,615
64,839,616
64,840,616
64,841,616
64,842,616
64,843,616
64,844,615
64,845,615
64,846,615
64,847,846
64,848,615
64,849,615
64,850,615
64,851,615
64,852,616
64,853,616
64,854,616
64,855,616
64,856,616
64,857,615
64,858,538
64,859,692
64,860,615
64,861,615
64,862,615
64,863,615
64,864,615
64,865,616
64,866,616
64,867,616
64,868,616
64,869,616
64,870,615
64,871,615
64,872,615
64,873,615
64,874,615
64,875,615
64,876,615
64,877,615
64,878,616
64,879,616
64,880,616
64,881,616
64,882,616
64,883,615
64,884,615
64,885,615
64,886,615
64,887,615
64,888,615
64,889,615
64,890,615
64,891,616
64,892,616
64,893,616
64,894,616
64,895,616
64,896,615
64,897,615
64,898,615
64,899,846
64,900,616
64,901,616
64,902,615
64,903,615
64,904,615
64,905,615
64,906,615
64,907,615
64,908,615
64,909,615
64,910,616
64,911,616
64,912,616
64,913,616
64,914,616
64,915,616
64,916,615
64,917,615
64,918,615
64,919,692
64,920,692
64,921,692
64,922,692
64,923,692
64,924,616
64,925,616
64,926,616
64,927,616
64,928,616
64,929,615
64,930,615
64,931,615
64,932,538
64,933,615
64,934,615
64,935,615
64,936,616
64,937,616
64,938,616
64,939,616
64,940,616
64,941,615
64,942,615
64,943,615
64,944,615
64,945,615
64,946,615
64,947,615
64,948,615
64,949,616
64,950,616
64,951,616
64,952,616
64,953,616
64,954,615
64,955,615
64,956,615
64,957,615
64,958,615
64,959,615
64,960,615
64,961,615
64,962,616
64,963,616
64,964,616
64,965,616
64,966,616
64,967,615
64,968,615
64,969,615
64,970,615
64,971,615
64,972,615
64,973,615
64,974,615
64,975,616
64,976,616
64,977,616
64,978,616
64,979,616
64,980,615
64,981,615
64,982,615
64,983,615
64,984,615
64,985,616
64,986,616
64,987,846
64,988,847
64,989,847
64,990,615
64,991,615
64,992,615
64,993,615
64,994,615
64,995,615
64,996,615
64,997,615
64,998,616
64,999,616
64,1000,616
64,1001,847
64,1002,616
64,1003,846
64,1004,616
64,1005,616
64,1006,615
64,1007,615
64,1008,615
64,1009,615
64,1010,615
64,1011,615
64,1012,615
64,1013,615
64,1014,616
64,1015,616
64,1016,616
64,1017,616
64,1018,616
64,1019,615
64,1020,615
64,1021,615
64,1022,615
64,1023,615
64,1024,615
64,1025,615
64,1026,615
64,1027,616
64,1028,847
64,1029,846
64,1030,615
64,1031,615
64,1032,615
64,1033,615
64,1034,615
64,1035,615
64,1036,615
64,1037,616
64,1038,616
64,1039,616
64,1040,616
64,1041,616
64,1042,615
64,1043,615
64,1044,615
64,1045,615
64,1046,615
64,1047,615
64,1048,615
64,1049,615
64,1050,616
64,1051,616
64,1052,616
64,1053,616
64,1054,616
64,1055,615
64,1056,615
64,1057,615
64,1058,615
64,1059,615
64,1060,615
64,1061,615
64,1062,615
64,1063,616
64,1064,616
64,1065,616
64,1066,616
64,1067,616
64,1068,615
64,1069,615
64,1070,615
64,1071,615
64,1072,615
64,1073,615
64,1074,615
64,1075,615
64,1076,616
64,1077,616
64,1078,616
64,1079,616
64,1080,616
64,1081,615
64,1082,615
64,1083,615
64,1084,615
64,1085,615
64,1086,615
64,1087,615
64,1088,615
64,1089,616
64,1090,616
64,1091,616
64,1092,616
64,1093,616
64,1094,615
64,1095,615
64,1096,615
64,1097,615
64,1098,615
64,1099,615
64,1100,615
64,1101,615
64,1102,616
64,1103,846
64,1104,615
64,1105,616
64,1106,616
64,1107,616
64,1108,616
64,1109,615
64,1110,615
64,1111,846
64,1112,615
64,1113,384
64,1114,846
64,1115,616
64,1116,615
64,1117,615
64,1118,616
64,1119,616
64,1120,615
64,1121,615
64,1122,615
64,1123,615
64,1124,615
64,1125,615
64,1126,615
64,1127,615
64,1128,846
64,1129,615
64,1130,846
64,1131,847
64,1132,385
64,1133,615
64,1134,615
64,1135,615
64,1136,384
64,1137,615
64,1138,615
64,1139,615
64,1140,846
64,1141,616
64,1142,616
64,1143,616
64,1144,616
64,1145,616
64,1146,846
64,1147,615
64,1148,616
64,1149,615
64,1150,615
64,1151,846
64,1152,615
64,1153,615
64,1154,616
64,1155,846
64,1156,616
64,1157,616
64,1158,616
64,1159,615
64,1160,615
64,1161,615
64,1162,615
64,1163,615
64,1164,615
64,1165,615
64,1166,615
64,1167,616
64,1168,616
64,1169,616
64,1170,616
64,1171,616
64,1172,615
64,1173,615
64,1174,615
64,1175,615
64,1176,615
64,1177,615
64,1178,692
64,1179,692
64,1180,693
64,1181,616
64,1182,616
64,1183,693
64,1184,615
64,1185,615
64,1186,692
64,1187,692
64,1188,615
64,1189,615
64,1190,615
64,1191,615
64,1192,615
64,1193,616
64,1194,616
64,1195,616
64,1196,616
64,1197,616
64,1198,615
64,1199,615
64,1200,615
64,1201,615
64,1202,615
64,1203,615
64,1204,615
64,1205,615
64,1206,539
64,1207,616
64,1208,616
64,1209,616
64,1210,615
64,1211,615
64,1212,615
64,1213,615
64,1214,615
64,1215,615
64,1216,615
64,1217,615
64,1218,616
64,1219,616
64,1220,616
64,1221,616
64,1222,616
64,1223,615
64,1224,615
64,1225,615
64,1226,615
64,1227,615
64,1228,615
64,1229,615
64,1230,615
64,1231,616
64,1232,616
64,1233,616
64,1234,616
64,1235,616
64,1236,692
64,1237,615
64,1238,615
64,1239,615
64,1240,615
64,1241,615
64,1242,615
64,1243,615
64,1244,615
64,1245,616
64,1246,616
64,1247,616
64,1248,846
64,1249,615
64,1250,615
64,1251,615
64,1252,616
64,1253,616
64,1254,616
64,1255,616
64,1256,693
64,1257,616
64,1258,615
64,1259,615
64,1260,615
64,1261,615
64,1262,615
64,1263,615
64,1264,615
64,1265,616
64,1266,616
64,1267,616
64,1268,616
64,1269,616
64,1270,615
64,1271,615
64,1272,615
64,1273,615
64,1274,615
64,1275,615
64,1276,615
64,1277,615
64,1278,616
64,1279,616
64,1280,616
64,1281,616
64,1282,616
64,1283,615
64,1284,615
64,1285,615
64,1286,615
64,1287,615
64,1288,615
64,1289,615
64,1290,615
64,1291,616
64,1292,616
64,1293,616
64,1294,616
64,1295,616
64,1296,615
64,1297,615
64,1298,615
64,1299,615
64,1300,615
64,1301,615
64,1302,615
64,1303,615
64,1304,616
64,1305,616
64,1306,616
64,1307,616
64,1308,616
64,1309,615
64,1310,615
64,1311,615
64,1312,615
64,1313,615
64,1314,615
64,1315,385
64,1316,616
64,1317,616
64,1318,616
64,1319,615
64,1320,615
64,1321,615
64,1322,615
64,1323,615
64,1324,615
64,1325,692
64,1326,615
64,1327,616
64,1328,616
64,1329,616
64,1330,616
64,1331,616
64,1332,615
64,1333,615
64,1334,615
64,1335,615
64,1336,615
64,1337,615
64,1338,615
64,1339,616
64,1340,616
64,1341,616
64,1342,616
64,1343,616
64,1344,615
64,1345,615
64,1346,615
64,1347,615
64,1348,615
64,1349,615
64,1350,615
64,1351,615
64,1352,616
64,1353,616
64,1354,616
64,1355,616
64,1356,616
64,1357,615
64,1358,615
64,1359,615
64,1360,615
64,1361,615
64,1362,615
64,1363,615
64,1364,615
64,1365,385
64,1366,616
64,1367,846
64,1368,846
64,1369,385
64,1370,615
64,1371,615
64,1372,615
64,1373,615
64,1374,615
64,1375,616
64,1376,616
64,1377,616
64,1378,616
64,1379,616
64,1380,615
64,1381,615
64,1382,615
64,1383,615
64,1384,615
64,1385,615
64,1386,615
64,1387,615
64,1388,616
64,1389,616
64,1390,616
64,1391,616
64,1392,616
64,1393,615
64,1394,615
64,1395,615
64,1396,615
64,1397,615
64,1398,615
64,1399,615
64,1400,615
64,1401,616
64,1402,616
64,1403,539
64,1404,616
64,1405,615
64,1406,615
64,1407,692
64,1408,692
64,1409,538
64,1410,615
64,1411,615
64,1412,615
64,1413,616
64,1414,616
64,1415,616
64,1416,616
64,1417,616
64,1418,615
64,1419,615
64,1420,615
64,1421,615
64,1422,615
64,1423,615
64,1424,615
64,1425,615
64,1426,616
64,1427,616
64,1428,616
64,1429,616
64,1430,616
64,1431,615
64,1432,615
64,1433,615
64,1434,615
64,1435,615
64,1436,616
64,1437,616
64,1438,616
64,1439,616
64,1440,847
64,1441,616
64,1442,616
64,1443,616
64,1444,615
64,1445,615
64,1446,615
64,1447,846
64,1448,615
64,1449,615
64,1450,615
64,1451,846
64,1452,847
64,1453,616
64,1454,615
64,1455,615
64,1456,615
64,1457,615
64,1458,615
64,1459,615
64,1460,615
64,1461,615
64,1462,616
64,1463,616
64,1464,616
64,1465,616
64,1466,616
64,1467,615
64,1468,615
64,1469,615
64,1470,615
64,1471,615
64,1472,615
64,1473,615
64,1474,615
64,1475,616
64,1476,616
64,1477,616
64,1478,616
64,1479,616
64,1480,615
64,1481,615
64,1482,615
64,1483,615
64,1484,615
64,1485,615
64,1486,615
64,1487,615
64,1488,616
64,1489,616
64,1490,616
64,1491,616
64,1492,616
64,1493,615
64,1494,615
64,1495,615
64,1496,615
64,1497,615
64,1498,615
64,1499,615
64,1500,615
64,1501,616
64,1502,616
64,1503,616
64,1504,616
64,1505,616
64,1506,846
64,1507,846
64,1508,616
64,1509,615
64,1510,846
64,1511,615
64,1512,846
64,1513,615
64,1514,846
64,1515,846
64,1516,615
64,1517,616
64,1518,616
64,1519,616
64,1520,616
64,1521,616
64,1522,615
64,1523,615
64,1524,615
64,1525,615
64,1526,615
64,1527,615
64,1528,615
64,1529,615
64,1530,616
64,1531,616
64,1532,616
64,1533,385
64,1534,846
64,1535,384
64,1536,615
64,1537,615
64,1538,615
64,1539,615
64,1540,616
64,1541,616
64,1542,616
64,1543,616
64,1544,616
64,1545,615
64,1546,615
64,1547,615
64,1548,615
64,1549,615
64,1550,615
64,1551,615
64,1552,615
64,1553,616
64,1554,616
64,1555,616
64,1556,616
64,1557,616
64,1558,692
64,1559,615
64,1560,615
64,1561,615
64,1562,615
64,1563,615
64,1564,615
64,1565,615
64,1566,616
64,1567,616
64,1568,616
64,1569,616
64,1570,616
64,1571,615
64,1572,615
64,1573,615
64,1574,615
64,1575,692
64,1576,615
64,1577,615
64,1578,615
64,1579,616
64,1580,616
64,1581,616
64,1582,616
64,1583,616
64,1584,692
64,1585,615
64,1586,615
64,1587,615
64,1588,615
64,1589,615
64,1590,692
64,1591,615
64,1592,615
64,1593,615
64,1594,615
64,1595,615
64,1596,616
64,1597,616
64,1598,616
64,1599,616
64,1600,616
64,1601,615
64,1602,615
64,1603,615
64,1604,615
64,1605,615
64,1606,615
64,1607,615
64,1608,615
64,1609,616
64,1610,616
64,1611,616
64,1612,616
64,1613,616
64,1614,615
64,1615,615
64,1616,615
64,1617,615
64,1618,615
64,1619,615
64,1620,615
64,1621,384
64,1622,846
64,1623,616
64,1624,616
64,1625,616
64,1626,616
64,1627,615
64,1628,846
64,1629,846
64,1630,846
64,1631,615
64,1632,615
64,1633,615
64,1634,615
64,1635,615
64,1636,846
64,1637,616
64,1638,616
64,1639,616
64,1640,615
64,1641,615
64,1642,615
64,1643,615
64,1644,615
64,1645,615
64,1646,615
64,1647,846
64,1648,615
64,1649,615
64,1650,615
64,1651,616
64,1652,616
64,1653,616
64,1654,616
64,1655,616
64,1656,615
64,1657,615
64,1658,615
64,1659,615
64,1660,615
64,1661,616
64,1662,616
64,1663,616
64,1664,616
64,1665,616
64,1666,615
64,1667,615
64,1668,615
64,1669,615
64,1670,615
64,1671,615
64,1672,615
64,1673,615
64,1674,615
64,1675,846
64,1676,615
64,1677,616
64,1678,616
64,1679,616
64,1680,616
64,1681,616
64,1682,615
64,1683,384
64,1684,615
64,1685,615
64,1686,615
64,1687,616
64,1688,616
64,1689,616
64,1690,616
64,1691,616
64,1692,615
64,1693,615
64,1694,615
64,1695,615
64,1696,615
64,1697,615
64,1698,615
64,1699,615
64,1700,616
64,1701,616
64,1702,616
64,1703,616
64,1704,615
64,1705,615
64,1706,615
64,1707,615
64,1708,615
64,1709,615
64,1710,615
64,1711,692
64,1712,615
64,1713,616
64,1714,616
64,1715,616
64,1716,616
64,1717,615
64,1718,615
64,1719,615
64,1720,615
64,1721,615
64,1722,615
64,1723,615
64,1724,615
64,1725,616
64,1726,616
64,1727,616
64,1728,616
64,1729,616
64,1730,615
64,1731,615
64,1732,615
64,1733,615
64,1734,615
64,1735,615
64,1736,615
64,1737,615
64,1738,616
64,1739,616
64,1740,616
64,1741,616
64,1742,846
64,1743,615
64,1744,615
64,1745,615
64,1746,615
64,1747,615
64,1748,615
64,1749,615
64,1750,615
64,1751,616
64,1752,616
64,1753,616
64,1754,616
64,1755,616
64,1756,615
64,1757,615
64,1758,615
64,1759,615
64,1760,615
64,1761,846
64,1762,616
64,1763,846
64,1764,616
64,1765,616
64,1766,615
64,1767,615
64,1768,615
64,1769,615
64,1770,615
64,1771,615
64,1772,615
64,1773,615
64,1774,616
64,1775,616
64,1776,616
64,1777,616
64,1778,616
64,1779,615
64,1780,615
64,1781,615
64,1782,615
64,1783,615
64,1784,615
64,1785,615
64,1786,616
64,1787,616
64,1788,616
64,1789,616
64,1790,616
64,1791,616
64,1792,615
64,1793,615
64,1794,615
64,1795,615
64,1796,615
64,1797,615
64,1798,615
64,1799,615
64,1800,616
64,1801,616
64,1802,616
64,1803,616
64,1804,616
64,1805,615
64,1806,615
64,1807,615
64,1808,615
64,1809,615
64,1810,615
64,1811,615
64,1812,615
64,1813,616
64,1814,693
64,1815,616
64,1816,616
64,1817,615
64,1818,615
64,1819,615
64,1820,615
64,1821,615
64,1822,615
64,1823,615
64,1824,615
64,1825,616
64,1826,616
64,1827,616
64,1828,616
64,1829,616
64,1830,615
64,1831,615
64,1832,615
64,1833,615
64,1834,615
64,1835,615
64,1836,615
64,1837,615
64,1838,616
64,1839,616
64,1840,616
64,1841,616
64,1842,616
64,1843,615
64,1844,615
64,1845,615
64,1846,615
64,1847,692
64,1848,615
64,1849,615
64,1850,615
64,1851,615
64,1852,616
64,1853,616
64,1854,616
64,1855,616
64,1856,616
64,1857,615
64,1858,615
64,1859,692
64,1860,615
64,1861,615
64,1862,615
64,1863,615
64,1864,615
64,1865,616
64,1866,616
64,1867,616
64,1868,616
64,1869,616
64,1870,615
64,1871,692
64,1872,692
64,1873,692
64,1874,615
64,1875,692
64,1876,615
64,1877,692
64,1878,616
64,1879,693
64,1880,616
64,1881,539
64,1882,615
64,1883,615
64,1884,615
64,1885,615
64,1886,615
64,1887,615
64,1888,615
64,1889,615
64,1890,615
64,1891,616
64,1892,616
64,1893,616
64,1894,616
64,1895,539
64,1896,692
64,1897,615
64,1898,615
64,1899,615
64,1900,615
64,1901,615
64,1902,615
64,1903,616
64,1904,616
64,1905,616
64,1906,616
64,1907,616
64,1908,615
64,1909,615
64,1910,615
64,1911,615
64,1912,615
64,1913,615
64,1914,615
64,1915,615
64,1916,616
64,1917,616
64,1918,616
64,1919,616
64,1920,616
64,1921,615
64,1922,615
64,1923,384
64,1924,846
64,1925,615
64,1926,616
64,1927,616
64,1928,615
64,1929,616
64,1930,616
64,1931,846
64,1932,615
64,1933,615
64,1934,615
64,1935,615
64,1936,616
64,1937,616
64,1938,616
64,1939,616
64,1940,616
64,1941,615
64,1942,615
64,1943,615
64,1944,692
64,1945,692
64,1946,615
64,1947,692
64,1948,615
64,1949,615
64,1950,616
64,1951,616
64,1952,616
64,1953,616
64,1954,616
64,1955,615
64,1956,615
64,1957,615
64,1958,615
64,1959,615
64,1960,615
64,1961,615
64,1962,615
64,1963,616
64,1964,616
64,1965,616
64,1966,616
64,1967,616
64,1968,615
64,1969,615
64,1970,615
64,1971,615
64,1972,615
64,1973,615
64,1974,615
64,1975,615
64,1976,616
64,1977,616
64,1978,616
64,1979,616
64,1980,616
64,1981,615
64,1982,615
64,1983,615
64,1984,615
64,1985,615
64,1986,615
64,1987,615
64,1988,615
64,1989,616
64,1990,616
64,1991,616
64,1992,616
64,1993,616
64,1994,615
64,1995,692
64,1996,615
64,1997,615
64,1998,692
64,1999,615
64,2000,615
64,2001,615
64,2002,616
64,2003,616
64,2004,616
64,2005,616
64,2006,616
64,2007,538
64,2008,615
64,2009,615
64,2010,615
64,2011,615
64,2012,615
64,2013,692
64,2014,692
64,2015,693
64,2016,616
64,2017,616
64,2018,616
64,2019,616
64,2020,615
64,2021,615
64,2022,615
64,2023,692
64,2024,615
64,2025,615
64,2026,615
64,2027,616
64,2028,616
64,2029,616
64,2030,616
64,2031,616
64,2032,615
64,2033,615
64,2034,615
64,2035,615
64,2036,615
64,2037,615
64,2038,615
64,2039,615
64,2040,616
64,2041,616
64,2042,616
64,2043,616
64,2044,616
64,2045,615
64,2046,615
64,2047,615
64,2048,615
64,2049,615
64,2050,615
64,2051,615
64,2052,615
64,2053,616
64,2054,616
64,2055,616
64,2056,616
64,2057,616
64,2058,615
64,2059,615
64,2060,615
64,2061,615
64,2062,615
64,2063,615
64,2064,615
64,2065,615
64,2066,616
64,2067,616
64,2068,616
64,2069,616
64,2070,616
64,2071,615
64,2072,846
64,2073,615
64,2074,615
64,2075,615
64,2076,385
64,2077,846
64,2078,615
64,2079,616
64,2080,616
64,2081,615
64,2082,615
64,2083,615
64,2084,615
64,2085,615
64,2086,615
64,2087,615
64,2088,615
64,2089,616
64,2090,616
64,2091,616
64,2092,616
64,2093,616
64,2094,615
64,2095,615
64,2096,615
64,2097,615
64,2098,615
64,2099,615
64,2100,538
64,2101,615
64,2102,616
64,2103,616
64,2104,616
64,2105,616
64,2106,616
64,2107,615
64,2108,615
64,2109,615
64,2110,615
64,2111,538
64,2112,615
64,2113,615
64,2114,616
64,2115,616
64,2116,616
64,2117,616
64,2118,616
64,2119,615
64,2120,615
64,2121,615
64,2122,615
64,2123,615
64,2124,615
64,2125,615
64,2126,615
64,2127,616
64,2128,616
64,2129,616
64,2130,616
64,2131,616
64,2132,615
64,2133,615
64,2134,615
64,2135,615
64,2136,615
64,2137,616
64,2138,616
64,2139,616
64,2140,616
64,2141,616
64,2142,615
64,2143,615
64,2144,615
64,2145,615
64,2146,615
64,2147,615
64,2148,615
64,2149,615
64,2150,616
64,2151,616
64,2152,846
64,2153,616
64,2154,847
64,2155,616
64,2156,385
64,2157,615
64,2158,615
64,2159,615
64,2160,615
64,2161,615
64,2162,846
64,2163,615
64,2164,615
64,2165,615
64,2166,616
64,2167,616
64,2168,616
64,2169,616
64,2170,616
64,2171,846
64,2172,615
64,2173,615
64,2174,615
64,2175,615
64,2176,615
64,2177,615
64,2178,615
64,2179,616
64,2180,616
64,2181,615
64,2182,615
64,2183,615
64,2184,615
64,2185,615
64,2186,615
64,2187,615
64,2188,615
64,2189,616
64,2190,616
64,2191,616
64,2192,616
64,2193,616
64,2194,615
64,2195,615
64,2196,615
64,2197,615
64,2198,615
64,2199,615
64,2200,615
64,2201,615
64,2202,616
64,2203,616
64,2204,616
64,2205,616
64,2206,616
64,2207,615
64,2208,615
64,2209,615
64,2210,615
64,2211,615
64,2212,615
64,2213,615
64,2214,616
64,2215,616
64,2216,616
64,2217,616
64,2218,616
64,2219,615
64,2220,615
64,2221,615
64,2222,615
64,2223,615
64,2224,615
64,2225,615
64,2226,692
64,2227,615
64,2228,616
64,2229,616
64,2230,616
64,2231,693
64,2232,616
64,2233,615
64,2234,615
64,2235,615
64,2236,615
64,2237,615
64,2238,615
64,2239,615
64,2240,615
64,2241,616
64,2242,616
64,2243,616
64,2244,616
64,2245,616
64,2246,615
64,2247,615
64,2248,615
64,2249,615
64,2250,615
64,2251,615
64,2252,615
64,2253,615
64,2254,616
64,2255,616
64,2256,616
64,2257,616
64,2258,616
64,2259,615
64,2260,615
64,2261,615
64,2262,615
64,2263,615
64,2264,615
64,2265,615
64,2266,615
64,2267,616
64,2268,616
64,2269,616
64,2270,616
64,2271,616
64,2272,692
64,2273,615
64,2274,846
64,2275,615
64,2276,846
64,2277,846
64,2278,847
64,2279,616
64,2280,616
64,2281,616
64,2282,616
64,2283,615
64,2284,615
64,2285,615
64,2286,615
64,2287,615
64,2288,615
64,2289,615
64,2290,615
64,2291,616
64,2292,616
64,2293,616
64,2294,616
64,2295,616
64,2296,615
64,2297,615
64,2298,615
64,2299,615
64,2300,615
64,2301,615
64,2302,615
64,2303,615
64,2304,616
64,2305,616
64,2306,616
64,2307,616
64,2308,616
64,2309,615
64,2310,615
64,2311,615
64,2312,615
64,2313,615
64,2314,615
64,2315,615
64,2316,615
64,2317,847
64,2318,616
64,2319,846
64,2320,616
64,2321,616
64,2322,615
64,2323,615
64,2324,615
64,2325,615
64,2326,615
64,2327,615
64,2328,615
64,2329,615
64,2330,616
64,2331,616
64,2332,616
64,2333,616
64,2334,616
64,2335,615
64,2336,615
64,2337,615
64,2338,615
64,2339,615
64,2340,615
64,2341,615
64,2342,615
64,2343,616
64,2344,616
64,2345,616
64,2346,616
64,2347,616
64,2348,615
64,2349,615
64,2350,615
64,2351,615
64,2352,615
64,2353,615
64,2354,615
64,2355,615
64,2356,616
64,2357,616
64,2358,616
64,2359,616
64,2360,616
64,2361,615
64,2362,615
64,2363,615
64,2364,615
64,2365,615
64,2366,615
64,2367,615
64,2368,615
64,2369,616
64,2370,616
64,2371,616
64,2372,616
64,2373,616
64,2374,615
64,2375,615
64,2376,615
64,2377,615
64,2378,615
64,2379,615
64,2380,615
64,2381,846
64,2382,616
64,2383,847
64,2384,846
64,2385,616
64,2386,616
64,2387,615
64,2388,615
64,2389,615
64,2390,846
64,2391,615
64,2392,615
64,2393,615
64,2394,615
64,2395,385
64,2396,616
64,2397,615
64,2398,615
64,2399,615
64,2400,615
64,2401,615
64,2402,615
64,2403,615
64,2404,615
64,2405,616
64,2406,616
64,2407,616
64,2408,616
64,2409,616
64,2410,615
64,2411,615
64,2412,615
64,2413,615
64,2414,615
64,2415,692
64,2416,692
64,2417,616
64,2418,616
64,2419,616
64,2420,616
64,2421,616
64,2422,615
64,2423,615
64,2424,615
64,2425,615
64,2426,615
64,2427,615
64,2428,615
64,2429,615
64,2430,616
64,2431,616
64,2432,616
64,2433,616
64,2434,616
64,2435,615
64,2436,615
64,2437,384
64,2438,615
64,2439,615
64,2440,616
64,2441,616
64,2442,616
64,2443,616
64,2444,616
64,2445,615
64,2446,615
64,2447,615
64,2448,615
64,2449,615
64,2450,615
64,2451,615
64,2452,615
64,2453,616
64,2454,616
64,2455,616
64,2456,616
64,2457,616
64,2458,615
64,2459,615
64,2460,615
64,2461,615
64,2462,615
64,2463,615
64,2464,615
64,2465,615
64,2466,616
64,2467,616
64,2468,616
64,2469,616
64,2470,616
64,2471,615
64,2472,615
64,2473,615
64,2474,615
64,2475,615
64,2476,538
64,2477,615
64,2478,616
64,2479,693
64,2480,616
64,2481,616
64,2482,616
64,2483,616
64,2484,615
64,2485,615
64,2486,615
64,2487,615
64,2488,692
64,2489,615
64,2490,615
64,2491,616
64,2492,616
64,2493,616
64,2494,616
64,2495,616
64,2496,692
64,2497,615
64,2498,538
64,2499,615
64,2500,615
64,2501,615
64,2502,615
64,2503,615
64,2504,616
64,2505,616
64,2506,616
64,2507,616
64,2508,616
64,2509,692
64,2510,615
64,2511,615
64,2512,615
64,2513,615
64,2514,615
64,2515,615
64,2516,615
64,2517,539
64,2518,616
64,2519,616
64,2520,616
64,2521,616
64,2522,615
64,2523,692
64,2524,538
64,2525,615
64,2526,692
64,2527,615
64,2528,692
64,2529,615
64,2530,616
64,2531,616
64,2532,616
64,2533,616
64,2534,616
64,2535,615
64,2536,615
64,2537,615
64,2538,615
64,2539,615
64,2540,615
64,2541,615
64,2542,615
64,2543,616
64,2544,616
64,2545,616
64,2546,616
64,2547,616
64,2548,615
64,2549,615
64,2550,615
64,2551,615
64,2552,615
64,2553,615
64,2554,615
64,2555,615
64,2556,616
64,2557,616
64,2558,616
64,2559,616
64,2560,616
64,2561,615
64,2562,384
64,2563,615
64,2564,615
64,2565,615
64,2566,616
64,2567,846
64,2568,615
64,2569,616
64,2570,616
64,2571,615
64,2572,615
64,2573,615
64,2574,615
64,2575,615
64,2576,615
64,2577,615
64,2578,615
64,2579,616
64,2580,616
64,2581,616
64,2582,616
64,2583,616
64,2584,615
64,2585,615
64,2586,615
64,2587,615
64,2588,615
64,2589,615
64,2590,615
64,2591,615
64,2592,616
64,2593,616
64,2594,616
64,2595,616
64,2596,616
64,2597,615
64,2598,615
64,2599,615
64,2600,615
64,2601,615
64,2602,615
64,2603,615
64,2604,615
64,2605,616
64,2606,616
64,2607,846
64,2608,847
64,2609,616
64,2610,615
64,2611,615
64,2612,615
64,2613,615
64,2614,846
64,2615,615
64,2616,616
64,2617,616
64,2618,616
64,2619,616
64,2620,616
64,2621,615
64,2622,692
64,2623,615
64,2624,615
64,2625,615
64,2626,538
64,2627,615
64,2628,692
64,2629,692
64,2630,616
64,2631,616
64,2632,616
64,2633,616
64,2634,616
64,2635,692
64,2636,615
64,2637,615
64,2638,615
64,2639,615
64,2640,615
64,2641,615
64,2642,616
64,2643,616
64,2644,616
64,2645,616
64,2646,616
64,2647,615
64,2648,615
64,2649,615
64,2650,615
64,2651,615
64,2652,615
64,2653,615
64,2654,615
64,2655,616
64,2656,616
64,2657,616
64,2658,616
64,2659,616
64,2660,615
64,2661,615
64,2662,615
64,2663,615
64,2664,615
64,2665,615
64,2666,615
64,2667,385
64,2668,616
64,2669,616
64,2670,615
64,2671,615
64,2672,615
64,2673,615
64,2674,615
64,2675,615
64,2676,615
64,2677,615
64,2678,616
64,2679,616
64,2680,616
64,2681,616
64,2682,616
64,2683,615
64,2684,615
64,2685,615
64,2686,615
64,2687,615
64,2688,615
64,2689,615
64,2690,539
64,2691,616
64,2692,616
64,2693,616
64,2694,616
64,2695,615
64,2696,615
64,2697,615
64,2698,615
64,2699,615
64,2700,615
64,2701,615
64,2702,615
64,2703,616
64,2704,616
64,2705,616
64,2706,616
64,2707,616
64,2708,615
64,2709,615
64,2710,615
64,2711,615
64,2712,615
64,2713,615
64,2714,615
64,2715,616
64,2716,616
64,2717,616
64,2718,846
64,2719,846
64,2720,615
64,2721,615
64,2722,846
64,2723,615
64,2724,615
64,2725,615
64,2726,846
64,2727,846
64,2728,616
64,2729,385
64,2730,616
64,2731,615
64,2732,615
64,2733,615
64,2734,615
64,2735,615
64,2736,615
64,2737,615
64,2738,615
64,2739,616
64,2740,616
64,2741,616
64,2742,616
64,2743,616
64,2744,615
64,2745,615
64,2746,615
64,2747,615
64,2748,615
64,2749,615
64,2750,615
64,2751,615
64,2752,616
64,2753,616
64,2754,616
64,2755,616
64,2756,616
64,2757,615
64,2758,615
64,2759,615
64,2760,615
64,2761,615
64,2762,615
64,2763,615
64,2764,615
64,2765,616
64,2766,616
64,2767,616
64,2768,616
64,2769,616
64,2770,615
64,2771,615
64,2772,615
64,2773,615
64,2774,615
64,2775,615
64,2776,615
64,2777,616
64,2778,616
64,2779,616
64,2780,616
64,2781,616
64,2782,615
64,2783,615
64,2784,615
64,2785,615
64,2786,615
64,2787,615
64,2788,615
64,2789,615
64,2790,616
64,2791,616
64,2792,616
64,2793,616
64,2794,616
64,2795,615
64,2796,615
64,2797,615
64,2798,615
64,2799,615
64,2800,615
64,2801,615
64,2802,615
64,2803,616
64,2804,616
64,2805,616
64,2806,616
64,2807,616
64,2808,615
64,2809,615
64,2810,615
64,2811,846
64,2812,615
64,2813,615
64,2814,846
64,2815,615
64,2816,616
64,2817,616
64,2818,616
64,2819,616
64,2820,616
64,2821,615
64,2822,846
64,2823,615
64,2824,615
64,2825,615
64,2826,385
64,2827,616
64,2828,615
64,2829,616
64,2830,616
64,2831,616
64,2832,616
64,2833,616
64,2834,384
64,2835,615
64,2836,615
64,2837,615
64,2838,615
64,2839,616
64,2840,616
64,2841,616
64,2842,616
64,2843,616
64,2844,615
64,2845,615
64,2846,615
64,2847,615
64,2848,615
64,2849,615
64,2850,615
64,2851,615
64,2852,616
64,2853,616
64,2854,616
64,2855,616
64,2856,616
64,2857,615
64,2858,615
64,2859,692
64,2860,615
64,2861,615
64,2862,615
64,2863,615
64,2864,615
64,2865,616
64,2866,616
64,2867,616
64,2868,616
64,2869,616
64,2870,615
64,2871,615
64,2872,615
64,2873,615
64,2874,615
64,2875,615
64,2876,615
64,2877,615
64,2878,616
64,2879,616
64,2880,616
64,2881,616
64,2882,616
64,2883,615
64,2884,615
64,2885,615
64,2886,615
64,2887,615
64,2888,615
64,2889,615
64,2890,615
64,2891,616
64,2892,616
64,2893,616
64,2894,616
64,2895,616
64,2896,615
64,2897,538
64,2898,615
64,2899,615
64,2900,615
64,2901,615
64,2902,615
64,2903,615
64,2904,616
64,2905,616
64,2906,616
64,2907,616
64,2908,692
64,2909,615
64,2910,615
64,2911,615
64,2912,615
64,2913,615
64,2914,615
64,2915,615
64,2916,615
64,2917,693
64,2918,616
64,2919,693
64,2920,616
64,2921,616
64,2922,615
64,2923,615
64,2924,615
64,2925,615
64,2926,615
64,2927,615
64,2928,615
64,2929,615
64,2930,616
64,2931,616
64,2932,616
64,2933,616
64,2934,616
64,2935,615
64,2936,615
64,2937,615
64,2938,615
64,2939,615
64,2940,615
64,2941,615
64,2942,615
64,2943,616
64,2944,616
64,2945,616
64,2946,616
64,2947,616
64,2948,615
64,2949,846
64,2950,615
64,2951,846
64,2952,615
64,2953,615
64,2954,615
64,2955,693
64,2956,616
64,2957,616
64,2958,616
64,2959,616
64,2960,615
64,2961,615
64,2962,615
64,2963,538
64,2964,615
64,2965,615
64,2966,615
64,2967,616
64,2968,616
64,2969,616
64,2970,616
64,2971,616
64,2972,615
64,2973,615
64,2974,615
64,2975,615
64,2976,615
64,2977,615
64,2978,615
64,2979,615
64,2980,616
64,2981,616
64,2982,616
64,2983,616
64,2984,616
64,2985,615
64,2986,615
64,2987,615
64,2988,615
64,2989,615
64,2990,385
64,2991,616
64,2992,616
64,2993,616
64,2994,616
64,2995,615
64,2996,615
64,2997,615
64,2998,615
64,2999,615
64,3000,615
64,3001,615
64,3002,615
64,3003,616
64,3004,616
64,3005,693
64,3006,616
64,3007,692
64,3008,615
64,3009,615
64,3010,615
64,3011,615
64,3012,615
64,3013,615
64,3014,538
64,3015,616
64,3016,616
64,3017,616
64,3018,616
64,3019,616
64,3020,615
64,3021,615
64,3022,615
64,3023,615
64,3024,615
64,3025,615
64,3026,615
64,3027,692
64,3028,616
64,3029,693
64,3030,693
64,3031,539
64,3032,693
64,3033,616
64,3034,615
64,3035,615
64,3036,615
64,3037,615
64,3038,615
64,3039,615
64,3040,615
64,3041,615
64,3042,616
64,3043,616
64,3044,616
64,3045,616
64,3046,616
64,3047,615
64,3048,615
64,3049,615
64,3050,692
64,3051,615
64,3052,615
64,3053,538
64,3054,616
64,3055,616
64,3056,616
64,3057,616
64,3058,616
64,3059,615
64,3060,615
64,3061,615
64,3062,615
64,3063,615
64,3064,615
64,3065,615
64,3066,615
64,3067,616
64,3068,616
64,3069,616
64,3070,616
64,3071,616
64,3072,615
64,3073,615
64,3074,615
64,3075,615
64,3076,615
64,3077,615
64,3078,615
64,3079,615
64,3080,616
64,3081,616
64,3082,616
64,3083,616
64,3084,616
64,3085,615
64,3086,615
64,3087,615
64,3088,615
64,3089,384
64,3090,616
64,3091,616
64,3092,616
64,3093,616
64,3094,616
64,3095,615
64,3096,615
64,3097,615
64,3098,615
64,3099,615
64,3100,615
64,3101,615
64,3102,615
64,3103,616
64,3104,616
64,3105,616
64,3106,616
64,3107,616
64,3108,615
64,3109,615
64,3110,615
64,3111,615
64,3112,615
64,3113,615
64,3114,615
64,3115,615
64,3116,539
64,3117,616
64,3118,616
64,3119,616
64,3120,615
64,3121,615
64,3122,615
64,3123,615
64,3124,615
64,3125,615
64,3126,615
64,3127,615
64,3128,616
64,3129,616
64,3130,616
64,3131,616
64,3132,616
64,3133,615
64,3134,615
64,3135,615
64,3136,615
64,3137,615
64,3138,615
64,3139,615
64,3140,615
64,3141,616
64,3142,616
64,3143,385
64,3144,615
64,3145,615
64,3146,615
64,3147,615
64,3148,615
64,3149,615
64,3150,615
64,3151,616
64,3152,616
64,3153,616
64,3154,616
64,3155,616
64,3156,615
64,3157,615
64,3158,615
64,3159,846
64,3160,846
64,3161,615
64,3162,615
64,3163,615
64,3164,616
64,3165,616
64,3166,616
64,3167,616
64,3168,616
64,3169,616
64,3170,615
64,3171,615
64,3172,615
64,3173,615
64,3174,615
64,3175,615
64,3176,615
64,3177,616
64,3178,616
64,3179,616
64,3180,616
64,3181,616
64,3182,615
64,3183,615
64,3184,615
64,3185,615
64,3186,615
64,3187,615
64,3188,846
64,3189,615
64,3190,616
64,3191,616
64,3192,616
64,3193,616
64,3194,616
64,3195,615
64,3196,615
64,3197,615
64,3198,615
64,3199,615
64,3200,615
64,3201,615
64,3202,615
64,3203,616
64,3204,616
64,3205,616
64,3206,616
64,3207,616
64,3208,615
64,3209,615
64,3210,615
64,3211,615
64,3212,615
64,3213,615
64,3214,615
64,3215,615
64,3216,616
64,3217,616
64,3218,616
64,3219,616
64,3220,616
64,3221,615
64,3222,615
64,3223,615
64,3224,615
64,3225,615
64,3226,615
64,3227,615
64,3228,615
64,3229,616
64,3230,616
64,3231,616
64,3232,616
64,3233,616
64,3234,615
64,3235,615
64,3236,615
64,3237,615
64,3238,615
64,3239,615
64,3240,615
64,3241,615
64,3242,616
64,3243,616
64,3244,616
64,3245,616
64,3246,616
64,3247,615
64,3248,615
64,3249,615
64,3250,615
64,3251,846
64,3252,615
64,3253,846
64,3254,615
64,3255,616
64,3256,846
64,3257,615
64,3258,616
64,3259,616
64,3260,615
64,3261,615
64,3262,615
64,3263,615
64,3264,615
64,3265,615
64,3266,615
64,3267,615
64,3268,616
64,3269,616
64,3270,616
64,3271,616
64,3272,616
64,3273,615
64,3274,615
64,3275,615
64,3276,615
64,3277,615
64,3278,615
64,3279,615
64,3280,615
64,3281,616
64,3282,616
64,3283,616
64,3284,616
64,3285,539
64,3286,692
64,3287,615
64,3288,615
64,3289,615
64,3290,615
64,3291,615
64,3292,615
64,3293,615
64,3294,616
64,3295,616
64,3296,846
64,3297,616
64,3298,616
64,3299,616
64,3300,616
64,3301,616
64,3302,615
64,3303,615
64,3304,615
64,3305,615
64,3306,615
64,3307,615
64,3308,615
64,3309,615
64,3310,616
64,3311,616
64,3312,616
64,3313,616
64,3314,616
64,3315,615
64,3316,615
64,3317,615
64,3318,384
64,3319,846
64,3320,615
64,3321,385
64,3322,616
64,3323,616
64,3324,616
64,3325,615
64,3326,615
64,3327,615
64,3328,615
64,3329,615
64,3330,615
64,3331,615
64,3332,615
64,3333,616
64,3334,616
64,3335,616
64,3336,616
64,3337,616
64,3338,615
64,3339,846
64,3340,846
64,3341,846
64,3342,846
64,3343,615
64,3344,846
64,3345,615
64,3346,615
64,3347,615
64,3348,385
64,3349,616
64,3350,616
64,3351,846
64,3352,385
64,3353,846
64,3354,846
64,3355,846
64,3356,384
64,3357,846
64,3358,615
64,3359,615
64,3360,615
64,3361,615
64,3362,616
64,3363,616
64,3364,616
64,3365,616
64,3366,616
64,3367,615
64,3368,615
64,3369,615
64,3370,615
64,3371,615
64,3372,615
64,3373,615
64,3374,615
64,3375,616
64,3376,616
64,3377,616
64,3378,616
64,3379,616
64,3380,615
64,3381,615
64,3382,615
64,3383,846
64,3384,615
64,3385,616
64,3386,616
64,3387,616
64,3388,616
64,3389,616
64,3390,615
64,3391,615
64,3392,615
64,3393,615
64,3394,615
64,3395,615
64,3396,615
64,3397,615
64,3398,616
64,3399,616
64,3400,616
64,3401,616
64,3402,616
64,3403,615
64,3404,615
64,3405,615
64,3406,615
64,3407,615
64,3408,615
64,3409,615
64,3410,615
64,3411,616
64,3412,616
64,3413,616
64,3414,616
64,3415,692
64,3416,692
64,3417,615
64,3418,615
64,3419,615
64,3420,615
64,3421,615
64,3422,692
64,3423,692
64,3424,693
64,3425,539
64,3426,616
64,3427,616
64,3428,615
64,3429,615
64,3430,615
64,3431,615
64,3432,615
64,3433,615
64,3434,615
64,3435,615
64,3436,616
64,3437,616
64,3438,616
64,3439,616
64,3440,846
64,3441,384
64,3442,615
64,3443,615
64,3444,615
64,3445,615
64,3446,616
64,3447,616
64,3448,616
64,3449,616
64,3450,616
64,3451,615
64,3452,615
64,3453,692
64,3454,538
64,3455,692
64,3456,615
64,3457,615
64,3458,616
64,3459,616
64,3460,616
64,3461,616
64,3462,616
64,3463,615
64,3464,615
64,3465,615
64,3466,615
64,3467,615
64,3468,615
64,3469,615
64,3470,615
64,3471,616
64,3472,616
64,3473,616
64,3474,5847
64,3475,616
64,3476,616
64,3477,616
64,3478,616
64,3479,615
64,3480,615
64,3481,615
64,3482,615
64,3483,615
64,3484,615
64,3485,615
64,3486,615
64,3487,616
64,3488,616
64,3489,616
64,3490,616
64,3491,616
64,3492,615
64,3493,615
64,3494,615
64,3495,615
64,3496,615
64,3497,616
64,3498,616
64,3499,616
64,3500,616
64,3501,616
64,3502,615
64,3503,846
64,3504,616
64,3505,615
64,3506,615
64,3507,615
64,3508,615
64,3509,846
64,3510,846
64,3511,615
64,3512,615
64,3513,616
64,3514,616
64,3515,616
64,3516,385
64,3517,615
64,3518,615
64,3519,615
64,3520,846
64,3521,615
64,3522,615
64,3523,616
64,3524,616
64,3525,616
64,3526,616
64,3527,847
64,3528,846
64,3529,615
64,3530,615
64,3531,615
64,3532,615
64,3533,615
64,3534,615
64,3535,615
64,3536,846
64,3537,616
64,3538,846
64,3539,616
64,3540,616
64,3541,616
64,3542,615
64,3543,846
64,3544,615
64,3545,615
64,3546,615
64,3547,615
64,3548,615
64,3549,615
64,3550,615
64,3551,615
64,3552,616
64,3553,616
64,3554,616
64,3555,616
64,3556,616
64,3557,615
64,3558,615
64,3559,615
64,3560,615
64,3561,615
64,3562,692
64,3563,615
64,3564,615
64,3565,616
64,3566,616
64,3567,693
64,3568,693
64,3569,616
64,3570,615
64,3571,692
64,3572,538
64,3573,615
64,3574,692
64,3575,615
64,3576,615
64,3577,615
64,3578,615
64,3579,616
64,3580,616
64,3581,693
64,3582,616
64,3583,616
64,3584,615
64,3585,615
64,3586,615
64,3587,615
64,3588,615
64,3589,615
64,3590,615
64,3591,615
64,3592,616
64,3593,616
64,3594,616
64,3595,693
64,3596,616
64,3597,615
64,3598,615
64,3599,615
64,3600,615
64,3601,615
64,3602,615
64,3603,615
64,3604,615
64,3605,616
64,3606,693
64,3607,616
64,3608,616
64,3609,616
64,3610,615
64,3611,615
64,3612,615
64,3613,615
64,3614,23077
64,3615,616
64,3616,616
64,3617,616
64,3618,847
64,3619,616
64,3620,616
64,3621,615
64,3622,846
64,3623,846
64,3624,615
64,3625,615
64,3626,615
64,3627,615
64,3628,615
64,3629,615
64,3630,615
64,3631,692
64,3632,693
64,3633,693
64,3634,616
64,3635,693
64,3636,616
64,3637,1154
64,3638,616
64,3639,616
64,3640,615
64,3641,615
64,3642,692
64,3643,615
64,3644,615
64,3645,615
64,3646,615
64,3647,846
64,3648,615
64,3649,615
64,3650,615
64,3651,615
64,3652,616
64,3653,616
64,3654,1539
64,3655,616
64,3656,847
64,3657,616
64,3658,616
64,3659,616
64,3660,615
64,3661,615
64,3662,615
64,3663,615
64,3664,615
64,3665,615
64,3666,615
64,3667,615
64,3668,616
64,3669,616
64,3670,616
64,3671,616
64,3672,616
64,3673,615
64,3674,615
64,3675,615
64,3676,615
64,3677,615
64,3678,615
64,3679,615
64,3680,615
64,3681,616
64,3682,616
64,3683,693
64,3684,616
64,3685,616
64,3686,615
64,3687,692
64,3688,538
64,3689,615
64,3690,615
64,3691,615
64,3692,615
64,3693,615
64,3694,616
64,3695,616
64,3696,616
64,3697,616
64,3698,616
64,3699,615
64,3700,615
64,3701,615
64,3702,615
64,3703,615
64,3704,615
64,3705,385
64,3706,616
64,3707,616
64,3708,616
64,3709,615
64,3710,615
64,3711,615
64,3712,615
64,3713,615
64,3714,615
64,3715,615
64,3716,615
64,3717,616
64,3718,616
64,3719,616
64,3720,616
64,3721,616
64,3722,615
64,3723,615
64,3724,615
64,3725,615
64,3726,615
64,3727,615
64,3728,615
64,3729,615
64,3730,616
64,3731,616
64,3732,616
64,3733,616
64,3734,1538
64,3735,692
64,3736,615
64,3737,615
64,3738,615
64,3739,615
64,3740,615
64,3741,615
64,3742,616
64,3743,616
64,3744,616
64,3745,616
64,3746,616
64,3747,615
64,3748,615
64,3749,615
64,3750,615
64,3751,615
64,3752,615
64,3753,615
64,3754,615
64,3755,616
64,3756,616
64,3757,693
64,3758,616
64,3759,616
64,3760,615
64,3761,615
64,3762,615
64,3763,615
64,3764,615
64,3765,615
64,3766,615
64,3767,615
64,3768,616
64,3769,616
64,3770,539
64,3771,616
64,3772,615
64,3773,615
64,3774,615
64,3775,615
64,3776,615
64,3777,615
64,3778,615
64,3779,615
64,3780,616
64,3781,616
64,3782,616
64,3783,616
64,3784,616
64,3785,384
64,3786,384
64,3787,615
64,3788,615
64,3789,615
64,3790,615
64,3791,615
64,3792,615
64,3793,616
64,3794,616
64,3795,616
64,3796,616
64,3797,616
64,3798,615
64,3799,615
64,3800,615
64,3801,615
64,3802,615
64,3803,615
64,3804,615
64,3805,615
64,3806,616
64,3807,616
64,3808,616
64,3809,616
64,3810,693
64,3811,615
64,3812,615
64,3813,615
64,3814,615
64,3815,615
64,3816,615
64,3817,615
64,3818,615
64,3819,616
64,3820,616
64,3821,846
64,3822,385
64,3823,846
64,3824,846
64,3825,615
64,3826,615
64,3827,615
64,3828,615
64,3829,616
64,3830,616
64,3831,616
64,3832,847
64,3833,385
64,3834,615
64,3835,615
64,3836,615
64,3837,615
64,3838,615
64,3839,615
64,3840,615
64,3841,615
64,3842,616
64,3843,616
64,3844,616
64,3845,616
64,3846,847
64,3847,846
64,3848,615
64,3849,615
64,3850,615
64,3851,615
64,3852,615
64,3853,615
64,3854,615
64,3855,616
64,3856,616
64,3857,616
64,3858,616
64,3859,616
64,3860,615
64,3861,615
64,3862,615
64,3863,615
64,3864,615
64,3865,615
64,3866,615
64,3867,615
64,3868,616
64,3869,616
64,3870,616
64,3871,616
64,3872,616
64,3873,615
64,3874,615
64,3875,615
64,3876,615
64,3877,615
64,3878,615
64,3879,615
64,3880,615
64,3881,616
64,3882,616
64,3883,616
64,3884,616
64,3885,616
64,3886,615
64,3887,615
64,3888,615
64,3889,615
64,3890,615
64,3891,615
64,3892,615
64,3893,615
64,3894,539
64,3895,616
64,3896,616
64,3897,616
64,3898,692
64,3899,615
64,3900,615
64,3901,615
64,3902,615
64,3903,692
64,3904,615
64,3905,615
64,3906,616
64,3907,616
64,3908,616
64,3909,616
64,3910,616
64,3911,692
64,3912,615
64,3913,538
64,3914,615
64,3915,615
64,3916,615
64,3917,615
64,3918,615
64,3919,616
64,3920,616
64,3921,616
64,3922,616
64,3923,616
64,3924,615
64,3925,615
64,3926,615
64,3927,615
64,3928,615
64,3929,615
64,3930,615
64,3931,846
64,3932,616
64,3933,616
64,3934,846
64,3935,846
64,3936,616
64,3937,615
64,3938,615
64,3939,615
64,3940,615
64,3941,846
64,3942,846
64,3943,615
64,3944,615
64,3945,616
64,3946,616
64,3947,616
64,3948,616
64,3949,616
64,3950,615
64,3951,615
64,3952,615
64,3953,615
64,3954,615
64,3955,615
64,3956,615
64,3957,615
64,3958,616
64,3959,616
64,3960,616
64,3961,616
64,3962,616
64,3963,615
64,3964,615
64,3965,692
64,3966,615
64,3967,615
64,3968,615
64,3969,615
64,3970,615
64,3971,616
64,3972,616
64,3973,616
64,3974,616
64,3975,693
64,3976,615
64,3977,615
64,3978,615
64,3979,692
64,3980,615
64,3981,615
64,3982,615
64,3983,615
64,3984,692
64,3985,692
64,3986,615
64,3987,615
64,3988,616
64,3989,616
64,3990,539
64,3991,616
64,3992,615
64,3993,615
64,3994,692
64,3995,615
64,3996,615
64,3997,615
64,3998,615
64,3999,692
64,4000,692
64,4001,616
64,4002,616
64,4003,616
64,4004,616
64,4005,615
64,4006,615
64,4007,615
64,4008,615
64,4009,615
64,4010,615
64,4011,615
64,4012,615
64,4013,616
64,4014,616
64,4015,616
64,4016,616
64,4017,616
64,4018,615
64,4019,615
64,4020,615
64,4021,615
64,4022,615
64,4023,615
64,4024,615
64,4025,615
64,4026,616
64,4027,616
64,4028,616
64,4029,616
64,4030,616
64,4031,615
64,4032,615
64,4033,615
64,4034,615
64,4035,615
64,4036,615
64,4037,615
64,4038,692
64,4039,615
64,4040,616
64,4041,616
64,4042,693
64,4043,616
64,4044,615
64,4045,615
64,4046,615
64,4047,692
64,4048,615
64,4049,615
64,4050,692
64,4051,615
64,4052,616
64,4053,616
64,4054,616
64,4055,616
64,4056,616
64,4057,615
64,4058,615
64,4059,615
64,4060,615
64,4061,615
64,4062,615
64,4063,692
64,4064,692
64,4065,616
64,4066,693
64,4067,616
64,4068,693
64,4069,693
64,4070,616
64,4071,615
64,4072,615
64,4073,615
64,4074,615
64,4075,538
64,4076,615
64,4077,615
64,4078,616
64,4079,616
64,4080,616
64,4081,616
64,4082,616
64,4083,616
64,4084,615
64,4085,615
64,4086,615
64,4087,615
64,4088,615
64,4089,615
64,4090,615
64,4091,692
64,4092,539
64,4093,616
64,4094,616
64,4095,693
64,4096,616
64,4097,615
64,4098,615
64,4099,615
64,4100,615
64,4101,615
64,4102,615
64,4103,615
64,4104,615
64,4105,616
64,4106,616
64,4107,616
64,4108,616
64,4109,616
64,4110,615
64,4111,615
64,4112,615
64,4113,615
64,4114,615
64,4115,615
64,4116,615
64,4117,615
64,4118,616
64,4119,616
64,4120,616
64,4121,616
64,4122,616
64,4123,615
64,4124,615
64,4125,615
64,4126,615
64,4127,846
64,4128,615
64,4129,615
64,4130,615
64,4131,615
64,4132,385
64,4133,616
64,4134,847
64,4135,616
64,4136,846
64,4137,615
64,4138,615
64,4139,615
64,4140,615
64,4141,615
64,4142,615
64,4143,615
64,4144,616
64,4145,616
64,4146,616
64,4147,616
64,4148,616
64,4149,615
64,4150,616
64,4151,616
64,4152,846
64,4153,615
64,4154,615
64,4155,615
64,4156,615
64,4157,616
64,4158,616
64,4159,616
64,4160,616
64,4161,616
64,4162,615
64,4163,615
64,4164,615
64,4165,615
64,4166,615
64,4167,615
64,4168,615
64,4169,615
64,4170,616
64,4171,616
64,4172,616
64,4173,616
64,4174,616
64,4175,615
64,4176,615
64,4177,615
64,4178,615
64,4179,615
64,4180,615
64,4181,615
64,4182,384
64,4183,616
64,4184,616
64,4185,616
64,4186,616
64,4187,616
64,4188,615
64,4189,615
64,4190,615
64,4191,615
64,4192,615
64,4193,615
64,4194,692
64,4195,615
64,4196,616
64,4197,616
64,4198,616
64,4199,616
64,4200,616
64,4201,615
64,4202,692
64,4203,615
64,4204,615
64,4205,615
64,4206,615
64,4207,615
64,4208,616
64,4209,616
64,4210,616
64,4211,616
64,4212,616
64,4213,615
64,4214,615
64,4215,615
64,4216,615
64,4217,615
64,4218,615
64,4219,615
64,4220,615
64,4221,616
64,4222,616
64,4223,616
64,4224,616
64,4225,616
64,4226,615
64,4227,615
64,4228,615
64,4229,615
64,4230,615
64,4231,615
64,4232,615
64,4233,615
64,4234,616
64,4235,693
64,4236,616
64,4237,616
64,4238,539
64,4239,615
64,4240,615
64,4241,615
64,4242,615
64,4243,615
64,4244,692
64,4245,615
64,4246,615
64,4247,616
64,4248,616
64,4249,616
64,4250,616
64,4251,616
64,4252,615
64,4253,615
64,4254,615
64,4255,615
64,4256,615
64,4257,615
64,4258,615
64,4259,615
64,4260,616
64,4261,616
64,4262,616
64,4263,616
64,4264,616
64,4265,615
64,4266,615
64,4267,615
64,4268,615
64,4269,615
64,4270,615
64,4271,615
64,4272,615
64,4273,616
64,4274,616
64,4275,616
64,4276,616
64,4277,616
64,4278,615
64,4279,615
64,4280,615
64,4281,615
64,4282,615
64,4283,615
64,4284,615
64,4285,615
64,4286,616
64,4287,616
64,4288,616
64,4289,616
64,4290,693
64,4291,616
64,4292,615
64,4293,615
64,4294,615
64,4295,615
64,4296,615
64,4297,615
64,4298,615
64,4299,615
64,4300,616
64,4301,616
64,4302,616
64,4303,616
64,4304,616
64,4305,538
64,4306,615
64,4307,692
64,4308,615
64,4309,615
64,4310,615
64,4311,615
64,4312,615
64,4313,616
64,4314,616
64,4315,616
64,4316,616
64,4317,616
64,4318,615
64,4319,615
64,4320,692
64,4321,615
64,4322,615
64,4323,615
64,4324,615
64,4325,615
64,4326,615
64,4327,846
64,4328,615
64,4329,846
64,4330,616
64,4331,616
64,4332,616
64,4333,616
64,4334,615
64,4335,846
64,4336,616
64,4337,615
64,4338,615
64,4339,615
64,4340,615
64,4341,615
64,4342,615
64,4343,615
64,4344,615
64,4345,616
64,4346,616
64,4347,616
64,4348,616
64,4349,616
64,4350,615
64,4351,615
64,4352,615
64,4353,615
64,4354,615
64,4355,615
64,4356,615
64,4357,615
64,4358,616
64,4359,693
64,4360,693
64,4361,539
64,4362,616
64,4363,615
64,4364,615
64,4365,615
64,4366,615
64,4367,692
64,4368,692
64,4369,615
64,4370,615
64,4371,615
64,4372,539
64,4373,616
64,4374,693
64,4375,616
64,4376,616
64,4377,615
64,4378,615
64,4379,615
64,4380,538
64,4381,615
64,4382,615
64,4383,692
64,4384,615
64,4385,616
64,4386,616
64,4387,616
64,4388,616
64,4389,615
64,4390,615
64,4391,615
64,4392,615
64,4393,615
64,4394,615
64,4395,615
64,4396,615
64,4397,616
64,4398,616
64,4399,616
64,4400,616
64,4401,616
64,4402,615
64,4403,615
64,4404,615
64,4405,615
64,4406,615
64,4407,615
64,4408,615
64,4409,615
64,4410,616
64,4411,616
64,4412,615
64,4413,615
64,4414,615
64,4415,615
64,4416,615
64,4417,615
64,4418,615
64,4419,615
64,4420,616
64,4421,616
64,4422,616
64,4423,616
64,4424,616
64,4425,615
64,4426,615
64,4427,615
64,4428,615
64,4429,615
64,4430,615
64,4431,615
64,4432,615
64,4433,616
64,4434,616
64,4435,616
64,4436,616
64,4437,616
64,4438,615
64,4439,615
64,4440,615
64,4441,615
64,4442,615
64,4443,615
64,4444,615
64,4445,615
64,4446,616
64,4447,616
64,4448,616
64,4449,616
64,4450,616
64,4451,615
64,4452,538
64,4453,615
64,4454,615
64,4455,615
64,4456,615
64,4457,615
64,4458,616
64,4459,616
64,4460,616
64,4461,616
64,4462,616
64,4463,615
64,4464,615
64,4465,615
64,4466,615
64,4467,615
64,4468,616
64,4469,616
64,4470,616
64,4471,616
64,4472,616
64,4473,615
64,4474,615
64,4475,615
64,4476,615
64,4477,615
64,4478,615
64,4479,615
64,4480,846
64,4481,616
64,4482,615
64,4483,615
64,4484,616
64,4485,616
64,4486,616
64,4487,616
64,4488,616
64,4489,384
64,4490,615
64,4491,615
64,4492,615
64,4493,615
64,4494,616
64,4495,616
64,4496,616
64,4497,616
64,4498,616
64,4499,615
64,4500,615
64,4501,615
64,4502,615
64,4503,615
64,4504,615
64,4505,615
64,4506,615
64,4507,616
64,4508,616
64,4509,616
64,4510,616
64,4511,616
64,4512,615
64,4513,615
64,4514,538
64,4515,615
64,4516,615
64,4517,615
64,4518,615
64,4519,692
64,4520,616
64,4521,616
64,4522,539
64,4523,616
64,4524,692
64,4525,692
64,4526,692
64,4527,615
64,4528,615
64,4529,615
64,4530,615
64,4531,615
64,4532,615
64,4533,616
64,4534,616
64,4535,693
64,4536,616
64,4537,616
64,4538,615
64,4539,615
64,4540,615
64,4541,615
64,4542,615
64,4543,615
64,4544,615
64,4545,616
64,4546,616
64,4547,616
64,4548,616
64,4549,616
64,4550,615
64,4551,615
64,4552,615
64,4553,615
64,4554,615
64,4555,846
64,4556,615
64,4557,846
64,4558,847
64,4559,616
64,4560,616
64,4561,616
64,4562,616
64,4563,615
64,4564,615
64,4565,615
64,4566,615
64,4567,615
64,4568,615
64,4569,615
64,4570,615
64,4571,616
64,4572,616
64,4573,616
64,4574,616
64,4575,616
64,4576,846
64,4577,384
64,4578,615
64,4579,846
64,4580,615
64,4581,616
64,4582,615
64,4583,615
64,4584,616
64,4585,616
64,4586,616
64,4587,616
64,4588,616
64,4589,615
64,4590,615
64,4591,846
64,4592,846
64,4593,615
64,4594,616
64,4595,616
64,4596,616
64,4597,616
64,4598,616
64,4599,615
64,4600,615
64,4601,615
64,4602,615
64,4603,615
64,4604,615
64,4605,615
64,4606,615
64,4607,616
64,4608,616
64,4609,616
64,4610,616
64,4611,616
64,4612,615
64,4613,615
64,4614,615
64,4615,615
64,4616,615
64,4617,615
64,4618,615
64,4619,615
64,4620,616
64,4621,616
64,4622,616
64,4623,616
64,4624,615
64,4625,615
64,4626,615
64,4627,615
64,4628,615
64,4629,615
64,4630,615
64,4631,615
64,4632,616
64,4633,616
64,4634,616
64,4635,616
64,4636,616
64,4637,615
64,4638,615
64,4639,615
64,4640,615
64,4641,615
64,4642,615
64,4643,615
64,4644,615
64,4645,616
64,4646,616
64,4647,616
64,4648,616
64,4649,616
64,4650,615
64,4651,615
64,4652,615
64,4653,615
64,4654,615
64,4655,615
64,4656,615
64,4657,615
64,4658,616
64,4659,616
64,4660,616
64,4661,693
64,4662,616
64,4663,615
64,4664,615
64,4665,615
64,4666,615
64,4667,615
64,4668,846
64,4669,846
64,4670,615
64,4671,615
64,4672,615
64,4673,615
64,4674,616
64,4675,616
64,4676,616
64,4677,616
64,4678,616
64,4679,615
64,4680,615
64,4681,615
64,4682,615
64,4683,615
64,4684,385
64,4685,846
64,4686,615
64,4687,616
64,4688,847
64,4689,616
64,4690,616
64,4691,616
64,4692,615
64,4693,615
64,4694,615
64,4695,846
64,4696,615
64,4697,385
64,4698,846
64,4699,616
64,4700,616
64,4701,616
64,4702,615
64,4703,846
64,4704,616
64,4705,615
64,4706,615
64,4707,615
64,4708,615
64,4709,615
64,4710,616
64,4711,616
64,4712,616
64,4713,616
64,4714,616
64,4715,615
64,4716,615
64,4717,846
64,4718,846
64,4719,615
64,4720,615
64,4721,615
64,4722,384
64,4723,616
64,4724,616
64,4725,616
64,4726,616
64,4727,616
64,4728,615
64,4729,615
64,4730,615
64,4731,615
64,4732,615
64,4733,615
64,4734,615
64,4735,615
64,4736,616
64,4737,616
64,4738,616
64,4739,616
64,4740,616
64,4741,615
64,4742,615
64,4743,615
64,4744,615
64,4745,615
64,4746,538
64,4747,692
64,4748,616
64,4749,616
64,4750,616
64,4751,693
64,4752,539
64,4753,615
64,4754,615
64,4755,692
64,4756,615
64,4757,615
64,4758,615
64,4759,615
64,4760,615
64,4761,616
64,4762,616
64,4763,616
64,4764,616
64,4765,616
64,4766,615
64,4767,615
64,4768,615
64,4769,615
64,4770,615
64,4771,615
64,4772,615
64,4773,615
64,4774,616
64,4775,616
64,4776,616
64,4777,616
64,4778,616
64,4779,615
64,4780,615
64,4781,615
64,4782,615
64,4783,615
64,4784,615
64,4785,615
64,4786,385
64,4787,616
64,4788,616
64,4789,615
64,4790,615
64,4791,615
64,4792,615
64,4793,615
64,4794,615
64,4795,615
64,4796,615
64,4797,615
64,4798,615
64,4799,616
64,4800,616
64,4801,616
64,4802,615
64,4803,615
64,4804,615
64,4805,615
64,4806,615
64,4807,615
64,4808,615
64,4809,615
64,4810,616
64,4811,616
64,4812,616
64,4813,616
64,4814,616
64,4815,615
64,4816,615
64,4817,615
64,4818,615
64,4819,615
64,4820,615
64,4821,615
64,4822,615
64,4823,616
64,4824,616
64,4825,616
64,4826,616
64,4827,692
64,4828,615
64,4829,615
64,4830,615
64,4831,615
64,4832,615
64,4833,615
64,4834,615
64,4835,615
64,4836,616
64,4837,616
64,4838,616
64,4839,616
64,4840,616
64,4841,615
64,4842,615
64,4843,615
64,4844,615
64,4845,615
64,4846,615
64,4847,615
64,4848,615
64,4849,616
64,4850,616
64,4851,616
64,4852,616
64,4853,616
64,4854,615
64,4855,615
64,4856,615
64,4857,615
64,4858,615
64,4859,615
64,4860,615
64,4861,615
64,4862,616
64,4863,616
64,4864,616
64,4865,616
64,4866,616
64,4867,615
64,4868,615
64,4869,615
64,4870,615
64,4871,615
64,4872,615
64,4873,615
64,4874,615
64,4875,616
64,4876,616
64,4877,693
64,4878,693
64,4879,539
64,4880,615
64,4881,615
64,4882,615
64,4883,615
64,4884,615
64,4885,615
64,4886,615
64,4887,692
64,4888,693
64,4889,616
64,4890,616
64,4891,616
64,4892,692
64,4893,692
64,4894,692
64,4895,615
64,4896,615
64,4897,615
64,4898,615
64,4899,692
64,4900,615
64,4901,616
64,4902,693
64,4903,616
64,4904,539
64,4905,615
64,4906,615
64,4907,615
64,4908,615
64,4909,615
64,4910,615
64,4911,615
64,4912,615
64,4913,616
64,4914,616
64,4915,616
64,4916,616
64,4917,616
64,4918,615
64,4919,692
64,4920,615
64,4921,615
64,4922,615
64,4923,615
64,4924,615
64,4925,615
64,4926,692
64,4927,539
64,4928,616
64,4929,616
64,4930,616
64,4931,615
64,4932,615
64,4933,615
64,4934,615
64,4935,615
64,4936,615
64,4937,615
64,4938,615
64,4939,616
64,4940,616
64,4941,616
64,4942,616
64,4943,616
64,4944,615
64,4945,615
64,4946,615
64,4947,615
64,4948,615
64,4949,615
64,4950,615
64,4951,616
64,4952,616
64,4953,616
64,4954,615
64,4955,615
64,4956,615
64,4957,615
64,4958,615
64,4959,615
64,4960,615
64,4961,615
64,4962,616
64,4963,616
64,4964,616
64,4965,616
64,4966,616
64,4967,615
64,4968,615
64,4969,615
64,4970,615
64,4971,615
64,4972,615
64,4973,615
64,4974,615
64,4975,616
64,4976,616
64,4977,616
64,4978,616
64,4979,616
64,4980,615
64,4981,615
64,4982,615
64,4983,615
64,4984,615
64,4985,615
64,4986,615
64,4987,615
64,4988,616
64,4989,616
64,4990,616
64,4991,616
64,4992,616
64,4993,615
64,4994,615
64,4995,615
64,4996,615
64,4997,615
64,4998,615
64,4999,615
64,5000,616
64,5001,616
64,5002,616
64,5003,693
64,5004,616
64,5005,615
64,5006,615
64,5007,615
64,5008,615
64,5009,615
64,5010,615
64,5011,846
64,5012,846
64,5013,616
64,5014,616
64,5015,616
64,5016,616
64,5017,616
64,5018,616
64,5019,616
64,5020,616
64,5021,615
64,5022,615
64,5023,615
64,5024,846
64,5025,615
64,5026,846
64,5027,615
64,5028,615
64,5029,616
64,5030,616
64,5031,615
64,5032,615
64,5033,615
64,5034,615
64,5035,615
64,5036,615
64,5037,615
64,5038,615
64,5039,616
64,5040,616
64,5041,616
64,5042,616
64,5043,616
64,5044,615
64,5045,615
64,5046,615
64,5047,615
64,5048,615
64,5049,615
64,5050,615
64,5051,615
64,5052,616
64,5053,616
64,5054,616
64,5055,616
64,5056,692
64,5057,615
64,5058,615
64,5059,615
64,5060,615
64,5061,615
64,5062,615
64,5063,385
64,5064,847
64,5065,616
64,5066,616
64,5067,846
64,5068,616
64,5069,615
64,5070,615
64,5071,615
64,5072,615
64,5073,615
64,5074,385
64,5075,616
64,5076,616
64,5077,616
64,5078,616
64,5079,615
64,5080,615
64,5081,615
64,5082,615
64,5083,615
64,5084,615
64,5085,615
64,5086,615
64,5087,616
64,5088,616
64,5089,616
64,5090,616
64,5091,616
64,5092,615
64,5093,615
64,5094,615
64,5095,615
64,5096,692
64,5097,615
64,5098,615
64,5099,616
64,5100,616
64,5101,616
64,5102,616
64,5103,616
64,5104,615
64,5105,615
64,5106,615
64,5107,615
64,5108,615
64,5109,615
64,5110,615
64,5111,615
64,5112,616
64,5113,385
64,5114,615
64,5115,615
64,5116,615
64,5117,615
64,5118,615
64,5119,846
64,5120,615
64,5121,615
64,5122,846
64,5123,615
64,5124,615
64,5125,616
64,5126,616
64,5127,616
64,5128,846
64,5129,616
64,5130,615
64,5131,846
64,5132,615
64,5133,615
64,5134,615
64,5135,616
64,5136,616
64,5137,616
64,5138,616
64,5139,616
64,5140,615
64,5141,615
64,5142,615
64,5143,615
64,5144,615
64,5145,615
64,5146,615
64,5147,615
64,5148,616
64,5149,616
64,5150,616
64,5151,616
64,5152,616
64,5153,615
64,5154,615
64,5155,615
64,5156,615
64,5157,615
64,5158,615
64,5159,615
64,5160,615
64,5161,616
64,5162,616
64,5163,616
64,5164,616
64,5165,616
64,5166,615
64,5167,615
64,5168,615
64,5169,615
64,5170,615
64,5171,615
64,5172,615
64,5173,615
64,5174,616
64,5175,616
64,5176,615
64,5177,385
64,5178,616
64,5179,615
64,5180,615
64,5181,615
64,5182,615
64,5183,846
64,5184,846
64,5185,615
64,5186,615
64,5187,846
64,5188,615
64,5189,846
64,5190,616
64,5191,847
64,5192,846
64,5193,615
64,5194,615
64,5195,615
64,5196,615
64,5197,615
64,5198,615
64,5199,615
64,5200,616
64,5201,616
64,5202,616
64,5203,616
64,5204,616
64,5205,615
64,5206,615
64,5207,615
64,5208,615
64,5209,615
64,5210,615
64,5211,615
64,5212,615
64,5213,616
64,5214,616
64,5215,616
64,5216,616
64,5217,616
64,5218,615
64,5219,615
64,5220,615
64,5221,615
64,5222,615
64,5223,615
64,5224,615
64,5225,846
64,5226,615
64,5227,846
64,5228,616
64,5229,616
64,5230,616
64,5231,615
64,5232,615
64,5233,615
64,5234,615
64,5235,615
64,5236,615
64,5237,615
64,5238,615
64,5239,616
64,5240,616
64,5241,616
64,5242,616
64,5243,616
64,5244,615
64,5245,615
64,5246,615
64,5247,615
64,5248,615
64,5249,615
64,5250,615
64,5251,616
64,5252,616
64,5253,616
64,5254,616
64,5255,616
64,5256,615
64,5257,615
64,5258,615
64,5259,615
64,5260,615
64,5261,615
64,5262,615
64,5263,615
64,5264,616
64,5265,616
64,5266,615
64,5267,846
64,5268,616
64,5269,615
64,5270,615
64,5271,615
64,5272,615
64,5273,615
64,5274,616
64,5275,616
64,5276,616
64,5277,616
64,5278,616
64,5279,615
64,5280,615
64,5281,615
64,5282,615
64,5283,615
64,5284,615
64,5285,615
64,5286,539
64,5287,616
64,5288,616
64,5289,616
64,5290,616
64,5291,692
64,5292,692
64,5293,692
64,5294,615
64,5295,692
64,5296,615
64,5297,615
64,5298,615
64,5299,615
64,5300,616
64,5301,616
64,5302,616
64,5303,693
64,5304,692
64,5305,615
64,5306,692
64,5307,615
64,5308,615
64,5309,615
64,5310,615
64,5311,615
64,5312,616
64,5313,616
64,5314,693
64,5315,616
64,5316,693
64,5317,615
64,5318,615
64,5319,615
64,5320,615
64,5321,615
64,5322,615
64,5323,615
64,5324,615
64,5325,616
64,5326,616
64,5327,616
64,5328,616
64,5329,616
64,5330,615
64,5331,615
64,5332,615
64,5333,615
64,5334,615
64,5335,615
64,5336,615
64,5337,615
64,5338,616
64,5339,616
64,5340,616
64,5341,616
64,5342,616
64,5343,615
64,5344,693
64,5345,616
64,5346,616
64,5347,616
64,5348,615
64,5349,615
64,5350,692
64,5351,615
64,5352,692
64,5353,615
64,5354,615
64,5355,615
64,5356,616
64,5357,616
64,5358,616
64,5359,616
64,5360,616
64,5361,615
64,5362,615
64,5363,615
64,5364,615
64,5365,615
64,5366,538
64,5367,692
64,5368,615
64,5369,616
64,5370,616
64,5371,616
64,5372,616
64,5373,615
64,5374,615
64,5375,615
64,5376,615
64,5377,615
64,5378,615
64,5379,615
64,5380,615
64,5381,616
64,5382,616
64,5383,616
64,5384,616
64,5385,616
64,5386,615
64,5387,615
64,5388,384
64,5389,615
64,5390,846
64,5391,846
64,5392,615
64,5393,615
64,5394,616
64,5395,616
64,5396,616
64,5397,616
64,5398,616
64,5399,615
64,5400,615
64,5401,615
64,5402,615
64,5403,615
64,5404,615
64,5405,615
64,5406,615
64,5407,847
64,5408,847
64,5409,385
64,5410,615
64,5411,846
64,5412,384
64,5413,615
64,5414,615
64,5415,615
64,5416,846
64,5417,616
64,5418,616
64,5419,616
64,5420,616
64,5421,616
64,5422,846
64,5423,616
64,5424,616
64,5425,615
64,5426,615
64,5427,384
64,5428,615
64,5429,615
64,5430,616
64,5431,616
64,5432,616
64,5433,616
64,5434,616
64,5435,615
64,5436,615
64,5437,615
64,5438,615
64,5439,615
64,5440,615
64,5441,615
64,5442,615
64,5443,616
64,5444,616
64,5445,616
64,5446,616
64,5447,616
64,5448,615
64,5449,615
64,5450,615
64,5451,538
64,5452,615
64,5453,615
64,5454,615
64,5455,616
64,5456,693
64,5457,616
64,5458,616
64,5459,616
64,5460,615
64,5461,615
64,5462,615
64,5463,692
64,5464,692
64,5465,615
64,5466,615
64,5467,692
64,5468,692
64,5469,616
64,5470,616
64,5471,693
64,5472,616
64,5473,616
64,5474,615
64,5475,615
64,5476,615
64,5477,615
64,5478,615
64,5479,615
64,5480,615
64,5481,616
64,5482,616
64,5483,616
64,5484,616
64,5485,616
64,5486,615
64,5487,615
64,5488,615
64,5489,615
64,5490,615
64,5491,615
64,5492,615
64,5493,615
64,5494,616
64,5495,616
64,5496,616
64,5497,615
64,5498,615
64,5499,615
64,5500,615
64,5501,615
64,5502,615
64,5503,846
64,5504,846
64,5505,615
64,5506,615
64,5507,616
64,5508,616
64,5509,385
64,5510,615
64,5511,385
64,5512,846
64,5513,615
64,5514,615
64,5515,615
64,5516,615
64,5517,616
64,5518,616
64,5519,616
64,5520,616
64,5521,616
64,5522,615
64,5523,615
64,5524,615
64,5525,615
64,5526,615
64,5527,615
64,5528,615
64,5529,615
64,5530,616
64,5531,616
64,5532,616
64,5533,616
64,5534,616
64,5535,615
64,5536,615
64,5537,615
64,5538,615
64,5539,615
64,5540,615
64,5541,615
64,5542,616
64,5543,693
64,5544,616
64,5545,616
64,5546,616
64,5547,616
64,5548,615
64,5549,615
64,5550,615
64,5551,615
64,5552,615
64,5553,615
64,5554,615
64,5555,615
64,5556,616
64,5557,616
64,5558,616
64,5559,847
64,5560,616
64,5561,615
64,5562,615
64,5563,615
64,5564,615
64,5565,615
64,5566,615
64,5567,615
64,5568,615
64,5569,616
64,5570,616
64,5571,616
64,5572,616
64,5573,616
64,5574,615
64,5575,615
64,5576,615
64,5577,615
64,5578,615
64,5579,615
64,5580,615
64,5581,615
64,5582,616
64,5583,616
64,5584,616
64,5585,616
64,5586,616
64,5587,615
64,5588,615
64,5589,615
64,5590,615
64,5591,615
64,5592,615
64,5593,615
64,5594,616
64,5595,693
64,5596,616
64,5597,616
64,5598,616
64,5599,615
64,5600,615
64,5601,615
64,5602,615
64,5603,615
64,5604,615
64,5605,615
64,5606,615
64,5607,616
64,5608,693
64,5609,616
64,5610,616
64,5611,616
64,5612,615
64,5613,615
64,5614,615
64,5615,615
64,5616,615
64,5617,615
64,5618,692
64,5619,538
64,5620,616
64,5621,616
64,5622,616
64,5623,616
64,5624,616
64,5625,615
64,5626,615
64,5627,615
64,5628,615
64,5629,615
64,5630,615
64,5631,615
64,5632,615
64,5633,616
64,5634,616
64,5635,693
64,5636,616
64,5637,616
64,5638,615
64,5639,615
64,5640,615
64,5641,615
64,5642,615
64,5643,615
64,5644,615
64,5645,615
64,5646,616
64,5647,616
64,5648,616
64,5649,616
64,5650,616
64,5651,615
64,5652,615
64,5653,615
64,5654,615
64,5655,615
64,5656,615
64,5657,615
64,5658,615
64,5659,616
64,5660,616
64,5661,616
64,5662,616
64,5663,616
64,5664,615
64,5665,615
64,5666,615
64,5667,615
64,5668,615
64,5669,615
64,5670,615
64,5671,615
64,5672,616
64,5673,616
64,5674,616
64,5675,616
64,5676,616
64,5677,615
64,5678,384
64,5679,846
64,5680,846
64,5681,615
64,5682,615
64,5683,615
64,5684,616
64,5685,616
64,5686,616
64,5687,616
64,5688,616
64,5689,616
64,5690,616
64,5691,615
64,5692,615
64,5693,615
64,5694,615
64,5695,615
64,5696,615
64,5697,615
64,5698,615
64,5699,616
64,5700,616
64,5701,616
64,5702,616
64,5703,616
64,5704,615
64,5705,615
64,5706,615
64,5707,615
64,5708,615
64,5709,615
64,5710,615
64,5711,615
64,5712,616
64,5713,616
64,5714,616
64,5715,616
64,5716,616
64,5717,615
64,5718,615
64,5719,615
64,5720,615
64,5721,615
64,5722,615
64,5723,615
64,5724,615
64,5725,616
64,5726,616
64,5727,616
64,5728,616
64,5729,616
64,5730,615
64,5731,615
64,5732,615
64,5733,615
64,5734,615
64,5735,615
64,5736,615
64,5737,615
64,5738,616
64,5739,616
64,5740,616
64,5741,616
64,5742,616
64,5743,615
64,5744,615
64,5745,615
64,5746,615
64,5747,615
64,5748,615
64,5749,615
64,5750,615
64,5751,616
64,5752,616
64,5753,616
64,5754,616
64,5755,616
64,5756,615
64,5757,615
64,5758,615
64,5759,615
64,5760,615
64,5761,615
64,5762,615
64,5763,615
64,5764,616
64,5765,616
64,5766,616
64,5767,616
64,5768,616
64,5769,615
64,5770,615
64,5771,615
64,5772,615
64,5773,615
64,5774,615
64,5775,615
64,5776,615
64,5777,616
64,5778,616
64,5779,616
64,5780,616
64,5781,615
64,5782,615
64,5783,615
64,5784,615
64,5785,615
64,5786,615
64,5787,615
64,5788,615
64,5789,616
64,5790,616
64,5791,616
64,5792,616
64,5793,616
64,5794,615
64,5795,615
64,5796,615
64,5797,615
64,5798,615
64,5799,615
64,5800,615
64,5801,615
64,5802,616
64,5803,693
64,5804,616
64,5805,693
64,5806,616
64,5807,616
64,5808,615
64,5809,615
64,5810,615
64,5811,615
64,5812,615
64,5813,615
64,5814,615
64,5815,616
64,5816,616
64,5817,616
64,5818,616
64,5819,616
64,5820,615
64,5821,615
64,5822,615
64,5823,615
64,5824,615
64,5825,615
64,5826,615
64,5827,615
64,5828,616
64,5829,616
64,5830,616
64,5831,616
64,5832,616
64,5833,615
64,5834,615
64,5835,615
64,5836,615
64,5837,615
64,5838,616
64,5839,616
64,5840,616
64,5841,616
64,5842,616
64,5843,615
64,5844,615
64,5845,615
64,5846,615
64,5847,615
64,5848,615
64,5849,615
64,5850,615
64,5851,615
64,5852,615
64,5853,615
64,5854,616
64,5855,616
64,5856,616
64,5857,616
64,5858,616
64,5859,615
64,5860,615
64,5861,615
64,5862,615
64,5863,615
64,5864,615
64,5865,615
64,5866,615
64,5867,616
64,5868,616
64,5869,616
64,5870,616
64,5871,616
64,5872,615
64,5873,615
64,5874,615
64,5875,615
64,5876,615
64,5877,846
64,5878,615
64,5879,615
64,5880,616
64,5881,616
64,5882,616
64,5883,615
64,5884,615
64,5885,846
64,5886,615
64,5887,615
64,5888,615
64,5889,615
64,5890,615
64,5891,616
64,5892,616
64,5893,616
64,5894,616
64,5895,615
64,5896,615
64,5897,615
64,5898,615
64,5899,615
64,5900,615
64,5901,615
64,5902,615
64,5903,616
64,5904,846
64,5905,616
64,5906,847
64,5907,616
64,5908,615
64,5909,615
64,5910,846
64,5911,846
64,5912,615
64,5913,615
64,5914,615
64,5915,846
64,5916,616
64,5917,616
64,5918,616
64,5919,616
64,5920,616
64,5921,615
64,5922,615
64,5923,615
64,5924,615
64,5925,615
64,5926,615
64,5927,615
64,5928,615
64,5929,616
64,5930,616
64,5931,616
64,5932,616
64,5933,616
64,5934,615
64,5935,615
64,5936,615
64,5937,615
64,5938,615
64,5939,615
64,5940,615
64,5941,615
64,5942,616
64,5943,616
64,5944,616
64,5945,616
64,5946,539
64,5947,692
64,5948,615
64,5949,692
64,5950,615
64,5951,615
64,5952,615
64,5953,615
64,5954,616
64,5955,616
64,5956,616
64,5957,616
64,5958,616
64,5959,615
64,5960,615
64,5961,615
64,5962,615
64,5963,615
64,5964,615
64,5965,615
64,5966,615
64,5967,616
64,5968,616
64,5969,616
64,5970,616
64,5971,616
64,5972,615
64,5973,615
64,5974,615
64,5975,615
64,5976,615
64,5977,615
64,5978,615
64,5979,615
64,5980,616
64,5981,616
64,5982,616
64,5983,616
64,5984,616
64,5985,615
64,5986,615
64,5987,615
64,5988,615
64,5989,615
64,5990,615
64,5991,615
64,5992,615
64,5993,616
64,5994,616
64,5995,616
64,5996,616
64,5997,616
64,5998,615
64,5999,615
64,6000,615
64,6001,615
64,6002,615
64,6003,615
64,6004,615
64,6005,615
64,6006,616
64,6007,616
64,6008,616
64,6009,616
64,6010,616
64,6011,615
64,6012,615
64,6013,615
64,6014,615
64,6015,615
64,6016,615
64,6017,615
64,6018,615
64,6019,616
64,6020,616
64,6021,616
64,6022,616
64,6023,616
64,6024,615
64,6025,538
64,6026,615
64,6027,693
64,6028,616
64,6029,616
64,6030,615
64,6031,615
64,6032,846
64,6033,615
64,6034,615
64,6035,615
64,6036,615
64,6037,615
64,6038,615
64,6039,615
64,6040,615
64,6041,616
64,6042,616
64,6043,616
64,6044,616
64,6045,616
64,6046,615
64,6047,615
64,6048,615
64,6049,615
64,6050,615
64,6051,615
64,6052,615
64,6053,615
64,6054,616
64,6055,616
64,6056,616
64,6057,616
64,6058,616
64,6059,615
64,6060,615
64,6061,615
64,6062,615
64,6063,615
64,6064,615
64,6065,615
64,6066,615
64,6067,616
64,6068,616
64,6069,616
64,6070,616
64,6071,616
64,6072,615
64,6073,615
64,6074,615
64,6075,615
64,6076,615
64,6077,615
64,6078,615
64,6079,615
64,6080,616
64,6081,616
64,6082,616
64,6083,616
64,6084,616
64,6085,615
64,6086,615
64,6087,615
64,6088,615
64,6089,615
64,6090,615
64,6091,615
64,6092,615
64,6093,616
64,6094,616
64,6095,616
64,6096,616
64,6097,616
64,6098,692
64,6099,615
64,6100,615
64,6101,615
64,6102,615
64,6103,615
64,6104,615
64,6105,615
64,6106,616
64,6107,616
64,6108,539
64,6109,616
64,6110,616
64,6111,615
64,6112,692
64,6113,615
64,6114,692
64,6115,615
64,6116,615
64,6117,615
64,6118,615
64,6119,616
64,6120,616
64,6121,616
64,6122,616
64,6123,616
64,6124,615
64,6125,615
64,6126,615
64,6127,615
64,6128,615
64,6129,615
64,6130,615
64,6131,615
64,6132,616
64,6133,616
64,6134,616
64,6135,616
64,6136,616
64,6137,615
64,6138,615
64,6139,615
64,6140,615
64,6141,615
64,6142,615
64,6143,615
64,6144,615
64,6145,616
64,6146,616
64,6147,616
64,6148,616
64,6149,616
64,6150,615
64,6151,615
64,6152,615
64,6153,615
64,6154,615
64,6155,846
64,6156,615
64,6157,846
64,6158,616
64,6159,847
64,6160,846
64,6161,616
64,6162,616
64,6163,615
64,6164,615
64,6165,615
64,6166,615
64,6167,846
64,6168,616
64,6169,616
64,6170,616
64,6171,616
64,6172,616
64,6173,615
64,6174,615
64,6175,615
64,6176,615
64,6177,615
64,6178,615
64,6179,615
64,6180,615
64,6181,616
64,6182,616
64,6183,616
64,6184,616
64,6185,616
64,6186,615
64,6187,615
64,6188,615
64,6189,615
64,6190,615
64,6191,615
64,6192,615
64,6193,615
64,6194,616
64,6195,616
64,6196,616
64,6197,616
64,6198,615
64,6199,615
64,6200,615
64,6201,615
64,6202,615
64,6203,615
64,6204,615
64,6205,615
64,6206,616
64,6207,616
64,6208,616
64,6209,616
64,6210,616
64,6211,615
64,6212,615
64,6213,615
64,6214,615
64,6215,615
64,6216,615
64,6217,615
64,6218,615
64,6219,616
64,6220,616
64,6221,616
64,6222,616
64,6223,616
64,6224,615
64,6225,615
64,6226,615
64,6227,615
64,6228,615
64,6229,615
64,6230,615
64,6231,615
64,6232,616
64,6233,616
64,6234,616
64,6235,616
64,6236,616
64,6237,615
64,6238,615
64,6239,615
64,6240,615
64,6241,615
64,6242,615
64,6243,615
64,6244,615
64,6245,616
64,6246,616
64,6247,846
64,6248,846
64,6249,616
64,6250,615
64,6251,615
64,6252,615
64,6253,615
64,6254,615
64,6255,616
64,6256,616
64,6257,616
64,6258,616
64,6259,616
64,6260,615
64,6261,615
64,6262,615
64,6263,615
64,6264,615
64,6265,615
64,6266,615
64,6267,615
64,6268,616
64,6269,846
64,6270,615
64,6271,616
64,6272,616
64,6273,615
64,6274,615
64,6275,615
64,6276,615
64,6277,615
64,6278,615
64,6279,615
64,6280,615
64,6281,616
64,6282,616
64,6283,616
64,6284,616
64,6285,616
64,6286,615
64,6287,615
64,6288,615
64,6289,615
64,6290,615
64,6291,615
64,6292,615
64,6293,615
64,6294,616
64,6295,616
64,6296,616
64,6297,616
64,6298,616
64,6299,615
64,6300,615
64,6301,615
64,6302,692
64,6303,615
64,6304,615
64,6305,615
64,6306,616
64,6307,616
64,6308,616
64,6309,616
64,6310,616
64,6311,615
64,6312,692
64,6313,615
64,6314,692
64,6315,692
64,6316,538
64,6317,615
64,6318,615
64,6319,616
64,6320,616
64,6321,616
64,6322,616
64,6323,616
64,6324,615
64,6325,615
64,6326,615
64,6327,692
64,6328,615
64,6329,615
64,6330,615
64,6331,615
64,6332,615
64,6333,616
64,6334,616
64,6335,616
64,6336,616
64,6337,616
64,6338,615
64,6339,615
64,6340,615
64,6341,615
64,6342,615
64,6343,615
64,6344,615
64,6345,615
64,6346,616
64,6347,616
64,6348,616
64,6349,616
64,6350,616
64,6351,846
64,6352,846
64,6353,616
64,6354,615
64,6355,384
64,6356,615
64,6357,615
64,6358,615
64,6359,846
64,6360,846
64,6361,615
64,6362,616
64,6363,616
64,6364,616
64,6365,616
64,6366,846
64,6367,615
64,6368,846
64,6369,616
64,6370,616
64,6371,615
64,6372,615
64,6373,846
64,6374,615
64,6375,615
64,6376,615
64,6377,615
64,6378,615
64,6379,616
64,6380,385
64,6381,616
64,6382,616
64,6383,616
64,6384,615
64,6385,615
64,6386,615
64,6387,615
64,6388,615
64,6389,615
64,6390,615
64,6391,615
64,6392,616
64,6393,616
64,6394,616
64,6395,616
64,6396,616
64,6397,615
64,6398,615
64,6399,615
64,6400,615
64,6401,615
64,6402,615
64,6403,615
64,6404,615
64,6405,385
64,6406,847
64,6407,846
64,6408,616
64,6409,616
64,6410,615
64,6411,615
64,6412,615
64,6413,615
64,6414,615
64,6415,846
64,6416,846
64,6417,616
64,6418,847
64,6419,616
64,6420,385
64,6421,615
64,6422,615
64,6423,615
64,6424,615
64,6425,615
64,6426,615
64,6427,846
64,6428,615
64,6429,616
64,6430,616
64,6431,616
64,6432,847
64,6433,616
64,6434,846
64,6435,846
64,6436,384
64,6437,615
64,6438,615
64,6439,846
64,6440,615
64,6441,615
64,6442,616
64,6443,616
64,6444,616
64,6445,616
64,6446,615
64,6447,615
64,6448,846
64,6449,615
64,6450,615
64,6451,615
64,6452,615
64,6453,615
64,6454,616
64,6455,616
64,6456,616
64,6457,616
64,6458,616
64,6459,615
64,6460,615
64,6461,615
64,6462,615
64,6463,615
64,6464,615
64,6465,615
64,6466,615
64,6467,616
64,6468,616
64,6469,616
64,6470,616
64,6471,616
64,6472,615
64,6473,615
64,6474,615
64,6475,615
64,6476,615
64,6477,615
64,6478,615
64,6479,615
64,6480,616
64,6481,616
64,6482,616
64,6483,616
64,6484,616
64,6485,615
64,6486,615
64,6487,615
64,6488,615
64,6489,615
64,6490,615
64,6491,615
64,6492,615
64,6493,616
64,6494,616
64,6495,616
64,6496,616
64,6497,616
64,6498,615
64,6499,615
64,6500,615
64,6501,615
64,6502,615
64,6503,615
64,6504,615
64,6505,615
64,6506,616
64,6507,616
64,6508,616
64,6509,616
64,6510,616
64,6511,615
64,6512,615
64,6513,615
64,6514,615
64,6515,615
64,6516,615
64,6517,615
64,6518,692
64,6519,616
64,6520,616
64,6521,616
64,6522,616
64,6523,616
64,6524,615
64,6525,615
64,6526,615
64,6527,615
64,6528,615
64,6529,615
64,6530,615
64,6531,615
64,6532,616
64,6533,539
64,6534,616
64,6535,693
64,6536,616
64,6537,615
64,6538,615
64,6539,615
64,6540,615
64,6541,615
64,6542,615
64,6543,615
64,6544,616
64,6545,616
64,6546,616
64,6547,616
64,6548,616
64,6549,615
64,6550,615
64,6551,615
64,6552,615
64,6553,615
64,6554,615
64,6555,385
64,6556,616
64,6557,616
64,6558,616
64,6559,615
64,6560,615
64,6561,615
64,6562,615
64,6563,615
64,6564,615
64,6565,615
64,6566,615
64,6567,616
64,6568,616
64,6569,616
64,6570,616
64,6571,616
64,6572,615
64,6573,692
64,6574,692
64,6575,692
64,6576,615
64,6577,615
64,6578,615
64,6579,615
64,6580,616
64,6581,616
64,6582,616
64,6583,616
64,6584,616
64,6585,615
64,6586,615
64,6587,615
64,6588,615
64,6589,615
64,6590,615
64,6591,615
64,6592,615
64,6593,616
64,6594,616
64,6595,616
64,6596,616
64,6597,616
64,6598,615
64,6599,615
64,6600,615
64,6601,615
64,6602,615
64,6603,615
64,6604,615
64,6605,615
64,6606,616
64,6607,846
64,6608,846
64,6609,616
64,6610,385
64,6611,615
64,6612,615
64,6613,615
64,6614,615
64,6615,615
64,6616,615
64,6617,615
64,6618,615
64,6619,616
64,6620,616
64,6621,616
64,6622,616
64,6623,616
64,6624,615
64,6625,615
64,6626,615
64,6627,615
64,6628,615
64,6629,615
64,6630,615
64,6631,615
64,6632,616
64,6633,616
64,6634,616
64,6635,616
64,6636,616
64,6637,615
64,6638,615
64,6639,615
64,6640,615
64,6641,615
64,6642,615
64,6643,615
64,6644,616
64,6645,616
64,6646,616
64,6647,616
64,6648,616
64,6649,615
64,6650,615
64,6651,615
64,6652,615
64,6653,615
64,6654,615
64,6655,615
64,6656,615
64,6657,616
64,6658,616
64,6659,616
64,6660,616
64,6661,616
64,6662,615
64,6663,615
64,6664,615
64,6665,615
64,6666,615
64,6667,615
64,6668,615
64,6669,616
64,6670,616
64,6671,847
64,6672,615
64,6673,615
64,6674,615
64,6675,615
64,6676,384
64,6677,615
64,6678,615
64,6679,615
64,6680,846
64,6681,616
64,6682,616
64,6683,616
64,6684,616
64,6685,615
64,6686,615
64,6687,615
64,6688,615
64,6689,615
64,6690,615
64,6691,615
64,6692,615
64,6693,616
64,6694,616
64,6695,616
64,6696,616
64,6697,616
64,6698,615
64,6699,615
64,6700,615
64,6701,615
64,6702,615
64,6703,615
64,6704,615
64,6705,615
64,6706,616
64,6707,616
64,6708,616
64,6709,847
64,6710,616
64,6711,616
64,6712,616
64,6713,616
64,6714,615
64,6715,615
64,6716,615
64,6717,615
64,6718,615
64,6719,615
64,6720,615
64,6721,692
64,6722,615
64,6723,616
64,6724,616
64,6725,616
64,6726,616
64,6727,615
64,6728,615
64,6729,615
64,6730,615
64,6731,615
64,6732,615
64,6733,615
64,6734,615
64,6735,616
64,6736,616
64,6737,616
64,6738,616
64,6739,616
64,6740,615
64,6741,615
64,6742,615
64,6743,615
64,6744,615
64,6745,615
64,6746,615
64,6747,615
64,6748,616
64,6749,616
64,6750,616
64,6751,616
64,6752,616
64,6753,615
64,6754,615
64,6755,615
64,6756,615
64,6757,615
64,6758,615
64,6759,615
64,6760,615
64,6761,616
64,6762,616
64,6763,616
64,6764,616
64,6765,616
64,6766,615
64,6767,615
64,6768,615
64,6769,615
64,6770,615
64,6771,615
64,6772,615
64,6773,615
64,6774,616
64,6775,616
64,6776,616
64,6777,616
64,6778,616
64,6779,615
64,6780,615
64,6781,615
64,6782,615
64,6783,615
64,6784,615
64,6785,615
64,6786,615
64,6787,616
64,6788,616
64,6789,616
64,6790,616
64,6791,616
64,6792,615
64,6793,615
64,6794,615
64,6795,615
64,6796,615
64,6797,615
64,6798,615
64,6799,615
64,6800,616
64,6801,616
64,6802,616
64,6803,616
64,6804,616
64,6805,615
64,6806,615
64,6807,615
64,6808,615
64,6809,615
64,6810,615
64,6811,615
64,6812,615
64,6813,616
64,6814,616
64,6815,616
64,6816,616
64,6817,616
64,6818,615
64,6819,615
64,6820,615
64,6821,615
64,6822,615
64,6823,615
64,6824,615
64,6825,615
64,6826,616
64,6827,616
64,6828,616
64,6829,616
64,6830,616
64,6831,615
64,6832,615
64,6833,615
64,6834,615
64,6835,615
64,6836,615
64,6837,615
64,6838,616
64,6839,616
64,6840,616
64,6841,615
64,6842,615
64,6843,615
64,6844,615
64,6845,615
64,6846,615
64,6847,615
64,6848,615
64,6849,616
64,6850,616
64,6851,616
64,6852,616
64,6853,616
64,6854,615
64,6855,615
64,6856,615
64,6857,615
64,6858,615
64,6859,615
64,6860,615
64,6861,692
64,6862,616
64,6863,616
64,6864,616
64,6865,616
64,6866,616
64,6867,615
64,6868,615
64,6869,615
64,6870,615
64,6871,615
64,6872,615
64,6873,615
64,6874,615
64,6875,616
64,6876,616
64,6877,693
64,6878,616
64,6879,616
64,6880,615
64,6881,615
64,6882,692
64,6883,692
64,6884,692
64,6885,692
64,6886,538
64,6887,616
64,6888,616
64,6889,616
64,6890,616
64,6891,693
64,6892,616
64,6893,615
64,6894,615
64,6895,615
64,6896,615
64,6897,615
64,6898,615
64,6899,615
64,6900,615
64,6901,616
64,6902,616
64,6903,616
64,6904,616
64,6905,615
64,6906,615
64,6907,615
64,6908,615
64,6909,615
64,6910,615
64,6911,615
64,6912,615
64,6913,616
64,6914,616
64,6915,616
64,6916,616
64,6917,616
64,6918,615
64,6919,615
64,6920,615
64,6921,615
64,6922,615
64,6923,615
64,6924,615
64,6925,615
64,6926,616
64,6927,616
64,6928,616
64,6929,616
64,6930,616
64,6931,615
64,6932,615
64,6933,615
64,6934,615
64,6935,615
64,6936,615
64,6937,615
64,6938,615
64,6939,616
64,6940,616
64,6941,616
64,6942,616
64,6943,616
64,6944,615
64,6945,615
64,6946,615
64,6947,615
64,6948,615
64,6949,615
64,6950,615
64,6951,615
64,6952,616
64,6953,616
64,6954,616
64,6955,615
64,6956,615
64,6957,846
64,6958,615
64,6959,846
64,6960,615
64,6961,615
64,6962,616
64,6963,616
64,6964,846
64,6965,847
64,6966,616
64,6967,846
64,6968,616
64,6969,616
64,6970,615
64,6971,615
64,6972,615
64,6973,615
64,6974,615
64,6975,615
64,6976,615
64,6977,615
64,6978,616
64,6979,616
64,6980,616
64,6981,616
64,6982,615
64,6983,615
64,6984,615
64,6985,615
64,6986,615
64,6987,615
64,6988,616
64,6989,616
64,6990,616
64,6991,616
64,6992,616
64,6993,615
64,6994,615
64,6995,615
64,6996,615
64,6997,615
64,6998,615
64,6999,615
64,7000,615
64,7001,616
64,7002,616
64,7003,616
64,7004,616
64,7005,616
64,7006,615
64,7007,615
64,7008,615
64,7009,615
64,7010,615
64,7011,615
64,7012,615
64,7013,616
64,7014,616
64,7015,616
64,7016,616
64,7017,616
64,7018,615
64,7019,615
64,7020,615
64,7021,692
64,7022,615
64,7023,615
64,7024,615
64,7025,615
64,7026,615
64,7027,616
64,7028,616
64,7029,616
64,7030,616
64,7031,692
64,7032,615
64,7033,615
64,7034,615
64,7035,692
64,7036,615
64,7037,615
64,7038,615
64,7039,615
64,7040,616
64,7041,616
64,7042,616
64,7043,616
64,7044,616
64,7045,692
64,7046,692
64,7047,615
64,7048,615
64,7049,615
64,7050,615
64,7051,846
64,7052,692
64,7053,692
64,7054,615
64,7055,615
64,7056,615
64,7057,616
64,7058,616
64,7059,616
64,7060,616
64,7061,615
64,7062,615
64,7063,692
64,7064,615
64,7065,615
64,7066,615
64,7067,615
64,7068,615
64,7069,615
64,7070,616
64,7071,616
64,7072,693
64,7073,616
64,7074,616
64,7075,615
64,7076,615
64,7077,615
64,7078,615
64,7079,692
64,7080,692
64,7081,615
64,7082,615
64,7083,616
64,7084,616
64,7085,616
64,7086,616
64,7087,615
64,7088,692
64,7089,615
64,7090,615
64,7091,615
64,7092,615
64,7093,615
64,7094,615
64,7095,616
64,7096,616
64,7097,616
64,7098,616
64,7099,616
64,7100,615
64,7101,615
64,7102,615
64,7103,615
64,7104,615
64,7105,615
64,7106,615
64,7107,615
64,7108,616
64,7109,616
64,7110,616
64,7111,616
64,7112,616
64,7113,615
64,7114,615
64,7115,615
64,7116,615
64,7117,615
64,7118,615
64,7119,615
64,7120,616
64,7121,616
64,7122,847
64,7123,846
64,7124,616
64,7125,846
64,7126,615
64,7127,615
64,7128,615
64,7129,615
64,7130,615
64,7131,616
64,7132,616
64,7133,616
64,7134,616
64,7135,847
64,7136,616
64,7137,616
64,7138,616
64,7139,615
64,7140,615
64,7141,615
64,7142,615
64,7143,615
64,7144,615
64,7145,615
64,7146,615
64,7147,616
64,7148,616
64,7149,615
64,7150,615
64,7151,616
64,7152,384
64,7153,615
64,7154,615
64,7155,615
64,7156,615
64,7157,616
64,7158,616
64,7159,616
64,7160,616
64,7161,616
64,7162,615
64,7163,615
64,7164,615
64,7165,615
64,7166,615
64,7167,615
64,7168,615
64,7169,615
64,7170,616
64,7171,616
64,7172,616
64,7173,616
64,7174,616
64,7175,615
64,7176,615
64,7177,615
64,7178,615
64,7179,615
64,7180,615
64,7181,615
64,7182,615
64,7183,616
64,7184,616
64,7185,616
64,7186,616
64,7187,616
64,7188,615
64,7189,615
64,7190,615
64,7191,615
64,7192,615
64,7193,615
64,7194,615
64,7195,615
64,7196,616
64,7197,616
64,7198,616
64,7199,616
64,7200,615
64,7201,615
64,7202,615
64,7203,615
64,7204,615
64,7205,615
64,7206,615
64,7207,615
64,7208,616
64,7209,616
64,7210,616
64,7211,616
64,7212,616
64,7213,615
64,7214,615
64,7215,615
64,7216,846
64,7217,615
64,7218,616
64,7219,616
64,7220,616
64,7221,616
64,7222,616
64,7223,615
64,7224,615
64,7225,615
64,7226,615
64,7227,615
64,7228,615
64,7229,615
64,7230,615
64,7231,616
64,7232,616
64,7233,616
64,7234,616
64,7235,616
64,7236,615
64,7237,615
64,7238,615
64,7239,615
64,7240,615
64,7241,615
64,7242,615
64,7243,615
64,7244,616
64,7245,616
64,7246,616
64,7247,616
64,7248,616
64,7249,615
64,7250,615
64,7251,615
64,7252,692
64,7253,615
64,7254,615
64,7255,615
64,7256,692
64,7257,693
64,7258,693
64,7259,616
64,7260,616
64,7261,615
64,7262,615
64,7263,615
64,7264,615
64,7265,615
64,7266,615
64,7267,615
64,7268,615
64,7269,616
64,7270,616
64,7271,616
64,7272,616
64,7273,616
64,7274,615
64,7275,615
64,7276,615
64,7277,615
64,7278,615
64,7279,615
64,7280,615
64,7281,615
64,7282,616
64,7283,616
64,7284,616
64,7285,615
64,7286,615
64,7287,846
64,7288,615
64,7289,384
64,7290,615
64,7291,615
64,7292,616
64,7293,616
64,7294,616
64,7295,616
64,7296,616
64,7297,615
64,7298,615
64,7299,615
64,7300,615
64,7301,615
64,7302,615
64,7303,615
64,7304,615
64,7305,616
64,7306,616
64,7307,616
64,7308,616
64,7309,616
64,7310,615
64,7311,1846
64,7312,616
64,7313,616
64,7314,846
64,7315,616
64,7316,616
64,7317,616
64,7318,616
64,7319,616
64,7320,615
64,7321,615
64,7322,615
64,7323,615
64,7324,615
64,7325,615
64,7326,615
64,7327,692
64,7328,615
64,7329,616
64,7330,616
64,7331,616
64,7332,539
64,7333,615
64,7334,615
64,7335,692
64,7336,615
64,7337,615
64,7338,615
64,7339,615
64,7340,615
64,7341,615
64,7342,616
64,7343,616
64,7344,616
64,7345,616
64,7346,616
64,7347,615
64,7348,615
64,7349,615
64,7350,615
64,7351,615
64,7352,615
64,7353,615
64,7354,615
64,7355,616
64,7356,616
64,7357,616
64,7358,616
64,7359,616
64,7360,615
64,7361,615
64,7362,615
64,7363,615
64,7364,615
64,7365,615
64,7366,615
64,7367,615
64,7368,616
64,7369,616
64,7370,616
64,7371,616
64,7372,539
64,7373,615
64,7374,615
64,7375,692
64,7376,692
64,7377,615
64,7378,615
64,7379,615
64,7380,616
64,7381,616
64,7382,616
64,7383,616
64,7384,616
64,7385,615
64,7386,615
64,7387,615
64,7388,615
64,7389,615
64,7390,615
64,7391,615
64,7392,692
64,7393,616
64,7394,616
64,7395,616
64,7396,616
64,7397,616
64,7398,615
64,7399,615
64,7400,615
64,7401,615
64,7402,615
64,7403,615
64,7404,615
64,7405,615
64,7406,616
64,7407,616
64,7408,616
64,7409,616
64,7410,616
64,7411,615
64,7412,615
64,7413,615
64,7414,615
64,7415,846
64,7416,615
64,7417,615
64,7418,615
64,7419,615
64,7420,615
64,7421,615
64,7422,616
64,7423,616
64,7424,616
64,7425,616
64,7426,616
64,7427,615
64,7428,615
64,7429,615
64,7430,615
64,7431,615
64,7432,615
64,7433,615
64,7434,615
64,7435,616
64,7436,616
64,7437,616
64,7438,616
64,7439,693
64,7440,616
64,7441,615
64,7442,615
64,7443,692
64,7444,615
64,7445,615
64,7446,615
64,7447,692
64,7448,615
64,7449,616
64,7450,616
64,7451,616
64,7452,616
64,7453,692
64,7454,615
64,7455,615
64,7456,615
64,7457,615
64,7458,615
64,7459,615
64,7460,615
64,7461,615
64,7462,616
64,7463,616
64,7464,616
64,7465,616
64,7466,616
64,7467,615
64,7468,615
64,7469,615
64,7470,615
64,7471,615
64,7472,615
64,7473,615
64,7474,846
64,7475,846
64,7476,615
64,7477,616
64,7478,847
64,7479,616
64,7480,616
64,7481,616
64,7482,616
64,7483,615
64,7484,384
64,7485,615
64,7486,615
64,7487,615
64,7488,616
64,7489,616
64,7490,616
64,7491,616
64,7492,616
64,7493,615
64,7494,615
64,7495,615
64,7496,615
64,7497,615
64,7498,615
64,7499,615
64,7500,615
64,7501,616
64,7502,616
64,7503,616
64,7504,616
64,7505,616
64,7506,615
64,7507,615
64,7508,615
64,7509,615
64,7510,615
64,7511,615
64,7512,615
64,7513,615
64,7514,616
64,7515,616
64,7516,616
64,7517,616
64,7518,616
64,7519,615
64,7520,615
64,7521,615
64,7522,615
64,7523,615
64,7524,615
64,7525,615
64,7526,615
64,7527,616
64,7528,616
64,7529,616
64,7530,616
64,7531,616
64,7532,538
64,7533,615
64,7534,692
64,7535,615
64,7536,615
64,7537,615
64,7538,615
64,7539,615
64,7540,616
64,7541,616
64,7542,616
64,7543,539
64,7544,692
64,7545,615
64,7546,615
64,7547,615
64,7548,615
64,7549,615
64,7550,615
64,7551,615
64,7552,616
64,7553,616
64,7554,616
64,7555,616
64,7556,616
64,7557,615
64,7558,615
64,7559,615
64,7560,615
64,7561,615
64,7562,615
64,7563,615
64,7564,615
64,7565,385
64,7566,616
64,7567,615
64,7568,846
64,7569,615
64,7570,615
64,7571,846
64,7572,615
64,7573,615
64,7574,615
64,7575,615
64,7576,615
64,7577,615
64,7578,616
64,7579,616
64,7580,616
64,7581,616
64,7582,616
64,7583,615
64,7584,615
64,7585,615
64,7586,615
64,7587,615
64,7588,615
64,7589,615
64,7590,615
64,7591,616
64,7592,616
64,7593,616
64,7594,616
64,7595,616
64,7596,615
64,7597,615
64,7598,615
64,7599,615
64,7600,615
64,7601,615
64,7602,615
64,7603,615
64,7604,616
64,7605,616
64,7606,616
64,7607,616
64,7608,616
64,7609,615
64,7610,615
64,7611,615
64,7612,615
64,7613,615
64,7614,615
64,7615,615
64,7616,615
64,7617,616
64,7618,616
64,7619,616
64,7620,616
64,7621,616
64,7622,615
64,7623,615
64,7624,615
64,7625,615
64,7626,615
64,7627,615
64,7628,615
64,7629,615
64,7630,616
64,7631,616
64,7632,616
64,7633,616
64,7634,616
64,7635,615
64,7636,615
64,7637,615
64,7638,615
64,7639,384
64,7640,616
64,7641,616
64,7642,616
64,7643,847
64,7644,616
64,7645,616
64,7646,616
64,7647,846
64,7648,615
64,7649,615
64,7650,615
64,7651,846
64,7652,615
64,7653,616
64,7654,616
64,7655,616
64,7656,616
64,7657,616
64,7658,615
64,7659,615
64,7660,615
64,7661,615
64,7662,615
64,7663,615
64,7664,615
64,7665,615
64,7666,616
64,7667,846
64,7668,616
64,7669,616
64,7670,616
64,7671,615
64,7672,615
64,7673,615
64,7674,615
64,7675,615
64,7676,615
64,7677,615
64,7678,615
64,7679,616
64,7680,616
64,7681,616
64,7682,616
64,7683,616
64,7684,615
64,7685,615
64,7686,615
64,7687,615
64,7688,615
64,7689,615
64,7690,615
64,7691,615
64,7692,616
64,7693,616
64,7694,616
64,7695,616
64,7696,616
64,7697,615
64,7698,615
64,7699,615
64,7700,615
64,7701,615
64,7702,692
64,7703,615
64,7704,615
64,7705,616
64,7706,539
64,7707,616
64,7708,616
64,7709,615
64,7710,615
64,7711,692
64,7712,615
64,7713,615
64,7714,615
64,7715,615
64,7716,615
64,7717,616
64,7718,616
64,7719,616
64,7720,616
64,7721,616
64,7722,616
64,7723,692
64,7724,615
64,7725,615
64,7726,615
64,7727,692
64,7728,615
64,7729,615
64,7730,615
64,7731,616
64,7732,616
64,7733,616
64,7734,616
64,7735,616
64,7736,616
64,7737,616
64,7738,616
64,7739,615
64,7740,615
64,7741,615
64,7742,615
64,7743,615
64,7744,615
64,7745,615
64,7746,615
64,7747,616
64,7748,616
64,7749,616
64,7750,616
64,7751,847
64,7752,846
64,7753,616
64,7754,615
64,7755,615
64,7756,615
64,7757,615
64,7758,615
64,7759,615
64,7760,846
64,7761,616
64,7762,616
64,7763,847
64,7764,616
64,7765,846
64,7766,616
64,7767,616
64,7768,615
64,7769,615
64,7770,615
64,7771,615
64,7772,615
64,7773,18077
64,7774,692
64,7775,615
64,7776,615
64,7777,615
64,7778,615
64,7779,846
64,7780,846
64,7781,616
64,7782,846
64,7783,616
64,7784,616
64,7785,616
64,7786,616
64,7787,616
64,7788,615
64,7789,615
64,7790,615
64,7791,615
64,7792,615
64,7793,615
64,7794,615
64,7795,692
64,7796,616
64,7797,616
64,7798,616
64,7799,616
64,7800,616
64,7801,615
64,7802,615
64,7803,615
64,7804,615
64,7805,615
64,7806,615
64,7807,615
64,7808,615
64,7809,616
64,7810,616
64,7811,616
64,7812,616
64,7813,616
64,7814,615
64,7815,692
64,7816,615
64,7817,615
64,7818,692
64,7819,692
64,7820,615
64,7821,615
64,7822,615
64,7823,616
64,7824,616
64,7825,616
64,7826,616
64,7827,616
64,7828,615
64,7829,1769
64,7830,616
64,7831,616
64,7832,693
64,7833,616
64,7834,616
64,7835,615
64,7836,615
64,7837,615
64,7838,615
64,7839,615
64,7840,615
64,7841,615
64,7842,615
64,7843,616
64,7844,616
64,7845,616
64,7846,616
64,7847,616
64,7848,538
64,7849,615
64,7850,692
64,7851,692
64,7852,615
64,7853,615
64,7854,615
64,7855,615
64,7856,616
64,7857,616
64,7858,616
64,7859,616
64,7860,616
64,7861,615
64,7862,615
64,7863,615
64,7864,615
64,7865,615
64,7866,615
64,7867,615
64,7868,615
64,7869,616
64,7870,616
64,7871,616
64,7872,616
64,7873,616
64,7874,615
64,7875,615
64,7876,615
64,7877,615
64,7878,615
64,7879,615
64,7880,615
64,7881,616
64,7882,616
64,7883,616
64,7884,616
64,7885,616
64,7886,615
64,7887,615
64,7888,615
64,7889,615
64,7890,615
64,7891,615
64,7892,615
64,7893,615
64,7894,616
64,7895,616
64,7896,616
64,7897,616
64,7898,616
64,7899,615
64,7900,615
64,7901,615
64,7902,615
64,7903,615
64,7904,615
64,7905,615
64,7906,615
64,7907,616
64,7908,616
64,7909,616
64,7910,616
64,7911,616
64,7912,615
64,7913,615
64,7914,615
64,7915,615
64,7916,615
64,7917,615
64,7918,615
64,7919,615
64,7920,616
64,7921,616
64,7922,616
64,7923,616
64,7924,616
64,7925,615
64,7926,846
64,7927,846
64,7928,615
64,7929,615
64,7930,616
64,7931,616
64,7932,616
64,7933,616
64,7934,616
64,7935,846
64,7936,616
64,7937,616
64,7938,615
64,7939,846
64,7940,615
64,7941,615
64,7942,615
64,7943,846
64,7944,846
64,7945,385
64,7946,616
64,7947,616
64,7948,846
64,7949,846
64,7950,616
64,7951,384
64,7952,615
64,7953,615
64,7954,615
64,7955,384
64,7956,616
64,7957,616
64,7958,616
64,7959,847
64,7960,616
64,7961,615
64,7962,615
64,7963,615
64,7964,615
64,7965,846
64,7966,615
64,7967,615
64,7968,615
64,7969,616
64,7970,616
64,7971,616
64,7972,616
64,7973,616
64,7974,615
64,7975,846
64,7976,616
64,7977,615
64,7978,615
64,7979,846
64,7980,615
64,7981,615
64,7982,615
64,7983,615
64,7984,615
64,7985,616
64,7986,847
64,7987,616
64,7988,616
64,7989,616
64,7990,615
64,7991,615
64,7992,615
64,7993,615
64,7994,615
64,7995,615
64,7996,615
64,7997,616
64,7998,616
64,7999,616
64,8000,615
64,8001,615
64,8002,615
64,8003,615
64,8004,615
64,8005,615
64,8006,615
64,8007,846
64,8008,615
64,8009,616
64,8010,616
64,8011,616
64,8012,616
64,8013,615
64,8014,615
64,8015,616
64,8016,615
64,8017,615
64,8018,615
64,8019,384
64,8020,615
64,8021,616
64,8022,616
64,8023,846
64,8024,847
64,8025,616
64,8026,615
64,8027,615
64,8028,615
64,8029,615
64,8030,846
64,8031,615
64,8032,615
64,8033,615
64,8034,615
64,8035,615
64,8036,615
64,8037,616
64,8038,616
64,8039,616
64,8040,616
64,8041,616
64,8042,615
64,8043,615
64,8044,615
64,8045,615
64,8046,615
64,8047,615
64,8048,615
64,8049,616
64,8050,616
64,8051,616
64,8052,615
64,8053,615
64,8054,615
64,8055,615
64,8056,615
64,8057,615
64,8058,615
64,8059,615
64,8060,616
64,8061,616
64,8062,616
64,8063,616
64,8064,616
64,8065,615
64,8066,615
64,8067,615
64,8068,615
64,8069,615
64,8070,615
64,8071,615
64,8072,615
64,8073,616
64,8074,923
64,8075,616
64,8076,616
64,8077,616
64,8078,693
64,8079,616
64,8080,616
64,8081,615
64,8082,615
64,8083,846
64,8084,615
64,8085,615
64,8086,615
64,8087,615
64,8088,615
64,8089,615
64,8090,615
64,8091,615
64,8092,616
64,8093,616
64,8094,616
64,8095,616
64,8096,616
64,8097,615
64,8098,615
64,8099,615
64,8100,615
64,8101,615
64,8102,615
64,8103,615
64,8104,615
64,8105,616
64,8106,616
64,8107,616
64,8108,616
64,8109,616
64,8110,615
64,8111,615
64,8112,615
64,8113,615
64,8114,846
64,8115,615
64,8116,615
64,8117,616
64,8118,616
64,8119,616
64,8120,615
64,8121,615
64,8122,615
64,8123,692
64,8124,538
64,8125,615
64,8126,615
64,8127,616
64,8128,616
64,8129,616
64,8130,616
64,8131,616
64,8132,615
64,8133,615
64,8134,615
64,8135,615
64,8136,615
64,8137,615
64,8138,615
64,8139,615
64,8140,616
64,8141,616
64,8142,616
64,8143,616
64,8144,616
64,8145,615
64,8146,615
64,8147,615
64,8148,615
64,8149,615
64,8150,615
64,8151,615
64,8152,615
64,8153,616
64,8154,616
64,8155,616
64,8156,616
64,8157,616
64,8158,615
64,8159,615
64,8160,615
64,8161,615
64,8162,615
64,8163,615
64,8164,615
64,8165,615
64,8166,616
64,8167,616
64,8168,616
64,8169,616
64,8170,616
64,8171,615
64,8172,615
64,8173,846
64,8174,615
64,8175,615
64,8176,616
64,8177,616
64,8178,616
64,8179,616
64,8180,616
64,8181,615
64,8182,615
64,8183,615
64,8184,615
64,8185,615
64,8186,615
64,8187,615
64,8188,615
64,8189,616
64,8190,616
64,8191,616
64,8192,616
64,8193,616
64,8194,615
64,8195,615
64,8196,615
64,8197,615
64,8198,615
64,8199,615
64,8200,615
64,8201,615
64,8202,616
64,8203,616
64,8204,616
64,8205,616
64,8206,616
64,8207,615
64,8208,615
64,8209,615
64,8210,615
64,8211,615
64,8212,615
64,8213,615
64,8214,539
64,8215,616
64,8216,616
64,8217,616
64,8218,616
64,8219,615
64,8220,615
64,8221,615
64,8222,615
64,8223,615
64,8224,615
64,8225,615
64,8226,615
64,8227,616
64,8228,616
64,8229,616
64,8230,616
64,8231,616
64,8232,846
64,8233,615
64,8234,615
64,8235,846
64,8236,615
64,8237,615
64,8238,385
64,8239,846
64,8240,616
64,8241,616
64,8242,616
64,8243,616
64,8244,616
64,8245,615
64,8246,615
64,8247,615
64,8248,615
64,8249,615
64,8250,615
64,8251,615
64,8252,615
64,8253,616
64,8254,616
64,8255,615
64,8256,846
64,8257,615
64,8258,615
64,8259,615
64,8260,615
64,8261,615
64,8262,615
64,8263,616
64,8264,616
64,8265,616
64,8266,616
64,8267,616
64,8268,615
64,8269,615
64,8270,615
64,8271,615
64,8272,615
64,8273,615
64,8274,615
64,8275,615
64,8276,616
64,8277,616
64,8278,616
64,8279,616
64,8280,616
64,8281,615
64,8282,538
64,8283,615
64,8284,615
64,8285,615
64,8286,615
64,8287,692
64,8288,615
64,8289,616
64,8290,616
64,8291,616
64,8292,616
64,8293,616
64,8294,615
64,8295,615
64,8296,615
64,8297,615
64,8298,615
64,8299,692
64,8300,692
64,8301,692
64,8302,616
64,8303,616
64,8304,616
64,8305,616
64,8306,616
64,8307,615
64,8308,615
64,8309,615
64,8310,615
64,8311,615
64,8312,615
64,8313,615
64,8314,615
64,8315,616
64,8316,616
64,8317,616
64,8318,616
64,8319,616
64,8320,615
64,8321,615
64,8322,615
64,8323,615
64,8324,615
64,8325,615
64,8326,615
64,8327,615
64,8328,616
64,8329,616
64,8330,616
64,8331,616
64,8332,616
64,8333,615
64,8334,615
64,8335,615
64,8336,615
64,8337,615
64,8338,615
64,8339,615
64,8340,615
64,8341,616
64,8342,616
64,8343,616
64,8344,616
64,8345,616
64,8346,615
64,8347,615
64,8348,615
64,8349,615
64,8350,615
64,8351,615
64,8352,615
64,8353,615
64,8354,616
64,8355,616
64,8356,616
64,8357,616
64,8358,616
64,8359,615
64,8360,615
64,8361,615
64,8362,615
64,8363,615
64,8364,615
64,8365,615
64,8366,615
64,8367,616
64,8368,616
64,8369,616
64,8370,616
64,8371,616
64,8372,615
64,8373,615
64,8374,538
64,8375,692
64,8376,692
64,8377,615
64,8378,615
64,8379,616
64,8380,616
64,8381,616
64,8382,616
64,8383,616
64,8384,615
64,8385,615
64,8386,615
64,8387,615
64,8388,615
64,8389,615
64,8390,615
64,8391,692
64,8392,616
64,8393,616
64,8394,616
64,8395,693
64,8396,539
64,8397,615
64,8398,615
64,8399,615
64,8400,615
64,8401,615
64,8402,615
64,8403,615
64,8404,615
64,8405,616
64,8406,616
64,8407,616
64,8408,616
64,8409,616
64,8410,615
64,8411,615
64,8412,615
64,8413,615
64,8414,615
64,8415,615
64,8416,616
64,8417,616
64,8418,615
64,8419,615
64,8420,615
64,8421,615
64,8422,615
64,8423,615
64,8424,615
64,8425,615
64,8426,616
64,8427,616
64,8428,616
64,8429,616
64,8430,616
64,8431,615
64,8432,615
64,8433,615
64,8434,615
64,8435,615
64,8436,615
64,8437,615
64,8438,615
64,8439,616
64,8440,616
64,8441,616
64,8442,616
64,8443,616
64,8444,846
64,8445,616
64,8446,616
64,8447,615
64,8448,615
64,8449,615
64,8450,615
64,8451,615
64,8452,615
64,8453,615
64,8454,615
64,8455,616
64,8456,616
64,8457,616
64,8458,616
64,8459,616
64,8460,615
64,8461,615
64,8462,615
64,8463,615
64,8464,615
64,8465,615
64,8466,385
64,8467,616
64,8468,616
64,8469,616
64,8470,615
64,8471,615
64,8472,615
64,8473,615
64,8474,615
64,8475,615
64,8476,615
64,8477,615
64,8478,616
64,8479,616
64,8480,616
64,8481,616
64,8482,616
64,8483,615
64,8484,615
64,8485,615
64,8486,615
64,8487,615
64,8488,615
64,8489,615
64,8490,539
64,8491,616
64,8492,693
64,8493,616
64,8494,616
64,8495,616
64,8496,615
64,8497,615
64,8498,615
64,8499,615
64,8500,615
64,8501,615
64,8502,615
64,8503,615
64,8504,616
64,8505,616
64,8506,616
64,8507,616
64,8508,615
64,8509,615
64,8510,615
64,8511,615
64,8512,615
64,8513,615
64,8514,615
64,8515,615
64,8516,616
64,8517,616
64,8518,616
64,8519,616
64,8520,616
64,8521,615
64,8522,615
64,8523,615
64,8524,384
64,8525,615
64,8526,616
64,8527,616
64,8528,846
64,8529,385
64,8530,616
64,8531,615
64,8532,615
64,8533,615
64,8534,615
64,8535,846
64,8536,846
64,8537,615
64,8538,615
64,8539,615
64,8540,616
64,8541,616
64,8542,616
64,8543,847
64,8544,846
64,8545,616
64,8546,846
64,8547,384
64,8548,615
64,8549,615
64,8550,615
64,8551,615
64,8552,616
64,8553,616
64,8554,616
64,8555,616
64,8556,616
64,8557,615
64,8558,615
64,8559,615
64,8560,615
64,8561,615
64,8562,615
64,8563,615
64,8564,615
64,8565,616
64,8566,616
64,8567,616
64,8568,616
64,8569,616
64,8570,615
64,8571,538
64,8572,615
64,8573,615
64,8574,615
64,8575,615
64,8576,615
64,8577,616
64,8578,539
64,8579,616
64,8580,616
64,8581,616
64,8582,615
64,8583,615
64,8584,615
64,8585,615
64,8586,615
64,8587,615
64,8588,615
64,8589,615
64,8590,616
64,8591,616
64,8592,616
64,8593,616
64,8594,616
64,8595,615
64,8596,615
64,8597,615
64,8598,615
64,8599,615
64,8600,615
64,8601,615
64,8602,615
64,8603,616
64,8604,616
64,8605,616
64,8606,616
64,8607,616
64,8608,615
64,8609,615
64,8610,615
64,8611,615
64,8612,615
64,8613,615
64,8614,615
64,8615,615
64,8616,616
64,8617,616
64,8618,615
64,8619,616
64,8620,616
64,8621,615
64,8622,384
64,8623,615
64,8624,615
64,8625,615
64,8626,616
64,8627,616
64,8628,616
64,8629,616
64,8630,616
64,8631,615
64,8632,615
64,8633,615
64,8634,615
64,8635,615
64,8636,615
64,8637,615
64,8638,615
64,8639,616
64,8640,616
64,8641,616
64,8642,616
64,8643,616
64,8644,615
64,8645,615
64,8646,615
64,8647,615
64,8648,615
64,8649,615
64,8650,615
64,8651,615
64,8652,616
64,8653,616
64,8654,616
64,8655,616
64,8656,847
64,8657,385
64,8658,615
64,8659,615
64,8660,615
64,8661,615
64,8662,846
64,8663,615
64,8664,615
64,8665,615
64,8666,615
64,8667,615
64,8668,616
64,8669,616
64,8670,616
64,8671,616
64,8672,616
64,8673,615
64,8674,615
64,8675,615
64,8676,615
64,8677,615
64,8678,615
64,8679,615
64,8680,615
64,8681,616
64,8682,616
64,8683,616
64,8684,616
64,8685,616
64,8686,615
64,8687,615
64,8688,615
64,8689,615
64,8690,615
64,8691,615
64,8692,615
64,8693,615
64,8694,616
64,8695,616
64,8696,616
64,8697,616
64,8698,616
64,8699,615
64,8700,615
64,8701,615
64,8702,615
64,8703,615
64,8704,615
64,8705,615
64,8706,615
64,8707,616
64,8708,616
64,8709,616
64,8710,616
64,8711,616
64,8712,615
64,8713,615
64,8714,615
64,8715,615
64,8716,615
64,8717,615
64,8718,615
64,8719,615
64,8720,616
64,8721,616
64,8722,616
64,8723,616
64,8724,616
64,8725,615
64,8726,615
64,8727,615
64,8728,615
64,8729,615
64,8730,615
64,8731,615
64,8732,615
64,8733,616
64,8734,616
64,8735,616
64,8736,616
64,8737,616
64,8738,615
64,8739,615
64,8740,615
64,8741,615
64,8742,615
64,8743,615
64,8744,615
64,8745,615
64,8746,616
64,8747,616
64,8748,616
64,8749,616
64,8750,616
64,8751,615
64,8752,615
64,8753,615
64,8754,615
64,8755,615
64,8756,615
64,8757,846
64,8758,693
64,8759,692
64,8760,615
64,8761,538
64,8762,615
64,8763,692
64,8764,615
64,8765,615
64,8766,615
64,8767,615
64,8768,616
64,8769,616
64,8770,616
64,8771,616
64,8772,616
64,8773,615
64,8774,615
64,8775,615
64,8776,615
64,8777,615
64,8778,615
64,8779,615
64,8780,615
64,8781,616
64,8782,616
64,8783,846
64,8784,616
64,8785,616
64,8786,615
64,8787,615
64,8788,615
64,8789,615
64,8790,615
64,8791,846
64,8792,615
64,8793,615
64,8794,616
64,8795,616
64,8796,616
64,8797,616
64,8798,616
64,8799,846
64,8800,615
64,8801,615
64,8802,615
64,8803,615
64,8804,615
64,8805,615
64,8806,615
64,8807,616
64,8808,616
64,8809,616
64,8810,616
64,8811,616
64,8812,615
64,8813,615
64,8814,615
64,8815,615
64,8816,615
64,8817,615
64,8818,615
64,8819,615
64,8820,616
64,8821,616
64,8822,616
64,8823,616
64,8824,616
64,8825,615
64,8826,615
64,8827,615
64,8828,615
64,8829,615
64,8830,615
64,8831,615
64,8832,615
64,8833,616
64,8834,616
64,8835,616
64,8836,616
64,8837,616
64,8838,615
64,8839,615
64,8840,615
64,8841,615
64,8842,615
64,8843,615
64,8844,615
64,8845,615
64,8846,616
64,8847,616
64,8848,616
64,8849,616
64,8850,616
64,8851,615
64,8852,615
64,8853,615
64,8854,615
64,8855,615
64,8856,615
64,8857,615
64,8858,616
64,8859,616
64,8860,616
64,8861,616
64,8862,616
64,8863,615
64,8864,615
64,8865,615
64,8866,615
64,8867,615
64,8868,615
64,8869,615
64,8870,615
64,8871,616
64,8872,616
64,8873,616
64,8874,616
64,8875,616
64,8876,615
64,8877,692
64,8878,615
64,8879,615
64,8880,615
64,8881,615
64,8882,615
64,8883,615
64,8884,616
64,8885,616
64,8886,616
64,8887,616
64,8888,616
64,8889,615
64,8890,615
64,8891,615
64,8892,615
64,8893,615
64,8894,615
64,8895,615
64,8896,615
64,8897,616
64,8898,616
64,8899,616
64,8900,616
64,8901,616
64,8902,615
64,8903,615
64,8904,615
64,8905,615
64,8906,615
64,8907,615
64,8908,615
64,8909,615
64,8910,616
64,8911,616
64,8912,616
64,8913,616
64,8914,616
64,8915,615
64,8916,615
64,8917,615
64,8918,615
64,8919,615
64,8920,615
64,8921,615
64,8922,385
64,8923,616
64,8924,616
64,8925,846
64,8926,846
64,8927,616
64,8928,615
64,8929,615
64,8930,615
64,8931,615
64,8932,615
64,8933,615
64,8934,615
64,8935,615
64,8936,616
64,8937,616
64,8938,616
64,8939,615
64,8940,616
64,8941,846
64,8942,615
64,8943,615
64,8944,615
64,8945,384
64,8946,615
64,8947,616
64,8948,616
64,8949,616
64,8950,616
64,8951,615
64,8952,615
64,8953,615
64,8954,615
64,8955,615
64,8956,615
64,8957,615
64,8958,615
64,8959,616
64,8960,616
64,8961,616
64,8962,616
64,8963,616
64,8964,615
64,8965,615
64,8966,615
64,8967,615
64,8968,615
64,8969,615
64,8970,615
64,8971,615
64,8972,616
64,8973,616
64,8974,616
64,8975,616
64,8976,616
64,8977,615
64,8978,615
64,8979,615
64,8980,615
64,8981,615
64,8982,615
64,8983,615
64,8984,615
64,8985,616
64,8986,616
64,8987,616
64,8988,616
64,8989,692
64,8990,538
64,8991,692
64,8992,615
64,8993,615
64,8994,615
64,8995,615
64,8996,615
64,8997,692
64,8998,616
64,8999,616
64,9000,616
64,9001,539
64,9002,615
64,9003,615
64,9004,615
64,9005,615
64,9006,615
64,9007,615
64,9008,615
64,9009,615
64,9010,616
64,9011,616
64,9012,616
64,9013,616
64,9014,616
64,9015,615
64,9016,615
64,9017,615
64,9018,615
64,9019,615
64,9020,615
64,9021,615
64,9022,615
64,9023,616
64,9024,616
64,9025,616
64,9026,616
64,9027,616
64,9028,615
64,9029,615
64,9030,615
64,9031,615
64,9032,615
64,9033,615
64,9034,615
64,9035,615
64,9036,616
64,9037,616
64,9038,616
64,9039,616
64,9040,846
64,9041,615
64,9042,615
64,9043,615
64,9044,615
64,9045,615
64,9046,615
64,9047,615
64,9048,615
64,9049,616
64,9050,616
64,9051,615
64,9052,615
64,9053,846
64,9054,615
64,9055,615
64,9056,615
64,9057,615
64,9058,615
64,9059,615
64,9060,615
64,9061,615
64,9062,616
64,9063,616
64,9064,616
64,9065,616
64,9066,616
64,9067,615
64,9068,615
64,9069,615
64,9070,615
64,9071,615
64,9072,615
64,9073,615
64,9074,615
64,9075,616
64,9076,616
64,9077,616
64,9078,616
64,9079,616
64,9080,615
64,9081,615
64,9082,615
64,9083,615
64,9084,615
64,9085,615
64,9086,615
64,9087,692
64,9088,539
64,9089,616
64,9090,616
64,9091,616
64,9092,616
64,9093,616
64,9094,615
64,9095,615
64,9096,615
64,9097,615
64,9098,846
64,9099,616
64,9100,616
64,9101,615
64,9102,615
64,9103,692
64,9104,615
64,9105,615
64,9106,615
64,9107,615
64,9108,615
64,9109,615
64,9110,616
64,9111,616
64,9112,616
64,9113,616
64,9114,616
64,9115,615
64,9116,615
64,9117,615
64,9118,615
64,9119,846
64,9120,846
64,9121,615
64,9122,615
64,9123,846
64,9124,616
64,9125,616
64,9126,616
64,9127,847
64,9128,616
64,9129,615
64,9130,846
64,9131,615
64,9132,615
64,9133,615
64,9134,615
64,9135,615
64,9136,615
64,9137,615
64,9138,846
64,9139,616
64,9140,616
64,9141,616
64,9142,616
64,9143,616
64,9144,615
64,9145,615
64,9146,615
64,9147,846
64,9148,615
64,9149,615
64,9150,615
64,9151,615
64,9152,616
64,9153,616
64,9154,616
64,9155,616
64,9156,616
64,9157,615
64,9158,615
64,9159,615
64,9160,615
64,9161,615
64,9162,615
64,9163,615
64,9164,615
64,9165,616
64,9166,616
64,9167,616
64,9168,616
64,9169,616
64,9170,615
64,9171,615
64,9172,615
64,9173,615
64,9174,615
64,9175,615
64,9176,615
64,9177,615
64,9178,847
64,9179,616
64,9180,616
64,9181,616
64,9182,616
64,9183,615
64,9184,615
64,9185,384
64,9186,615
64,9187,615
64,9188,616
64,9189,616
64,9190,616
64,9191,616
64,9192,616
64,9193,615
64,9194,615
64,9195,615
64,9196,615
64,9197,615
64,9198,615
64,9199,538
64,9200,692
64,9201,616
64,9202,693
64,9203,616
64,9204,616
64,9205,615
64,9206,615
64,9207,615
64,9208,615
64,9209,615
64,9210,615
64,9211,615
64,9212,615
64,9213,616
64,9214,616
64,9215,616
64,9216,616
64,9217,616
64,9218,615
64,9219,615
64,9220,615
64,9221,615
64,9222,615
64,9223,615
64,9224,615
64,9225,615
64,9226,616
64,9227,616
64,9228,616
64,9229,616
64,9230,616
64,9231,615
64,9232,615
64,9233,384
64,9234,846
64,9235,615
64,9236,616
64,9237,616
64,9238,616
64,9239,616
64,9240,616
64,9241,615
64,9242,615
64,9243,615
64,9244,615
64,9245,615
64,9246,615
64,9247,615
64,9248,615
64,9249,616
64,9250,616
64,9251,616
64,9252,616
64,9253,615
64,9254,615
64,9255,692
64,9256,615
64,9257,538
64,9258,615
64,9259,615
64,9260,615
64,9261,616
64,9262,616
64,9263,693
64,9264,693
64,9265,539
64,9266,692
64,9267,692
64,9268,615
64,9269,615
64,9270,615
64,9271,692
64,9272,615
64,9273,692
64,9274,692
64,9275,616
64,9276,616
64,9277,616
64,9278,616
64,9279,616
64,9280,615
64,9281,615
64,9282,615
64,9283,615
64,9284,615
64,9285,615
64,9286,615
64,9287,615
64,9288,616
64,9289,616
64,9290,616
64,9291,616
64,9292,616
64,9293,615
64,9294,615
64,9295,615
64,9296,615
64,9297,615
64,9298,615
64,9299,538
64,9300,616
64,9301,616
64,9302,616
64,9303,616
64,9304,616
64,9305,615
64,9306,615
64,9307,615
64,9308,615
64,9309,615
64,9310,615
64,9311,615
64,9312,615
64,9313,616
64,9314,616
64,9315,616
64,9316,616
64,9317,616
64,9318,615
64,9319,615
64,9320,615
64,9321,615
64,9322,615
64,9323,615
64,9324,615
64,9325,615
64,9326,616
64,9327,616
64,9328,616
64,9329,616
64,9330,846
64,9331,615
64,9332,615
64,9333,615
64,9334,615
64,9335,615
64,9336,615
64,9337,615
64,9338,615
64,9339,616
64,9340,616
64,9341,616
64,9342,616
64,9343,846
64,9344,615
64,9345,615
64,9346,615
64,9347,615
64,9348,615
64,9349,616
64,9350,616
64,9351,616
64,9352,616
64,9353,385
64,9354,846
64,9355,615
64,9356,615
64,9357,615
64,9358,615
64,9359,615
64,9360,846
64,9361,615
64,9362,616
64,9363,616
64,9364,616
64,9365,616
64,9366,616
64,9367,846
64,9368,615
64,9369,615
64,9370,615
64,9371,615
64,9372,615
64,9373,615
64,9374,615
64,9375,616
64,9376,846
64,9377,616
64,9378,847
64,9379,616
64,9380,616
64,9381,616
64,9382,846
64,9383,615
64,9384,615
64,9385,615
64,9386,615
64,9387,615
64,9388,615
64,9389,615
64,9390,615
64,9391,616
64,9392,616
64,9393,616
64,9394,616
64,9395,616
64,9396,615
64,9397,615
64,9398,615
64,9399,615
64,9400,615
64,9401,615
64,9402,616
64,9403,616
64,9404,616
64,9405,616
64,9406,615
64,9407,615
64,9408,615
64,9409,615
64,9410,615
64,9411,615
64,9412,615
64,9413,615
64,9414,616
64,9415,616
64,9416,616
64,9417,616
64,9418,616
64,9419,615
64,9420,615
64,9421,615
64,9422,615
64,9423,615
64,9424,615
64,9425,615
64,9426,615
64,9427,616
64,9428,616
64,9429,616
64,9430,616
64,9431,616
64,9432,615
64,9433,615
64,9434,615
64,9435,615
64,9436,615
64,9437,615
64,9438,615
64,9439,615
64,9440,615
64,9441,615
64,9442,615
64,9443,615
64,9444,615
64,9445,615
64,9446,615
64,9447,616
64,9448,693
64,9449,693
64,9450,616
64,9451,693
64,9452,616
64,9453,615
64,9454,615
64,9455,615
64,9456,692
64,9457,692
64,9458,615
64,9459,615
64,9460,616
64,9461,616
64,9462,616
64,9463,616
64,9464,616
64,9465,615
64,9466,615
64,9467,615
64,9468,615
64,9469,615
64,9470,615
64,9471,692
64,9472,692
64,9473,615
64,9474,616
64,9475,616
64,9476,616
64,9477,616
64,9478,615
64,9479,615
64,9480,615
64,9481,615
64,9482,615
64,9483,615
64,9484,615
64,9485,615
64,9486,616
64,9487,616
64,9488,616
64,9489,616
64,9490,616
64,9491,615
64,9492,615
64,9493,615
64,9494,615
64,9495,615
64,9496,615
64,9497,615
64,9498,615
64,9499,616
64,9500,616
64,9501,846
64,9502,846
64,9503,616
64,9504,615
64,9505,615
64,9506,615
64,9507,615
64,9508,615
64,9509,616
64,9510,616
64,9511,616
64,9512,616
64,9513,616
64,9514,615
64,9515,615
64,9516,615
64,9517,615
64,9518,615
64,9519,615
64,9520,615
64,9521,615
64,9522,616
64,9523,616
64,9524,616
64,9525,616
64,9526,616
64,9527,615
64,9528,615
64,9529,615
64,9530,615
64,9531,615
64,9532,615
64,9533,615
64,9534,615
64,9535,616
64,9536,616
64,9537,616
64,9538,616
64,9539,616
64,9540,615
64,9541,615
64,9542,615
64,9543,615
64,9544,615
64,9545,615
64,9546,615
64,9547,616
64,9548,616
64,9549,616
64,9550,616
64,9551,616
64,9552,692
64,9553,615
64,9554,615
64,9555,692
64,9556,538
64,9557,615
64,9558,615
64,9559,615
64,9560,616
64,9561,616
64,9562,616
64,9563,616
64,9564,616
64,9565,615
64,9566,615
64,9567,615
64,9568,615
64,9569,615
64,9570,615
64,9571,615
64,9572,615
64,9573,616
64,9574,616
64,9575,616
64,9576,616
64,9577,616
64,9578,615
64,9579,615
64,9580,615
64,9581,615
64,9582,615
64,9583,615
64,9584,615
64,9585,615
64,9586,616
64,9587,616
64,9588,616
64,9589,616
64,9590,616
64,9591,615
64,9592,615
64,9593,615
64,9594,615
64,9595,615
64,9596,616
64,9597,616
64,9598,616
64,9599,616
64,9600,616
64,9601,615
64,9602,615
64,9603,615
64,9604,615
64,9605,615
64,9606,615
64,9607,615
64,9608,692
64,9609,616
64,9610,616
64,9611,616
64,9612,616
64,9613,615
64,9614,615
64,9615,615
64,9616,615
64,9617,615
64,9618,615
64,9619,692
64,9620,615
64,9621,616
64,9622,616
64,9623,616
64,9624,616
64,9625,616
64,9626,616
64,9627,615
64,9628,615
64,9629,615
64,9630,615
64,9631,615
64,9632,615
64,9633,615
64,9634,615
64,9635,616
64,9636,616
64,9637,616
64,9638,616
64,9639,616
64,9640,615
64,9641,615
64,9642,615
64,9643,615
64,9644,615
64,9645,615
64,9646,615
64,9647,615
64,9648,616
64,9649,616
64,9650,616
64,9651,616
64,9652,616
64,9653,615
64,9654,615
64,9655,615
64,9656,615
64,9657,615
64,9658,615
64,9659,615
64,9660,615
64,9661,616
64,9662,616
64,9663,616
64,9664,616
64,9665,616
64,9666,615
64,9667,846
64,9668,615
64,9669,615
64,9670,615
64,9671,615
64,9672,846
64,9673,615
64,9674,615
64,9675,385
64,9676,616
64,9677,616
64,9678,616
64,9679,615
64,9680,615
64,9681,615
64,9682,615
64,9683,615
64,9684,615
64,9685,615
64,9686,615
64,9687,616
64,9688,616
64,9689,616
64,9690,616
64,9691,616
64,9692,615
64,9693,615
64,9694,615
64,9695,615
64,9696,615
64,9697,615
64,9698,615
64,9699,615
64,9700,616
64,9701,616
64,9702,616
64,9703,616
64,9704,616
64,9705,615
64,9706,615
64,9707,615
64,9708,615
64,9709,615
64,9710,615
64,9711,615
64,9712,615
64,9713,616
64,9714,616
64,9715,616
64,9716,616
64,9717,616
64,9718,615
64,9719,615
64,9720,615
64,9721,615
64,9722,615
64,9723,615
64,9724,615
64,9725,615
64,9726,616
64,9727,616
64,9728,846
64,9729,616
64,9730,616
64,9731,846
64,9732,616
64,9733,615
64,9734,615
64,9735,615
64,9736,615
64,9737,846
64,9738,615
64,9739,615
64,9740,615
64,9741,615
64,9742,616
64,9743,616
64,9744,616
64,9745,616
64,9746,616
64,9747,615
64,9748,615
64,9749,615
64,9750,615
64,9751,615
64,9752,615
64,9753,615
64,9754,846
64,9755,616
64,9756,616
64,9757,616
64,9758,616
64,9759,616
64,9760,615
64,9761,615
64,9762,615
64,9763,615
64,9764,615
64,9765,615
64,9766,615
64,9767,385
64,9768,847
64,9769,616
64,9770,615
64,9771,615
64,9772,615
64,9773,615
64,9774,615
64,9775,846
64,9776,846
64,9777,615
64,9778,616
64,9779,846
64,9780,846
64,9781,847
64,9782,616
64,9783,616
64,9784,616
64,9785,692
64,9786,615
64,9787,615
64,9788,692
64,9789,692
64,9790,615
64,9791,615
64,9792,615
64,9793,615
64,9794,616
64,9795,616
64,9796,616
64,9797,616
64,9798,616
64,9799,615
64,9800,615
64,9801,615
64,9802,615
64,9803,615
64,9804,615
64,9805,615
64,9806,615
64,9807,616
64,9808,616
64,9809,616
64,9810,616
64,9811,616
64,9812,615
64,9813,615
64,9814,692
64,9815,692
64,9816,615
64,9817,615
64,9818,615
64,9819,616
64,9820,616
64,9821,693
64,9822,616
64,9823,616
64,9824,749154
64,9825,3692
64,9826,1538
64,9827,1539
64,9828,1539
64,9829,1539
64,9830,1769
64,9831,1308
64,9832,1231
64,9833,1462
64,9834,1616
64,9835,1770
64,9836,1539
64,9837,1539
64,9838,1615
64,9839,1846
64,9840,1154
64,9841,615
64,9842,615
64,9843,615
64,9844,616
64,9845,616
64,9846,616
64,9847,616
64,9848,616
64,9849,615
64,9850,615
64,9851,615
64,9852,615
64,9853,615
64,9854,615
64,9855,615
64,9856,615
64,9857,615
64,9858,615
64,9859,615
64,9860,615
64,9861,616
64,9862,616
64,9863,616
64,9864,616
64,9865,616
64,9866,615
64,9867,615
64,9868,615
64,9869,615
64,9870,615
64,9871,615
64,9872,615
64,9873,615
64,9874,616
64,9875,385
64,9876,616
64,9877,616
64,9878,616
64,9879,615
64,9880,615
64,9881,615
64,9882,615
64,9883,615
64,9884,615
64,9885,615
64,9886,615
64,9887,616
64,9888,846
64,9889,846
64,9890,385
64,9891,616
64,9892,616
64,9893,616
64,9894,616
64,9895,615
64,9896,615
64,9897,615
64,9898,615
64,9899,615
64,9900,615
64,9901,615
64,9902,538
64,9903,616
64,9904,693
64,9905,616
64,9906,693
64,9907,616
64,9908,616
64,9909,615
64,9910,615
64,9911,615
64,9912,615
64,9913,615
64,9914,615
64,9915,615
64,9916,615
64,9917,616
64,9918,616
64,9919,616
64,9920,616
64,9921,616
64,9922,615
64,9923,616
64,9924,616
64,9925,384
64,9926,615
64,9927,846
64,9928,615
64,9929,615
64,9930,616
64,9931,616
64,9932,616
64,9933,616
64,9934,616
64,9935,615
64,9936,615
64,9937,615
64,9938,615
64,9939,615
64,9940,615
64,9941,615
64,9942,615
64,9943,615
64,9944,615
64,9945,615
64,9946,615
64,9947,616
64,9948,539
64,9949,616
64,9950,616
64,9951,692
64,9952,615
64,9953,615
64,9954,615
64,9955,615
64,9956,615
64,9957,846
64,9958,615
64,9959,846
64,9960,615
64,9961,846
64,9962,616
64,9963,616
64,9964,616
64,9965,615
64,9966,616
64,9967,615
64,9968,615
64,9969,846
64,9970,615
64,9971,615
64,9972,615
64,9973,615
64,9974,615
64,9975,615
64,9976,616
64,9977,616
64,9978,616
64,9979,616
64,9980,616
64,9981,615
64,9982,615
64,9983,615
64,9984,615
64,9985,615
64,9986,615
64,9987,66692
64,9988,1538
64,9989,1000
64,9990,846
64,9991,1000
64,9992,846
64,9993,1000
64,9994,1154
64,9995,1000
64,9996,923
64,9997,1231
64,9998,1000
64,9999,1461
512,0,615
512,1,847
512,2,616
512,3,616
512,4,693
512,5,616
512,6,616
512,7,615
512,8,615
512,9,616
512,10,615
512,11,615
512,12,615
512,13,615
512,14,615
512,15,615
512,16,615
512,17,615
512,18,615
512,19,616
512,20,616
512,21,615
512,22,616
512,23,616
512,24,693
512,25,616
512,26,616
512,27,616
512,28,615
512,29,615
512,30,615
512,31,615
512,32,615
512,33,615
512,34,615
512,35,846
512,36,615
512,37,615
512,38,615
512,39,616
512,40,693
512,41,693
512,42,616
512,43,616
512,44,616
512,45,616
512,46,616
512,47,616
512,48,615
512,49,615
512,50,615
512,51,692
512,52,615
512,53,615
512,54,615
512,55,615
512,56,692
512,57,616
512,58,616
512,59,616
512,60,616
512,61,616
512,62,615
512,63,615
512,64,615
512,65,615
512,66,615
512,67,615
512,68,615
512,69,615
512,70,615
512,71,615
512,72,615
512,73,615
512,74,616
512,75,616
512,76,616
512,77,616
512,78,616
512,79,693
512,80,616
512,81,616
512,82,616
512,83,615
512,84,615
512,85,615
512,86,846
512,87,615
512,88,615
512,89,615
512,90,615
512,91,615
512,92,615
512,93,615
512,94,692
512,95,616
512,96,616
512,97,616
512,98,616
512,99,616
512,100,615
512,101,615
512,102,616
512,103,615
512,104,615
512,105,615
512,106,615
512,107,692
512,108,615
512,109,692
512,110,615
512,111,615
512,112,616
512,113,616
512,114,616
512,115,847
512,116,847
512,117,385
512,118,385
512,119,846
512,120,615
512,121,615
512,122,615
512,123,615
512,124,615
512,125,615
512,126,615
512,127,615
512,128,616
512,129,2462
512,130,1000
512,131,923
512,132,1154
512,133,1000
512,134,923
512,135,923
512,136,923
512,137,1154
512,138,923
512,139,923
512,140,1000
512,141,1154
512,142,1000
512,143,1230
512,144,923
512,145,692
512,146,615
512,147,615
512,148,616
512,149,616
512,150,846
512,151,847
512,152,616
512,153,616
512,154,616
512,155,616
512,156,615
512,157,615
512,158,692
512,159,615
512,160,615
512,161,615
512,162,846
512,163,615
512,164,615
512,165,615
512,166,615
512,167,615
512,168,616
512,169,616
512,170,616
512,171,693
512,172,616
512,173,692
512,174,615
512,175,615
512,176,615
512,177,615
512,178,846
512,179,615
512,180,615
512,181,615
512,182,615
512,183,615
512,184,692
512,185,692
512,186,616
512,187,616
512,188,616
512,189,616
512,190,616
512,191,615
512,192,615
512,193,615
512,194,615
512,195,846
512,196,615
512,197,615
512,198,615
512,199,615
512,200,615
512,201,615
512,202,616
512,203,616
512,204,616
512,205,616
512,206,616
512,207,616
512,208,615
512,209,615
512,210,615
512,211,615
512,212,615
512,213,615
512,214,615
512,215,615
512,216,616
512,217,616
512,218,616
512,219,616
512,220,616
512,221,846
512,222,616
512,223,616
512,224,615
512,225,615
512,226,615
512,227,615
512,228,615
512,229,615
512,230,615
512,231,615
512,232,692
512,233,693
512,234,616
512,235,616
512,236,616
512,237,616
512,238,615
512,239,615
512,240,615
512,241,615
512,242,615
512,243,615
512,244,615
512,245,615
512,246,616
512,247,616
512,248,616
512,249,616
512,250,616
512,251,615
512,252,615
512,253,846
512,254,615
512,255,615
512,256,615
512,257,615
512,258,615
512,259,615
512,260,615
512,261,615
512,262,616
512,263,616
512,264,616
512,265,693
512,266,693
512,267,692
512,268,615
512,269,615
512,270,692
512,271,692
512,272,615
512,273,615
512,274,615
512,275,615
512,276,616
512,277,616
512,278,616
512,279,616
512,280,616
512,281,615
512,282,846
512,283,846
512,284,615
512,285,615
512,286,615
512,287,615
512,288,615
512,289,615
512,290,615
512,291,615
512,292,616
512,293,616
512,294,693
512,295,616
512,296,616
512,297,616
512,298,615
512,299,615
512,300,615
512,301,615
512,302,615
512,303,615
512,304,615
512,305,615
512,306,846
512,307,615
512,308,615
512,309,847
512,310,616
512,311,616
512,312,616
512,313,616
512,314,615
512,315,615
512,316,615
512,317,615
512,318,615
512,319,615
512,320,615
512,321,615
512,322,615
512,323,616
512,324,616
512,325,616
512,326,847
512,327,847
512,328,846
512,329,616
512,330,616
512,331,615
512,332,615
512,333,615
512,334,615
512,335,615
512,336,692
512,337,692
512,338,615
512,339,615
512,340,616
512,341,616
512,342,616
512,343,616
512,344,847
512,345,846
512,346,616
512,347,616
512,348,615
512,349,615
512,350,615
512,351,615
512,352,615
512,353,615
512,354,615
512,355,615
512,356,615
512,357,616
512,358,616
512,359,616
512,360,616
512,361,847
512,362,616
512,363,846
512,364,616
512,365,615
512,366,615
512,367,615
512,368,692
512,369,615
512,370,615
512,371,615
512,372,615
512,373,615
512,374,616
512,375,846
512,376,616
512,377,847
512,378,616
512,379,616
512,380,616
512,381,616
512,382,615
512,383,615
512,384,615
512,385,615
512,386,2231
512,387,615
512,388,846
512,389,615
512,390,615
512,391,615
512,392,692
512,393,615
512,394,615
512,395,615
512,396,615
512,397,616
512,398,846
512,399,615
512,400,616
512,401,616
512,402,616
512,403,693
512,404,616
512,405,615
512,406,615
512,407,692
512,408,615
512,409,615
512,410,615
512,411,615
512,412,615
512,413,615
512,414,616
512,415,616
512,416,616
512,417,616
512,418,616
512,419,846
512,420,616
512,421,616
512,422,615
512,423,615
512,424,615
512,425,615
512,426,692
512,427,692
512,428,615
512,429,615
512,430,615
512,431,616
512,432,616
512,433,616
512,434,616
512,435,616
512,436,615
512,437,615
512,438,615
512,439,615
512,440,615
512,441,846
512,442,615
512,443,615
512,444,616
512,445,616
512,446,616
512,447,616
512,448,616
512,449,616
512,450,616
512,451,693
512,452,539
512,453,615
512,454,615
512,455,615
512,456,615
512,457,615
512,458,615
512,459,615
512,460,615
512,461,616
512,462,846
512,463,615
512,464,616
512,465,616
512,466,616
512,467,616
512,468,616
512,469,923
512,470,615
512,471,615
512,472,692
512,473,615
512,474,846
512,475,615
512,476,615
512,477,615
512,478,692
512,479,615
512,480,616
512,481,616
512,482,616
512,483,616
512,484,616
512,485,846
512,486,616
512,487,616
512,488,615
512,489,615
512,490,615
512,491,615
512,492,615
512,493,692
512,494,615
512,495,615
512,496,615
512,497,616
512,498,616
512,499,616
512,500,616
512,501,616
512,502,616
512,503,616
512,504,616
512,505,615
512,506,615
512,507,615
512,508,615
512,509,615
512,510,615
512,511,615
512,512,615
512,513,616
512,514,616
512,515,616
512,516,616
512,517,616
512,518,692
512,519,615
512,520,692
512,521,615
512,522,615
512,523,615
512,524,615
512,525,615
512,526,615
512,527,616
512,528,616
512,529,616
512,530,847
512,531,616
512,532,616
512,533,616
512,534,616
512,535,615
512,536,615
512,537,615
512,538,615
512,539,615
512,540,615
512,541,615
512,542,615
512,543,692
512,544,693
512,545,616
512,546,616
512,547,616
512,548,616
512,549,615
512,550,615
512,551,615
512,552,615
512,553,615
512,554,846
512,555,846
512,556,615
512,557,615
512,558,615
512,559,615
512,560,692
512,561,693
512,562,616
512,563,616
512,564,616
512,565,616
512,566,615
512,567,615
512,568,615
512,569,615
512,570,615
512,571,846
512,572,615
512,573,615
512,574,615
512,575,615
512,576,615
512,577,616
512,578,616
512,579,616
512,580,616
512,581,616
512,582,615
512,583,692
512,584,615
512,585,615
512,586,615
512,587,615
512,588,615
512,589,615
512,590,615
512,591,846
512,592,615
512,593,615
512,594,616
512,595,616
512,596,616
512,597,846
512,598,616
512,599,615
512,600,615
512,601,615
512,602,615
512,603,615
512,604,615
512,605,615
512,606,615
512,607,692
512,608,693
512,609,616
512,610,616
512,611,616
512,612,616
512,613,692
512,614,615
512,615,615
512,616,1846
512,617,846
512,618,616
512,619,616
512,620,616
512,621,616
512,622,616
512,623,615
512,624,615
512,625,615
512,626,615
512,627,615
512,628,615
512,629,615
512,630,615
512,631,616
512,632,693
512,633,693
512,634,616
512,635,616
512,636,692
512,637,615
512,638,615
512,639,615
512,640,615
512,641,615
512,642,615
512,643,615
512,644,615
512,645,846
512,646,385
512,647,846
512,648,847
512,649,616
512,650,616
512,651,846
512,652,616
512,653,615
512,654,615
512,655,615
512,656,615
512,657,615
512,658,615
512,659,615
512,660,692
512,661,616
512,662,693
512,663,616
512,664,616
512,665,616
512,666,616
512,667,846
512,668,846
512,669,616
512,670,615
512,671,615
512,672,615
512,673,615
512,674,615
512,675,615
512,676,615
512,677,615
512,678,692
512,679,693
512,680,693
512,681,693
512,682,616
512,683,692
512,684,615
512,685,615
512,686,615
512,687,615
512,688,615
512,689,615
512,690,615
512,691,615
512,692,616
512,693,615
512,694,615
512,695,616
512,696,616
512,697,616
512,698,616
512,699,616
512,700,615
512,701,615
512,702,615
512,703,615
512,704,615
512,705,615
512,706,615
512,707,615
512,708,615
512,709,616
512,710,616
512,711,615
512,712,616
512,713,616
512,714,616
512,715,616
512,716,616
512,717,692
512,718,615
512,719,615
512,720,615
512,721,615
512,722,615
512,723,615
512,724,615
512,725,846
512,726,615
512,727,615
512,728,615
512,729,616
512,730,616
512,731,616
512,732,616
512,733,616
512,734,615
512,735,615
512,736,615
512,737,615
512,738,615
512,739,692
512,740,615
512,741,615
512,742,615
512,743,616
512,744,616
512,745,616
512,746,847
512,747,847
512,748,616
512,749,616
512,750,616
512,751,615
512,752,615
512,753,615
512,754,615
512,755,615
512,756,615
512,757,615
512,758,615
512,759,616
512,760,616
512,761,616
512,762,616
512,763,616
512,764,692
512,765,615
512,766,615
512,767,615
512,768,615
512,769,615
512,770,615
512,771,615
512,772,615
512,773,616
512,774,846
512,775,615
512,776,616
512,777,616
512,778,616
512,779,616
512,780,616
512,781,692
512,782,615
512,783,615
512,784,615
512,785,615
512,786,615
512,787,615
512,788,615
512,789,615
512,790,616
512,791,616
512,792,616
512,793,616
512,794,616
512,795,615
512,796,615
512,797,615
512,798,846
512,799,615
512,800,615
512,801,615
512,802,615
512,803,615
512,804,615
512,805,615
512,806,616
512,807,616
512,808,616
512,809,616
512,810,616
512,811,923
512,812,615
512,813,615
512,814,615
512,815,846
512,816,615
512,817,692
512,818,615
512,819,615
512,820,616
512,821,616
512,822,616
512,823,616
512,824,616
512,825,615
512,826,615
512,827,616
512,828,615
512,829,615
512,830,615
512,831,615
512,832,692
512,833,615
512,834,692
512,835,615
512,836,615
512,837,616
512,838,616
512,839,616
512,840,616
512,841,616
512,842,615
512,843,615
512,844,615
512,845,615
512,846,846
512,847,615
512,848,615
512,849,615
512,850,615
512,851,615
512,852,615
512,853,616
512,854,693
512,855,616
512,856,616
512,857,616
512,858,616
512,859,615
512,860,615
512,861,615
512,862,846
512,863,846
512,864,846
512,865,615
512,866,615
512,867,615
512,868,615
512,869,615
512,870,616
512,871,616
512,872,616
512,873,616
512,874,693
512,875,692
512,876,615
512,877,615
512,878,615
512,879,615
512,880,615
512,881,615
512,882,615
512,883,615
512,884,616
512,885,616
512,886,616
512,887,616
512,888,616
512,889,615
512,890,846
512,891,846
512,892,615
512,893,615
512,894,615
512,895,615
512,896,615
512,897,615
512,898,615
512,899,615
512,900,616
512,901,616
512,902,616
512,903,616
512,904,616
512,905,615
512,906,615
512,907,615
512,908,615
512,909,615
512,910,615
512,911,692
512,912,692
512,913,615
512,914,616
512,915,616
512,916,616
512,917,616
512,918,616
512,919,615
512,920,615
512,921,615
512,922,615
512,923,615
512,924,615
512,925,615
512,926,615
512,927,616
512,928,616
512,929,846
512,930,616
512,931,616
512,932,616
512,933,616
512,934,616
512,935,615
512,936,692
512,937,615
512,938,692
512,939,615
512,940,615
512,941,692
512,942,615
512,943,615
512,944,616
512,945,616
512,946,616
512,947,616
512,948,616
512,949,616
512,950,616
512,951,616
512,952,615
512,953,615
512,954,615
512,955,615
512,956,615
512,957,615
512,958,615
512,959,615
512,960,692
512,961,693
512,962,616
512,963,616
512,964,616
512,965,616
512,966,615
512,967,615
512,968,615
512,969,615
512,970,846
512,971,846
512,972,615
512,973,846
512,974,615
512,975,615
512,976,615
512,977,616
512,978,616
512,979,616
512,980,616
512,981,616
512,982,615
512,983,692
512,984,692
512,985,615
512,986,615
512,987,615
512,988,615
512,989,615
512,990,616
512,991,616
512,992,693
512,993,616
512,994,616
512,995,616
512,996,615
512,997,615
512,998,615
512,999,615
512,1000,846
512,1001,615
512,1002,615
512,1003,692
512,1004,692
512,1005,692
512,1006,615
512,1007,615
512,1008,616
512,1009,616
512,1010,616
512,1011,616
512,1012,616
512,1013,615
512,1014,615
512,1015,615
512,1016,615
512,1017,615
512,1018,615
512,1019,846
512,1020,615
512,1021,615
512,1022,615
512,1023,615
512,1024,616
512,1025,616
512,1026,693
512,1027,693
512,1028,616
512,1029,616
512,1030,615
512,1031,615
512,1032,615
512,1033,615
512,1034,615
512,1035,615
512,1036,615
512,1037,615
512,1038,846
512,1039,615
512,1040,615
512,1041,616
512,1042,616
512,1043,616
512,1044,616
512,1045,616
512,1046,615
512,1047,615
512,1048,615
512,1049,615
512,1050,615
512,1051,615
512,1052,615
512,1053,692
512,1054,615
512,1055,616
512,1056,616
512,1057,616
512,1058,616
512,1059,616
512,1060,615
512,1061,615
512,1062,615
512,1063,846
512,1064,615
512,1065,615
512,1066,615
512,1067,615
512,1068,615
512,1069,615
512,1070,615
512,1071,692
512,1072,616
512,1073,616
512,1074,616
512,1075,616
512,1076,616
512,1077,615
512,1078,615
512,1079,615
512,1080,615
512,1081,615
512,1082,615
512,1083,615
512,1084,615
512,1085,846
512,1086,616
512,1087,846
512,1088,616
512,1089,616
512,1090,616
512,1091,616
512,1092,616
512,1093,615
512,1094,615
512,1095,615
512,1096,615
512,1097,615
512,1098,615
512,1099,615
512,1100,615
512,1101,615
512,1102,616
512,1103,846
512,1104,615
512,1105,616
512,1106,616
512,1107,616
512,1108,616
512,1109,616
512,1110,615
512,1111,615
512,1112,692
512,1113,615
512,1114,615
512,1115,615
512,1116,615
512,1117,615
512,1118,615
512,1119,616
512,1120,616
512,1121,616
512,1122,616
512,1123,847
512,1124,616
512,1125,616
512,1126,616
512,1127,615
512,1128,615
512,1129,615
512,1130,615
512,1131,615
512,1132,615
512,1133,615
512,1134,615
512,1135,692
512,1136,693
512,1137,616
512,1138,616
512,1139,616
512,1140,692
512,1141,615
512,1142,615
512,1143,615
512,1144,692
512,1145,615
512,1146,615
512,1147,846
512,1148,846
512,1149,615
512,1150,615
512,1151,616
512,1152,616
512,1153,616
512,1154,616
512,1155,693
512,1156,616
512,1157,615
512,1158,615
512,1159,615
512,1160,615
512,1161,615
512,1162,615
512,1163,615
512,1164,615
512,1165,615
512,1166,615
512,1167,615
512,1168,616
512,1169,616
512,1170,616
512,1171,616
512,1172,616
512,1173,692
512,1174,615
512,1175,615
512,1176,615
512,1177,615
512,1178,615
512,1179,615
512,1180,846
512,1181,615
512,1182,615
512,1183,615
512,1184,615
512,1185,616
512,1186,616
512,1187,616
512,1188,616
512,1189,616
512,1190,615
512,1191,692
512,1192,615
512,1193,615
512,1194,615
512,1195,615
512,1196,615
512,1197,615
512,1198,615
512,1199,616
512,1200,616
512,1201,616
512,1202,616
512,1203,847
512,1204,616
512,1205,616
512,1206,616
512,1207,615
512,1208,615
512,1209,615
512,1210,692
512,1211,692
512,1212,615
512,1213,615
512,1214,615
512,1215,615
512,1216,616
512,1217,616
512,1218,846
512,1219,847
512,1220,616
512,1221,616
512,1222,616
512,1223,616
512,1224,615
512,1225,615
512,1226,615
512,1227,615
512,1228,615
512,1229,615
512,1230,692
512,1231,615
512,1232,615
512,1233,616
512,1234,616
512,1235,616
512,1236,616
512,1237,616
512,1238,846
512,1239,615
512,1240,846
512,1241,615
512,1242,615
512,1243,615
512,1244,615
512,1245,615
512,1246,615
512,1247,615
512,1248,615
512,1249,616
512,1250,616
512,1251,616
512,1252,616
512,1253,616
512,1254,692
512,1255,692
512,1256,615
512,1257,615
512,1258,615
512,1259,615
512,1260,615
512,1261,615
512,1262,615
512,1263,616
512,1264,616
512,1265,616
512,1266,616
512,1267,847
512,1268,615
512,1269,846
512,1270,616
512,1271,846
512,1272,846
512,1273,615
512,1274,615
512,1275,615
512,1276,615
512,1277,615
512,1278,615
512,1279,692
512,1280,616
512,1281,616
512,1282,616
512,1283,616
512,1284,616
512,1285,615
512,1286,615
512,1287,615
512,1288,615
512,1289,615
512,1290,615
512,1291,846
512,1292,615
512,1293,615
512,1294,615
512,1295,615
512,1296,616
512,1297,616
512,1298,616
512,1299,616
512,1300,693
512,1301,692
512,1302,615
512,1303,615
512,1304,615
512,1305,615
512,1306,615
512,1307,615
512,1308,615
512,1309,615
512,1310,616
512,1311,616
512,1312,616
512,1313,616
512,1314,616
512,1315,615
512,1316,846
512,1317,615
512,1318,846
512,1319,846
512,1320,615
512,1321,615
512,1322,615
512,1323,615
512,1324,615
512,1325,692
512,1326,615
512,1327,616
512,1328,616
512,1329,616
512,1330,616
512,1331,616
512,1332,615
512,1333,846
512,1334,616
512,1335,615
512,1336,615
512,1337,615
512,1338,615
512,1339,615
512,1340,615
512,1341,615
512,1342,615
512,1343,692
512,1344,616
512,1345,616
512,1346,616
512,1347,616
512,1348,616
512,1349,615
512,1350,615
512,1351,846
512,1352,615
512,1353,615
512,1354,615
512,1355,615
512,1356,615
512,1357,615
512,1358,615
512,1359,615
512,1360,692
512,1361,616
512,1362,616
512,1363,616
512,1364,616
512,1365,616
512,1366,615
512,1367,615
512,1368,615
512,1369,615
512,1370,615
512,1371,846
512,1372,615
512,1373,615
512,1374,615
512,1375,615
512,1376,615
512,1377,616
512,1378,616
512,1379,693
512,1380,693
512,1381,616
512,1382,616
512,1383,615
512,1384,615
512,1385,615
512,1386,615
512,1387,615
512,1388,615
512,1389,615
512,1390,846
512,1391,846
512,1392,846
512,1393,615
512,1394,616
512,1395,616
512,1396,616
512,1397,616
512,1398,616
512,1399,615
512,1400,615
512,1401,615
512,1402,615
512,1403,692
512,1404,615
512,1405,615
512,1406,615
512,1407,615
512,1408,616
512,1409,616
512,1410,616
512,1411,616
512,1412,616
512,1413,615
512,1414,615
512,1415,615
512,1416,615
512,1417,846
512,1418,615
512,1419,615
512,1420,615
512,1421,615
512,1422,615
512,1423,615
512,1424,615
512,1425,616
512,1426,616
512,1427,616
512,1428,616
512,1429,616
512,1430,615
512,1431,615
512,1432,615
512,1433,615
512,1434,615
512,1435,846
512,1436,846
512,1437,615
512,1438,615
512,1439,615
512,1440,615
512,1441,616
512,1442,616
512,1443,693
512,1444,616
512,1445,616
512,1446,616
512,1447,615
512,1448,615
512,1449,615
512,1450,615
512,1451,846
512,1452,846
512,1453,846
512,1454,615
512,1455,846
512,1456,615
512,1457,615
512,1458,615
512,1459,846
512,1460,615
512,1461,615
512,1462,615
512,1463,615
512,1464,615
512,1465,615
512,1466,692
512,1467,616
512,1468,616
512,1469,616
512,1470,616
512,1471,616
512,1472,846
512,1473,615
512,1474,615
512,1475,846
512,1476,615
512,1477,615
512,1478,615
512,1479,615
512,1480,615
512,1481,615
512,1482,615
512,1483,616
512,1484,616
512,1485,616
512,1486,616
512,1487,693
512,1488,616
512,1489,615
512,1490,692
512,1491,615
512,1492,615
512,1493,615
512,1494,615
512,1495,615
512,1496,615
512,1497,616
512,1498,616
512,1499,846
512,1500,616
512,1501,616
512,1502,616
512,1503,616
512,1504,693
512,1505,692
512,1506,615
512,1507,615
512,1508,615
512,1509,615
512,1510,615
512,1511,615
512,1512,615
512,1513,615
512,1514,616
512,1515,846
512,1516,615
512,1517,616
512,1518,616
512,1519,616
512,1520,616
512,1521,616
512,1522,615
512,1523,615
512,1524,615
512,1525,615
512,1526,692
512,1527,615
512,1528,692
512,1529,615
512,1530,615
512,1531,616
512,1532,616
512,1533,616
512,1534,616
512,1535,616
512,1536,846
512,1537,846
512,1538,616
512,1539,615
512,1540,615
512,1541,615
512,1542,615
512,1543,615
512,1544,615
512,1545,615
512,1546,615
512,1547,616
512,1548,693
512,1549,693
512,1550,616
512,1551,616
512,1552,616
512,1553,615
512,1554,615
512,1555,615
512,1556,615
512,1557,615
512,1558,615
512,1559,615
512,1560,615
512,1561,616
512,1562,616
512,1563,846
512,1564,616
512,1565,616
512,1566,616
512,1567,616
512,1568,616
512,1569,615
512,1570,692
512,1571,692
512,1572,615
512,1573,615
512,1574,615
512,1575,615
512,1576,615
512,1577,615
512,1578,616
512,1579,616
512,1580,616
512,1581,616
512,1582,616
512,1583,846
512,1584,616
512,1585,616
512,1586,615
512,1587,615
512,1588,615
512,1589,615
512,1590,615
512,1591,615
512,1592,615
512,1593,615
512,1594,616
512,1595,693
512,1596,616
512,1597,616
512,1598,616
512,1599,616
512,1600,615
512,1601,615
512,1602,615
512,1603,615
512,1604,615
512,1605,615
512,1606,615
512,1607,846
512,1608,615
512,1609,615
512,1610,615
512,1611,616
512,1612,616
512,1613,616
512,1614,616
512,1615,616
512,1616,615
512,1617,615
512,1618,615
512,1619,692
512,1620,615
512,1621,615
512,1622,615
512,1623,615
512,1624,615
512,1625,616
512,1626,616
512,1627,616
512,1628,616
512,1629,616
512,1630,615
512,1631,615
512,1632,615
512,1633,615
512,1634,615
512,1635,846
512,1636,615
512,1637,615
512,1638,615
512,1639,615
512,1640,615
512,1641,616
512,1642,616
512,1643,616
512,1644,616
512,1645,693
512,1646,616
512,1647,692
512,1648,615
512,1649,615
512,1650,615
512,1651,615
512,1652,615
512,1653,615
512,1654,615
512,1655,616
512,1656,616
512,1657,616
512,1658,616
512,1659,847
512,1660,846
512,1661,616
512,1662,616
512,1663,615
512,1664,615
512,1665,615
512,1666,615
512,1667,615
512,1668,615
512,1669,615
512,1670,692
512,1671,692
512,1672,616
512,1673,616
512,1674,616
512,1675,616
512,1676,616
512,1677,615
512,1678,615
512,1679,615
512,1680,846
512,1681,384
512,1682,615
512,1683,846
512,1684,615
512,1685,615
512,1686,615
512,1687,615
512,1688,616
512,1689,616
512,1690,616
512,1691,616
512,1692,616
512,1693,615
512,1694,615
512,1695,615
512,1696,615
512,1697,615
512,1698,615
512,1699,615
512,1700,615
512,1701,615
512,1702,616
512,1703,616
512,1704,616
512,1705,616
512,1706,616
512,1707,615
512,1708,615
512,1709,615
512,1710,846
512,1711,846
512,1712,615
512,1713,615
512,1714,615
512,1715,615
512,1716,615
512,1717,692
512,1718,692
512,1719,616
512,1720,616
512,1721,616
512,1722,616
512,1723,616
512,1724,846
512,1725,846
512,1726,846
512,1727,615
512,1728,615
512,1729,615
512,1730,615
512,1731,615
512,1732,615
512,1733,615
512,1734,692
512,1735,615
512,1736,616
512,1737,616
512,1738,616
512,1739,616
512,1740,616
512,1741,615
512,1742,615
512,1743,846
512,1744,846
512,1745,615
512,1746,846
512,1747,615
512,1748,615
512,1749,615
512,1750,615
512,1751,615
512,1752,616
512,1753,616
512,1754,616
512,1755,693
512,1756,616
512,1757,616
512,1758,615
512,1759,615
512,1760,615
512,1761,615
512,1762,615
512,1763,615
512,1764,615
512,1765,615
512,1766,616
512,1767,616
512,1768,616
512,1769,616
512,1770,846
512,1771,615
512,1772,615
512,1773,615
512,1774,846
512,1775,846
512,1776,615
512,1777,615
512,1778,615
512,1779,615
512,1780,692
512,1781,615
512,1782,615
512,1783,616
512,1784,616
512,1785,616
512,1786,616
512,1787,616
512,1788,615
512,1789,615
512,1790,615
512,1791,615
512,1792,615
512,1793,615
512,1794,615
512,1795,615
512,1796,692
512,1797,615
512,1798,615
512,1799,615
512,1800,616
512,1801,616
512,1802,616
512,1803,616
512,1804,616
512,1805,615
512,1806,615
512,1807,615
512,1808,615
512,1809,615
512,1810,615
512,1811,615
512,1812,615
512,1813,615
512,1814,615
512,1815,615
512,1816,616
512,1817,616
512,1818,616
512,1819,616
512,1820,616
512,1821,615
512,1822,615
512,1823,615
512,1824,615
512,1825,615
512,1826,615
512,1827,692
512,1828,615
512,1829,615
512,1830,616
512,1831,616
512,1832,616
512,1833,616
512,1834,616
512,1835,846
512,1836,616
512,1837,616
512,1838,615
512,1839,615
512,1840,615
512,1841,615
512,1842,615
512,1843,615
512,1844,615
512,1845,692
512,1846,615
512,1847,616
512,1848,616
512,1849,616
512,1850,616
512,1851,616
512,1852,615
512,1853,615
512,1854,615
512,1855,615
512,1856,615
512,1857,615
512,1858,846
512,1859,846
512,1860,615
512,1861,615
512,1862,615
512,1863,616
512,1864,616
512,1865,616
512,1866,616
512,1867,616
512,1868,615
512,1869,615
512,1870,615
512,1871,615
512,1872,615
512,1873,692
512,1874,615
512,1875,692
512,1876,615
512,1877,616
512,1878,616
512,1879,616
512,1880,616
512,1881,616
512,1882,615
512,1883,615
512,1884,615
512,1885,615
512,1886,615
512,1887,846
512,1888,615
512,1889,615
512,1890,615
512,1891,615
512,1892,615
512,1893,615
512,1894,616
512,1895,616
512,1896,616
512,1897,616
512,1898,616
512,1899,615
512,1900,615
512,1901,615
512,1902,615
512,1903,846
512,1904,615
512,1905,384
512,1906,846
512,1907,615
512,1908,615
512,1909,615
512,1910,616
512,1911,693
512,1912,616
512,1913,616
512,1914,616
512,1915,616
512,1916,615
512,1917,615
512,1918,615
512,1919,615
512,1920,615
512,1921,615
512,1922,615
512,1923,846
512,1924,846
512,1925,615
512,1926,615
512,1927,616
512,1928,616
512,1929,616
512,1930,616
512,1931,693
512,1932,616
512,1933,615
512,1934,615
512,1935,615
512,1936,615
512,1937,615
512,1938,615
512,1939,615
512,1940,615
512,1941,616
512,1942,616
512,1943,846
512,1944,616
512,1945,616
512,1946,616
512,1947,616
512,1948,616
512,1949,615
512,1950,615
512,1951,615
512,1952,615
512,1953,615
512,1954,615
512,1955,692
512,1956,615
512,1957,615
512,1958,616
512,1959,616
512,1960,616
512,1961,616
512,1962,616
512,1963,615
512,1964,615
512,1965,615
512,1966,615
512,1967,615
512,1968,615
512,1969,615
512,1970,615
512,1971,846
512,1972,615
512,1973,615
512,1974,616
512,1975,616
512,1976,616
512,1977,616
512,1978,616
512,1979,615
512,1980,615
512,1981,615
512,1982,615
512,1983,615
512,1984,692
512,1985,692
512,1986,615
512,1987,615
512,1988,616
512,1989,616
512,1990,616
512,1991,616
512,1992,616
512,1993,615
512,1994,615
512,1995,615
512,1996,615
512,1997,846
512,1998,615
512,1999,615
512,2000,615
512,2001,615
512,2002,615
512,2003,615
512,2004,616
512,2005,693
512,2006,616
512,2007,616
512,2008,616
512,2009,616
512,2010,615
512,2011,615
512,2012,615
512,2013,615
512,2014,615
512,2015,846
512,2016,846
512,2017,615
512,2018,615
512,2019,615
512,2020,615
512,2021,616
512,2022,616
512,2023,616
512,2024,616
512,2025,616
512,2026,692
512,2027,692
512,2028,615
512,2029,615
512,2030,615
512,2031,615
512,2032,615
512,2033,615
512,2034,615
512,2035,616
512,2036,616
512,2037,616
512,2038,616
512,2039,847
512,2040,616
512,2041,616
512,2042,846
512,2043,615
512,2044,615
512,2045,615
512,2046,615
512,2047,615
512,2048,692
512,2049,692
512,2050,692
512,2051,615
512,2052,616
512,2053,616
512,2054,616
512,2055,847
512,2056,616
512,2057,846
512,2058,615
512,2059,846
512,2060,615
512,2061,615
512,2062,615
512,2063,615
512,2064,615
512,2065,615
512,2066,615
512,2067,615
512,2068,692
512,2069,616
512,2070,616
512,2071,616
512,2072,616
512,2073,616
512,2074,615
512,2075,615
512,2076,615
512,2077,615
512,2078,615
512,2079,615
512,2080,615
512,2081,615
512,2082,846
512,2083,615
512,2084,615
512,2085,616
512,2086,846
512,2087,615
512,2088,615
512,2089,615
512,2090,616
512,2091,616
512,2092,616
512,2093,616
512,2094,616
512,2095,616
512,2096,616
512,2097,616
512,2098,615
512,2099,692
512,2100,615
512,2101,615
512,2102,615
512,2103,615
512,2104,615
512,2105,615
512,2106,615
512,2107,846
512,2108,846
512,2109,846
512,2110,847
512,2111,616
512,2112,616
512,2113,693
512,2114,616
512,2115,616
512,2116,615
512,2117,615
512,2118,615
512,2119,615
512,2120,615
512,2121,615
512,2122,615
512,2123,615
512,2124,616
512,2125,616
512,2126,616
512,2127,847
512,2128,616
512,2129,616
512,2130,616
512,2131,616
512,2132,615
512,2133,615
512,2134,615
512,2135,692
512,2136,692
512,2137,615
512,2138,615
512,2139,615
512,2140,615
512,2141,616
512,2142,616
512,2143,616
512,2144,847
512,2145,616
512,2146,615
512,2147,615
512,2148,616
512,2149,615
512,2150,615
512,2151,615
512,2152,615
512,2153,615
512,2154,615
512,2155,615
512,2156,692
512,2157,616
512,2158,693
512,2159,693
512,2160,616
512,2161,616
512,2162,616
512,2163,615
512,2164,615
512,2165,615
512,2166,846
512,2167,615
512,2168,615
512,2169,615
512,2170,615
512,2171,615
512,2172,615
512,2173,615
512,2174,616
512,2175,616
512,2176,616
512,2177,616
512,2178,616
512,2179,615
512,2180,615
512,2181,692
512,2182,615
512,2183,615
512,2184,615
512,2185,615
512,2186,615
512,2187,615
512,2188,616
512,2189,616
512,2190,616
512,2191,847
512,2192,847
512,2193,616
512,2194,615
512,2195,846
512,2196,615
512,2197,615
512,2198,615
512,2199,692
512,2200,692
512,2201,615
512,2202,615
512,2203,615
512,2204,615
512,2205,616
512,2206,616
512,2207,616
512,2208,616
512,2209,616
512,2210,615
512,2211,615
512,2212,615
512,2213,615
512,2214,615
512,2215,615
512,2216,615
512,2217,615
512,2218,615
512,2219,615
512,2220,615
512,2221,616
512,2222,616
512,2223,616
512,2224,616
512,2225,616
512,2226,539
512,2227,692
512,2228,615
512,2229,615
512,2230,615
512,2231,615
512,2232,615
512,2233,615
512,2234,615
512,2235,616
512,2236,616
512,2237,616
512,2238,616
512,2239,616
512,2240,616
512,2241,616
512,2242,616
512,2243,615
512,2244,615
512,2245,615
512,2246,615
512,2247,615
512,2248,692
512,2249,692
512,2250,538
512,2251,692
512,2252,616
512,2253,616
512,2254,616
512,2255,616
512,2256,616
512,2257,615
512,2258,615
512,2259,615
512,2260,615
512,2261,615
512,2262,846
512,2263,846
512,2264,615
512,2265,615
512,2266,615
512,2267,615
512,2268,616
512,2269,616
512,2270,616
512,2271,616
512,2272,616
512,2273,615
512,2274,615
512,2275,615
512,2276,615
512,2277,615
512,2278,692
512,2279,615
512,2280,615
512,2281,615
512,2282,616
512,2283,616
512,2284,616
512,2285,616
512,2286,616
512,2287,615
512,2288,846
512,2289,616
512,2290,615
512,2291,615
512,2292,615
512,2293,615
512,2294,615
512,2295,615
512,2296,615
512,2297,615
512,2298,616
512,2299,693
512,2300,616
512,2301,616
512,2302,616
512,2303,616
512,2304,615
512,2305,615
512,2306,615
512,2307,846
512,2308,846
512,2309,846
512,2310,846
512,2311,615
512,2312,615
512,2313,615
512,2314,615
512,2315,616
512,2316,616
512,2317,616
512,2318,616
512,2319,693
512,2320,616
512,2321,615
512,2322,615
512,2323,615
512,2324,615
512,2325,615
512,2326,846
512,2327,615
512,2328,846
512,2329,615
512,2330,615
512,2331,615
512,2332,616
512,2333,616
512,2334,616
512,2335,616
512,2336,616
512,2337,615
512,2338,615
512,2339,615
512,2340,615
512,2341,615
512,2342,615
512,2343,692
512,2344,692
512,2345,692
512,2346,616
512,2347,693
512,2348,693
512,2349,693
512,2350,616
512,2351,615
512,2352,615
512,2353,615
512,2354,615
512,2355,615
512,2356,846
512,2357,615
512,2358,615
512,2359,615
512,2360,615
512,2361,615
512,2362,616
512,2363,693
512,2364,616
512,2365,616
512,2366,616
512,2367,616
512,2368,615
512,2369,615
512,2370,615
512,2371,615
512,2372,615
512,2373,846
512,2374,846
512,2375,615
512,2376,615
512,2377,615
512,2378,615
512,2379,616
512,2380,616
512,2381,616
512,2382,693
512,2383,693
512,2384,616
512,2385,615
512,2386,615
512,2387,846
512,2388,846
512,2389,846
512,2390,615
512,2391,615
512,2392,615
512,2393,615
512,2394,615
512,2395,615
512,2396,616
512,2397,616
512,2398,616
512,2399,693
512,2400,693
512,2401,847
512,2402,616
512,2403,616
512,2404,616
512,2405,615
512,2406,615
512,2407,615
512,2408,615
512,2409,615
512,2410,615
512,2411,615
512,2412,846
512,2413,846
512,2414,615
512,2415,615
512,2416,615
512,2417,616
512,2418,616
512,2419,616
512,2420,616
512,2421,616
512,2422,615
512,2423,692
512,2424,615
512,2425,615
512,2426,615
512,2427,615
512,2428,615
512,2429,846
512,2430,846
512,2431,615
512,2432,615
512,2433,615
512,2434,616
512,2435,616
512,2436,616
512,2437,693
512,2438,693
512,2439,616
512,2440,615
512,2441,615
512,2442,615
512,2443,846
512,2444,615
512,2445,846
512,2446,615
512,2447,615
512,2448,615
512,2449,615
512,2450,615
512,2451,616
512,2452,616
512,2453,616
512,2454,616
512,2455,616
512,2456,692
512,2457,615
512,2458,615
512,2459,615
512,2460,615
512,2461,615
512,2462,615
512,2463,615
512,2464,615
512,2465,616
512,2466,616
512,2467,616
512,2468,847
512,2469,616
512,2470,385
512,2471,846
512,2472,616
512,2473,615
512,2474,615
512,2475,615
512,2476,615
512,2477,615
512,2478,615
512,2479,615
512,2480,615
512,2481,616
512,2482,616
512,2483,693
512,2484,616
512,2485,616
512,2486,616
512,2487,615
512,2488,615
512,2489,615
512,2490,615
512,2491,615
512,2492,615
512,2493,615
512,2494,615
512,2495,616
512,2496,616
512,2497,846
512,2498,616
512,2499,616
512,2500,616
512,2501,616
512,2502,616
512,2503,615
512,2504,615
512,2505,615
512,2506,615
512,2507,692
512,2508,615
512,2509,615
512,2510,615
512,2511,615
512,2512,616
512,2513,616
512,2514,616
512,2515,847
512,2516,847
512,2517,616
512,2518,616
512,2519,616
512,2520,615
512,2521,615
512,2522,615
512,2523,615
512,2524,615
512,2525,615
512,2526,615
512,2527,615
512,2528,616
512,2529,616
512,2530,616
512,2531,693
512,2532,693
512,2533,692
512,2534,692
512,2535,615
512,2536,615
512,2537,615
512,2538,615
512,2539,615
512,2540,615
512,2541,615
512,2542,616
512,2543,616
512,2544,616
512,2545,847
512,2546,616
512,2547,616
512,2548,616
512,2549,616
512,2550,615
512,2551,615
512,2552,615
512,2553,615
512,2554,615
512,2555,615
512,2556,615
512,2557,615
512,2558,616
512,2559,693
512,2560,693
512,2561,616
512,2562,616
512,2563,616
512,2564,615
512,2565,615
512,2566,615
512,2567,615
512,2568,615
512,2569,846
512,2570,846
512,2571,846
512,2572,846
512,2573,846
512,2574,615
512,2575,616
512,2576,616
512,2577,616
512,2578,616
512,2579,616
512,2580,616
512,2581,615
512,2582,615
512,2583,615
512,2584,615
512,2585,615
512,2586,615
512,2587,615
512,2588,846
512,2589,615
512,2590,615
512,2591,615
512,2592,616
512,2593,616
512,2594,616
512,2595,616
512,2596,616
512,2597,615
512,2598,615
512,2599,615
512,2600,692
512,2601,615
512,2602,615
512,2603,615
512,2604,615
512,2605,615
512,2606,616
512,2607,616
512,2608,616
512,2609,616
512,2610,616
512,2611,616
512,2612,616
512,2613,616
512,2614,615
512,2615,615
512,2616,615
512,2617,615
512,2618,615
512,2619,692
512,2620,692
512,2621,692
512,2622,615
512,2623,616
512,2624,616
512,2625,616
512,2626,616
512,2627,847
512,2628,616
512,2629,616
512,2630,616
512,2631,615
512,2632,615
512,2633,692
512,2634,692
512,2635,692
512,2636,615
512,2637,615
512,2638,615
512,2639,615
512,2640,616
512,2641,846
512,2642,616
512,2643,847
512,2644,616
512,2645,616
512,2646,616
512,2647,616
512,2648,615
512,2649,692
512,2650,692
512,2651,692
512,2652,615
512,2653,615
512,2654,615
512,2655,615
512,2656,615
512,2657,616
512,2658,616
512,2659,846
512,2660,847
512,2661,616
512,2662,846
512,2663,616
512,2664,616
512,2665,615
512,2666,615
512,2667,692
512,2668,615
512,2669,615
512,2670,615
512,2671,615
512,2672,615
512,2673,615
512,2674,616
512,2675,616
512,2676,616
512,2677,616
512,2678,847
512,2679,616
512,2680,616
512,2681,616
512,2682,615
512,2683,615
512,2684,615
512,2685,692
512,2686,692
512,2687,615
512,2688,615
512,2689,615
512,2690,615
512,2691,616
512,2692,616
512,2693,616
512,2694,616
512,2695,847
512,2696,616
512,2697,616
512,2698,616
512,2699,615
512,2700,615
512,2701,615
512,2702,615
512,2703,692
512,2704,615
512,2705,615
512,2706,615
512,2707,615
512,2708,616
512,2709,616
512,2710,616
512,2711,847
512,2712,616
512,2713,616
512,2714,616
512,2715,616
512,2716,846
512,2717,615
512,2718,615
512,2719,615
512,2720,615
512,2721,615
512,2722,692
512,2723,615
512,2724,615
512,2725,616
512,2726,616
512,2727,846
512,2728,847
512,2729,616
512,2730,616
512,2731,616
512,2732,616
512,2733,615
512,2734,615
512,2735,692
512,2736,615
512,2737,615
512,2738,615
512,2739,615
512,2740,615
512,2741,615
512,2742,616
512,2743,616
512,2744,846
512,2745,616
512,2746,616
512,2747,616
512,2748,616
512,2749,616
512,2750,615
512,2751,692
512,2752,692
512,2753,615
512,2754,615
512,2755,615
512,2756,615
512,2757,615
512,2758,615
512,2759,616
512,2760,616
512,2761,616
512,2762,616
512,2763,847
512,2764,616
512,2765,385
512,2766,846
512,2767,615
512,2768,615
512,2769,615
512,2770,615
512,2771,615
512,2772,615
512,2773,615
512,2774,615
512,2775,616
512,2776,616
512,2777,616
512,2778,616
512,2779,693
512,2780,692
512,2781,615
512,2782,615
512,2783,615
512,2784,615
512,2785,615
512,2786,615
512,2787,846
512,2788,615
512,2789,615
512,2790,615
512,2791,615
512,2792,616
512,2793,616
512,2794,616
512,2795,616
512,2796,616
512,2797,692
512,2798,692
512,2799,615
512,2800,615
512,2801,615
512,2802,615
512,2803,615
512,2804,615
512,2805,615
512,2806,616
512,2807,616
512,2808,616
512,2809,616
512,2810,616
512,2811,615
512,2812,846
512,2813,846
512,2814,846
512,2815,615
512,2816,615
512,2817,615
512,2818,615
512,2819,615
512,2820,615
512,2821,615
512,2822,616
512,2823,693
512,2824,693
512,2825,616
512,2826,693
512,2827,616
512,2828,615
512,2829,615
512,2830,615
512,2831,846
512,2832,846
512,2833,615
512,2834,615
512,2835,615
512,2836,615
512,2837,615
512,2838,615
512,2839,616
512,2840,616
512,2841,616
512,2842,616
512,2843,616
512,2844,692
512,2845,692
512,2846,615
512,2847,615
512,2848,615
512,2849,615
512,2850,615
512,2851,615
512,2852,615
512,2853,616
512,2854,616
512,2855,616
512,2856,616
512,2857,616
512,2858,615
512,2859,846
512,2860,616
512,2861,615
512,2862,615
512,2863,615
512,2864,615
512,2865,615
512,2866,615
512,2867,692
512,2868,615
512,2869,615
512,2870,616
512,2871,616
512,2872,616
512,2873,616
512,2874,616
512,2875,846
512,2876,616
512,2877,616
512,2878,615
512,2879,615
512,2880,615
512,2881,615
512,2882,615
512,2883,615
512,2884,615
512,2885,615
512,2886,616
512,2887,693
512,2888,616
512,2889,616
512,2890,616
512,2891,616
512,2892,615
512,2893,615
512,2894,615
512,2895,846
512,2896,615
512,2897,615
512,2898,615
512,2899,615
512,2900,615
512,2901,615
512,2902,615
512,2903,616
512,2904,693
512,2905,616
512,2906,616
512,2907,616
512,2908,616
512,2909,615
512,2910,846
512,2911,616
512,2912,846
512,2913,846
512,2914,846
512,2915,615
512,2916,615
512,2917,615
512,2918,615
512,2919,615
512,2920,692
512,2921,616
512,2922,616
512,2923,693
512,2924,616
512,2925,616
512,2926,615
512,2927,846
512,2928,616
512,2929,615
512,2930,615
512,2931,615
512,2932,615
512,2933,615
512,2934,615
512,2935,615
512,2936,615
512,2937,616
512,2938,693
512,2939,616
512,2940,616
512,2941,616
512,2942,616
512,2943,615
512,2944,615
512,2945,615
512,2946,615
512,2947,615
512,2948,615
512,2949,615
512,2950,615
512,2951,846
512,2952,615
512,2953,615
512,2954,616
512,2955,616
512,2956,616
512,2957,616
512,2958,616
512,2959,615
512,2960,615
512,2961,615
512,2962,692
512,2963,692
512,2964,615
512,2965,615
512,2966,615
512,2967,615
512,2968,616
512,2969,616
512,2970,616
512,2971,616
512,2972,847
512,2973,616
512,2974,616
512,2975,616
512,2976,615
512,2977,615
512,2978,615
512,2979,615
512,2980,692
512,2981,615
512,2982,615
512,2983,615
512,2984,615
512,2985,616
512,2986,616
512,2987,616
512,2988,847
512,2989,616
512,2990,616
512,2991,616
512,2992,616
512,2993,615
512,2994,615
512,2995,615
512,2996,615
512,2997,615
512,2998,615
512,2999,692
512,3000,692
512,3001,615
512,3002,616
512,3003,616
512,3004,616
512,3005,616
512,3006,616
512,3007,615
512,3008,615
512,3009,615
512,3010,615
512,3011,615
512,3012,615
512,3013,615
512,3014,615
512,3015,692
512,3016,615
512,3017,615
512,3018,692
512,3019,693
512,3020,693
512,3021,616
512,3022,616
512,3023,616
512,3024,615
512,3025,615
512,3026,846
512,3027,615
512,3028,615
512,3029,615
512,3030,615
512,3031,846
512,3032,692
512,3033,615
512,3034,615
512,3035,615
512,3036,615
512,3037,846
512,3038,615
512,3039,615
512,3040,616
512,3041,693
512,3042,693
512,3043,616
512,3044,616
512,3045,616
512,3046,615
512,3047,615
512,3048,846
512,3049,615
512,3050,615
512,3051,615
512,3052,615
512,3053,615
512,3054,615
512,3055,615
512,3056,615
512,3057,616
512,3058,616
512,3059,693
512,3060,616
512,3061,616
512,3062,692
512,3063,692
512,3064,615
512,3065,615
512,3066,615
512,3067,615
512,3068,615
512,3069,615
512,3070,615
512,3071,616
512,3072,846
512,3073,846
512,3074,616
512,3075,616
512,3076,616
512,3077,616
512,3078,616
512,3079,615
512,3080,615
512,3081,615
512,3082,615
512,3083,615
512,3084,615
512,3085,615
512,3086,615
512,3087,692
512,3088,616
512,3089,616
512,3090,616
512,3091,616
512,3092,616
512,3093,615
512,3094,615
512,3095,615
512,3096,615
512,3097,615
512,3098,615
512,3099,615
512,3100,615
512,3101,616
512,3102,846
512,3103,615
512,3104,616
512,3105,616
512,3106,616
512,3107,616
512,3108,616
512,3109,615
512,3110,615
512,3111,615
512,3112,615
512,3113,692
512,3114,615
512,3115,692
512,3116,692
512,3117,615
512,3118,616
512,3119,616
512,3120,616
512,3121,616
512,3122,616
512,3123,615
512,3124,615
512,3125,615
512,3126,615
512,3127,615
512,3128,615
512,3129,615
512,3130,846
512,3131,615
512,3132,615
512,3133,615
512,3134,616
512,3135,616
512,3136,616
512,3137,616
512,3138,616
512,3139,615
512,3140,615
512,3141,692
512,3142,692
512,3143,615
512,3144,615
512,3145,615
512,3146,615
512,3147,615
512,3148,616
512,3149,616
512,3150,846
512,3151,616
512,3152,616
512,3153,616
512,3154,616
512,3155,616
512,3156,615
512,3157,615
512,3158,615
512,3159,615
512,3160,615
512,3161,615
512,3162,692
512,3163,615
512,3164,615
512,3165,616
512,3166,616
512,3167,616
512,3168,616
512,3169,616
512,3170,615
512,3171,615
512,3172,846
512,3173,846
512,3174,615
512,3175,615
512,3176,615
512,3177,615
512,3178,615
512,3179,615
512,3180,615
512,3181,616
512,3182,616
512,3183,616
512,3184,616
512,3185,616
512,3186,692
512,3187,615
512,3188,615
512,3189,692
512,3190,692
512,3191,615
512,3192,615
512,3193,615
512,3194,615
512,3195,616
512,3196,616
512,3197,616
512,3198,616
512,3199,616
512,3200,615
512,3201,615
512,3202,846
512,3203,384
512,3204,846
512,3205,615
512,3206,615
512,3207,615
512,3208,615
512,3209,615
512,3210,615
512,3211,616
512,3212,616
512,3213,616
512,3214,693
512,3215,616
512,3216,616
512,3217,615
512,3218,615
512,3219,615
512,3220,615
512,3221,615
512,3222,615
512,3223,846
512,3224,615
512,3225,615
512,3226,615
512,3227,615
512,3228,616
512,3229,616
512,3230,616
512,3231,616
512,3232,616
512,3233,615
512,3234,692
512,3235,615
512,3236,615
512,3237,615
512,3238,615
512,3239,615
512,3240,846
512,3241,846
512,3242,846
512,3243,615
512,3244,615
512,3245,616
512,3246,616
512,3247,616
512,3248,693
512,3249,616
512,3250,616
512,3251,615
512,3252,615
512,3253,615
512,3254,615
512,3255,615
512,3256,615
512,3257,615
512,3258,615
512,3259,616
512,3260,616
512,3261,846
512,3262,616
512,3263,616
512,3264,616
512,3265,616
512,3266,616
512,3267,615
512,3268,692
512,3269,615
512,3270,615
512,3271,615
512,3272,615
512,3273,615
512,3274,615
512,3275,615
512,3276,616
512,3277,616
512,3278,846
512,3279,616
512,3280,616
512,3281,616
512,3282,616
512,3283,616
512,3284,615
512,3285,615
512,3286,615
512,3287,615
512,3288,615
512,3289,615
512,3290,615
512,3291,615
512,3292,616
512,3293,616
512,3294,616
512,3295,616
512,3296,616
512,3297,616
512,3298,615
512,3299,615
512,3300,615
512,3301,615
512,3302,615
512,3303,846
512,3304,615
512,3305,615
512,3306,615
512,3307,615
512,3308,615
512,3309,616
512,3310,616
512,3311,693
512,3312,616
512,3313,616
512,3314,615
512,3315,692
512,3316,615
512,3317,615
512,3318,615
512,3319,846
512,3320,615
512,3321,615
512,3322,615
512,3323,615
512,3324,615
512,3325,615
512,3326,616
512,3327,693
512,3328,616
512,3329,616
512,3330,616
512,3331,616
512,3332,615
512,3333,615
512,3334,615
512,3335,615
512,3336,615
512,3337,615
512,3338,846
512,3339,846
512,3340,615
512,3341,615
512,3342,615
512,3343,616
512,3344,616
512,3345,616
512,3346,692
512,3347,846
512,3348,846
512,3349,615
512,3350,615
512,3351,615
512,3352,692
512,3353,692
512,3354,616
512,3355,616
512,3356,616
512,3357,616
512,3358,847
512,3359,846
512,3360,616
512,3361,616
512,3362,615
512,3363,615
512,3364,615
512,3365,615
512,3366,615
512,3367,615
512,3368,615
512,3369,615
512,3370,692
512,3371,616
512,3372,616
512,3373,616
512,3374,616
512,3375,616
512,3376,615
512,3377,846
512,3378,616
512,3379,615
512,3380,615
512,3381,615
512,3382,615
512,3383,615
512,3384,615
512,3385,615
512,3386,615
512,3387,615
512,3388,616
512,3389,616
512,3390,616
512,3391,616
512,3392,616
512,3393,615
512,3394,615
512,3395,615
512,3396,615
512,3397,615
512,3398,615
512,3399,615
512,3400,615
512,3401,615
512,3402,615
512,3403,615
512,3404,616
512,3405,616
512,3406,616
512,3407,693
512,3408,616
512,3409,616
512,3410,615
512,3411,615
512,3412,615
512,3413,615
512,3414,846
512,3415,846
512,3416,615
512,3417,615
512,3418,615
512,3419,615
512,3420,615
512,3421,692
512,3422,693
512,3423,693
512,3424,616
512,3425,616
512,3426,616
512,3427,615
512,3428,846
512,3429,846
512,3430,615
512,3431,615
512,3432,615
512,3433,615
512,3434,615
512,3435,615
512,3436,692
512,3437,615
512,3438,615
512,3439,616
512,3440,616
512,3441,616
512,3442,616
512,3443,616
512,3444,615
512,3445,615
512,3446,615
512,3447,615
512,3448,846
512,3449,615
512,3450,846
512,3451,615
512,3452,615
512,3453,615
512,3454,615
512,3455,616
512,3456,616
512,3457,616
512,3458,616
512,3459,616
512,3460,615
512,3461,615
512,3462,615
512,3463,692
512,3464,692
512,3465,615
512,3466,615
512,3467,615
512,3468,615
512,3469,616
512,3470,616
512,3471,616
512,3472,616
512,3473,616
512,3474,615
512,3475,615
512,3476,616
512,3477,615
512,3478,615
512,3479,615
512,3480,615
512,3481,615
512,3482,615
512,3483,615
512,3484,692
512,3485,616
512,3486,693
512,3487,616
512,3488,616
512,3489,616
512,3490,847
512,3491,616
512,3492,616
512,3493,616
512,3494,615
512,3495,615
512,3496,615
512,3497,615
512,3498,615
512,3499,692
512,3500,615
512,3501,615
512,3502,615
512,3503,616
512,3504,616
512,3505,616
512,3506,847
512,3507,616
512,3508,616
512,3509,616
512,3510,616
512,3511,615
512,3512,615
512,3513,615
512,3514,615
512,3515,615
512,3516,615
512,3517,615
512,3518,615
512,3519,615
512,3520,616
512,3521,616
512,3522,539
512,3523,693
512,3524,692
512,3525,692
512,3526,615
512,3527,615
512,3528,615
512,3529,615
512,3530,615
512,3531,615
512,3532,615
512,3533,616
512,3534,616
512,3535,846
512,3536,616
512,3537,616
512,3538,846
512,3539,616
512,3540,616
512,3541,615
512,3542,615
512,3543,615
512,3544,615
512,3545,615
512,3546,692
512,3547,615
512,3548,615
512,3549,615
512,3550,616
512,3551,846
512,3552,615
512,3553,616
512,3554,616
512,3555,693
512,3556,616
512,3557,616
512,3558,616
512,3559,615
512,3560,615
512,3561,615
512,3562,846
512,3563,846
512,3564,615
512,3565,615
512,3566,615
512,3567,615
512,3568,615
512,3569,615
512,3570,615
512,3571,616
512,3572,616
512,3573,616
512,3574,616
512,3575,616
512,3576,615
512,3577,846
512,3578,846
512,3579,615
512,3580,615
512,3581,615
512,3582,615
512,3583,615
512,3584,615
512,3585,615
512,3586,692
512,3587,539
512,3588,616
512,3589,616
512,3590,693
512,3591,616
512,3592,616
512,3593,615
512,3594,615
512,3595,846
512,3596,846
512,3597,615
512,3598,615
512,3599,615
512,3600,615
512,3601,615
512,3602,615
512,3603,615
512,3604,616
512,3605,616
512,3606,693
512,3607,616
512,3608,616
512,3609,616
512,3610,615
512,3611,846
512,3612,846
512,3613,615
512,3614,615
512,3615,615
512,3616,615
512,3617,615
512,3618,615
512,3619,615
512,3620,615
512,3621,616
512,3622,616
512,3623,616
512,3624,616
512,3625,616
512,3626,615
512,3627,692
512,3628,615
512,3629,615
512,3630,615
512,3631,615
512,3632,615
512,3633,615
512,3634,615
512,3635,846
512,3636,615
512,3637,615
512,3638,616
512,3639,616
512,3640,616
512,3641,616
512,3642,616
512,3643,615
512,3644,615
512,3645,615
512,3646,615
512,3647,692
512,3648,615
512,3649,615
512,3650,615
512,3651,615
512,3652,616
512,3653,616
512,3654,616
512,3655,616
512,3656,616
512,3657,615
512,3658,615
512,3659,846
512,3660,615
512,3661,692
512,3662,616
512,3663,615
512,3664,615
512,3665,615
512,3666,615
512,3667,692
512,3668,615
512,3669,615
512,3670,615
512,3671,846
512,3672,615
512,3673,615
512,3674,615
512,3675,616
512,3676,616
512,3677,616
512,3678,616
512,3679,693
512,3680,616
512,3681,615
512,3682,615
512,3683,615
512,3684,615
512,3685,615
512,3686,615
512,3687,846
512,3688,615
512,3689,615
512,3690,615
512,3691,615
512,3692,616
512,3693,616
512,3694,616
512,3695,616
512,3696,693
512,3697,692
512,3698,615
512,3699,615
512,3700,615
512,3701,615
512,3702,615
512,3703,615
512,3704,615
512,3705,615
512,3706,616
512,3707,616
512,3708,846
512,3709,616
512,3710,616
512,3711,616
512,3712,616
512,3713,616
512,3714,615
512,3715,615
512,3716,615
512,3717,615
512,3718,615
512,3719,615
512,3720,692
512,3721,692
512,3722,539
512,3723,616
512,3724,616
512,3725,616
512,3726,616
512,3727,847
512,3728,846
512,3729,846
512,3730,846
512,3731,846
512,3732,615
512,3733,846
512,3734,615
512,3735,615
512,3736,615
512,3737,615
512,3738,615
512,3739,616
512,3740,616
512,3741,616
512,3742,693
512,3743,616
512,3744,616
512,3745,615
512,3746,615
512,3747,615
512,3748,615
512,3749,615
512,3750,615
512,3751,615
512,3752,615
512,3753,615
512,3754,615
512,3755,615
512,3756,616
512,3757,616
512,3758,616
512,3759,616
512,3760,616
512,3761,615
512,3762,615
512,3763,615
512,3764,615
512,3765,615
512,3766,615
512,3767,615
512,3768,615
512,3769,616
512,3770,616
512,3771,616
512,3772,693
512,3773,616
512,3774,616
512,3775,615
512,3776,615
512,3777,846
512,3778,846
512,3779,846
512,3780,615
512,3781,615
512,3782,615
512,3783,615
512,3784,615
512,3785,615
512,3786,616
512,3787,616
512,3788,616
512,3789,616
512,3790,616
512,3791,692
512,3792,615
512,3793,615
512,3794,615
512,3795,615
512,3796,615
512,3797,615
512,3798,846
512,3799,846
512,3800,615
512,3801,615
512,3802,615
512,3803,616
512,3804,616
512,3805,616
512,3806,616
512,3807,616
512,3808,615
512,3809,615
512,3810,692
512,3811,615
512,3812,615
512,3813,615
512,3814,615
512,3815,615
512,3816,615
512,3817,616
512,3818,616
512,3819,616
512,3820,616
512,3821,616
512,3822,615
512,3823,615
512,3824,615
512,3825,615
512,3826,615
512,3827,846
512,3828,615
512,3829,615
512,3830,615
512,3831,615
512,3832,615
512,3833,616
512,3834,616
512,3835,616
512,3836,616
512,3837,693
512,3838,692
512,3839,615
512,3840,615
512,3841,615
512,3842,615
512,3843,615
512,3844,846
512,3845,615
512,3846,615
512,3847,615
512,3848,615
512,3849,615
512,3850,616
512,3851,616
512,3852,616
512,3853,693
512,3854,616
512,3855,616
512,3856,615
512,3857,615
512,3858,615
512,3859,615
512,3860,615
512,3861,615
512,3862,615
512,3863,846
512,3864,615
512,3865,615
512,3866,615
512,3867,616
512,3868,616
512,3869,616
512,3870,616
512,3871,616
512,3872,615
512,3873,615
512,3874,692
512,3875,615
512,3876,615
512,3877,615
512,3878,615
512,3879,615
512,3880,615
512,3881,616
512,3882,616
512,3883,616
512,3884,616
512,3885,616
512,3886,846
512,3887,846
512,3888,616
512,3889,615
512,3890,615
512,3891,615
512,3892,615
512,3893,615
512,3894,692
512,3895,615
512,3896,615
512,3897,615
512,3898,616
512,3899,616
512,3900,616
512,3901,616
512,3902,616
512,3903,846
512,3904,616
512,3905,616
512,3906,615
512,3907,615
512,3908,615
512,3909,615
512,3910,615
512,3911,615
512,3912,615
512,3913,615
512,3914,616
512,3915,693
512,3916,616
512,3917,616
512,3918,616
512,3919,847
512,3920,846
512,3921,616
512,3922,616
512,3923,615
512,3924,615
512,3925,615
512,3926,615
512,3927,692
512,3928,615
512,3929,615
512,3930,615
512,3931,615
512,3932,616
512,3933,616
512,3934,616
512,3935,847
512,3936,616
512,3937,616
512,3938,616
512,3939,616
512,3940,615
512,3941,615
512,3942,615
512,3943,615
512,3944,615
512,3945,692
512,3946,692
512,3947,692
512,3948,692
512,3949,616
512,3950,616
512,3951,616
512,3952,847
512,3953,616
512,3954,846
512,3955,616
512,3956,616
512,3957,615
512,3958,615
512,3959,615
512,3960,615
512,3961,615
512,3962,692
512,3963,692
512,3964,615
512,3965,615
512,3966,616
512,3967,616
512,3968,616
512,3969,847
512,3970,616
512,3971,616
512,3972,616
512,3973,616
512,3974,615
512,3975,615
512,3976,692
512,3977,615
512,3978,616
512,3979,616
512,3980,846
512,3981,847
512,3982,616
512,3983,616
512,3984,616
512,3985,616
512,3986,615
512,3987,615
512,3988,615
512,3989,615
512,3990,615
512,3991,615
512,3992,692
512,3993,615
512,3994,615
512,3995,616
512,3996,616
512,3997,616
512,3998,616
512,3999,616
512,4000,846
512,4001,616
512,4002,616
512,4003,615
512,4004,615
512,4005,615
512,4006,615
512,4007,615
512,4008,615
512,4009,615
512,4010,615
512,4011,616
512,4012,693
512,4013,693
512,4014,693
512,4015,616
512,4016,616
512,4017,615
512,4018,615
512,4019,615
512,4020,615
512,4021,615
512,4022,615
512,4023,615
512,4024,615
512,4025,846
512,4026,846
512,4027,615
512,4028,616
512,4029,616
512,4030,616
512,4031,616
512,4032,616
512,4033,615
512,4034,692
512,4035,692
512,4036,538
512,4037,615
512,4038,615
512,4039,615
512,4040,846
512,4041,615
512,4042,615
512,4043,615
512,4044,615
512,4045,616
512,4046,616
512,4047,616
512,4048,616
512,4049,616
512,4050,615
512,4051,615
512,4052,692
512,4053,615
512,4054,692
512,4055,692
512,4056,615
512,4057,615
512,4058,615
512,4059,616
512,4060,616
512,4061,616
512,4062,616
512,4063,847
512,4064,846
512,4065,846
512,4066,616
512,4067,615
512,4068,615
512,4069,615
512,4070,615
512,4071,615
512,4072,615
512,4073,615
512,4074,615
512,4075,616
512,4076,616
512,4077,616
512,4078,616
512,4079,616
512,4080,692
512,4081,692
512,4082,615
512,4083,615
512,4084,615
512,4085,615
512,4086,615
512,4087,615
512,4088,615
512,4089,616
512,4090,616
512,4091,615
512,4092,616
512,4093,616
512,4094,616
512,4095,616
512,4096,616
512,4097,615
512,4098,615
512,4099,615
512,4100,615
512,4101,615
512,4102,615
512,4103,615
512,4104,692
512,4105,615
512,4106,616
512,4107,616
512,4108,616
512,4109,616
512,4110,692
512,4111,615
512,4112,615
512,4113,615
512,4114,615
512,4115,615
512,4116,615
512,4117,615
512,4118,615
512,4119,616
512,4120,846
512,4121,615
512,4122,616
512,4123,847
512,4124,616
512,4125,616
512,4126,616
512,4127,615
512,4128,615
512,4129,615
512,4130,615
512,4131,615
512,4132,692
512,4133,615
512,4134,615
512,4135,616
512,4136,693
512,4137,616
512,4138,616
512,4139,616
512,4140,616
512,4141,615
512,4142,615
512,4143,615
512,4144,615
512,4145,846
512,4146,615
512,4147,615
512,4148,615
512,4149,615
512,4150,615
512,4151,615
512,4152,616
512,4153,616
512,4154,616
512,4155,616
512,4156,616
512,4157,616
512,4158,615
512,4159,615
512,4160,615
512,4161,615
512,4162,615
512,4163,615
512,4164,615
512,4165,615
512,4166,26769
512,4167,847
512,4168,616
512,4169,616
512,4170,693
512,4171,616
512,4172,615
512,4173,846
512,4174,616
512,4175,615
512,4176,692
512,4177,615
512,4178,615
512,4179,846
512,4180,615
512,4181,615
512,4182,615
512,4183,615
512,4184,615
512,4185,692
512,4186,615
512,4187,615
512,4188,616
512,4189,616
512,4190,693
512,4191,693
512,4192,615
512,4193,615
512,4194,615
512,4195,615
512,4196,615
512,4197,615
512,4198,615
512,4199,615
512,4200,615
512,4201,616
512,4202,616
512,4203,616
512,4204,616
512,4205,616
512,4206,615
512,4207,615
512,4208,615
512,4209,615
512,4210,615
512,4211,615
512,4212,615
512,4213,615
512,4214,616
512,4215,615
512,4216,615
512,4217,616
512,4218,616
512,4219,1923
512,4220,1000
512,4221,615
512,4222,846
512,4223,692
512,4224,692
512,4225,615
512,4226,615
512,4227,615
512,4228,616
512,4229,616
512,4230,616
512,4231,847
512,4232,616
512,4233,616
512,4234,616
512,4235,616
512,4236,615
512,4237,615
512,4238,615
512,4239,615
512,4240,615
512,4241,615
512,4242,615
512,4243,692
512,4244,615
512,4245,616
512,4246,693
512,4247,616
512,4248,616
512,4249,616
512,4250,615
512,4251,615
512,4252,538
512,4253,615
512,4254,692
512,4255,692
512,4256,615
512,4257,615
512,4258,616
512,4259,616
512,4260,616
512,4261,616
512,4262,616
512,4263,846
512,4264,616
512,4265,616
512,4266,615
512,4267,615
512,4268,615
512,4269,615
512,4270,615
512,4271,615
512,4272,615
512,4273,615
512,4274,616
512,4275,693
512,4276,693
512,4277,693
512,4278,616
512,4279,616
512,4280,615
512,4281,615
512,4282,615
512,4283,615
512,4284,846
512,4285,615
512,4286,615
512,4287,615
512,4288,615
512,4289,615
512,4290,692
512,4291,692
512,4292,615
512,4293,615
512,4294,615
512,4295,615
512,4296,615
512,4297,615
512,4298,692
512,4299,615
512,4300,615
512,4301,615
512,4302,615
512,4303,615
512,4304,615
512,4305,616
512,4306,616
512,4307,693
512,4308,693
512,4309,616
512,4310,616
512,4311,846
512,4312,846
512,4313,616
512,4314,615
512,4315,615
512,4316,615
512,4317,615
512,4318,615
512,4319,615
512,4320,615
512,4321,615
512,4322,615
512,4323,616
512,4324,616
512,4325,616
512,4326,616
512,4327,616
512,4328,615
512,4329,615
512,4330,615
512,4331,615
512,4332,615
512,4333,615
512,4334,615
512,4335,615
512,4336,616
512,4337,846
512,4338,615
512,4339,616
512,4340,616
512,4341,616
512,4342,616
512,4343,616
512,4344,615
512,4345,615
512,4346,615
512,4347,692
512,4348,615
512,4349,615
512,4350,615
512,4351,615
512,4352,615
512,4353,616
512,4354,616
512,4355,616
512,4356,847
512,4357,616
512,4358,616
512,4359,616
512,4360,616
512,4361,615
512,4362,615
512,4363,615
512,4364,615
512,4365,692
512,4366,692
512,4367,692
512,4368,615
512,4369,615
512,4370,616
512,4371,616
512,4372,616
512,4373,616
512,4374,847
512,4375,846
512,4376,616
512,4377,616
512,4378,615
512,4379,615
512,4380,615
512,4381,615
512,4382,615
512,4383,692
512,4384,692
512,4385,615
512,4386,615
512,4387,616
512,4388,616
512,4389,616
512,4390,616
512,4391,616
512,4392,615
512,4393,615
512,4394,615
512,4395,846
512,4396,846
512,4397,615
512,4398,615
512,4399,615
512,4400,615
512,4401,615
512,4402,615
512,4403,616
512,4404,616
512,4405,616
512,4406,616
512,4407,693
512,4408,616
512,4409,615
512,4410,615
512,4411,615
512,4412,615
512,4413,615
512,4414,615
512,4415,846
512,4416,615
512,4417,615
512,4418,615
512,4419,615
512,4420,616
512,4421,616
512,4422,616
512,4423,616
512,4424,616
512,4425,615
512,4426,615
512,4427,615
512,4428,615
512,4429,615
512,4430,615
512,4431,615
512,4432,615
512,4433,615
512,4434,616
512,4435,616
512,4436,616
512,4437,616
512,4438,616
512,4439,615
512,4440,615
512,4441,615
512,4442,615
512,4443,615
512,4444,615
512,4445,615
512,4446,615
512,4447,616
512,4448,616
512,4449,616
512,4450,847
512,4451,847
512,4452,616
512,4453,616
512,4454,616
512,4455,615
512,4456,615
512,4457,615
512,4458,615
512,4459,615
512,4460,615
512,4461,615
512,4462,615
512,4463,616
512,4464,616
512,4465,616
512,4466,616
512,4467,616
512,4468,615
512,4469,615
512,4470,615
512,4471,692
512,4472,615
512,4473,615
512,4474,615
512,4475,615
512,4476,615
512,4477,616
512,4478,616
512,4479,846
512,4480,616
512,4481,616
512,4482,616
512,4483,616
512,4484,616
512,4485,615
512,4486,615
512,4487,615
512,4488,692
512,4489,615
512,4490,615
512,4491,615
512,4492,615
512,4493,615
512,4494,616
512,4495,846
512,4496,616
512,4497,616
512,4498,616
512,4499,846
512,4500,616
512,4501,616
512,4502,615
512,4503,615
512,4504,615
512,4505,615
512,4506,615
512,4507,615
512,4508,615
512,4509,615
512,4510,616
512,4511,693
512,4512,616
512,4513,616
512,4514,616
512,4515,616
512,4516,615
512,4517,615
512,4518,615
512,4519,615
512,4520,846
512,4521,615
512,4522,846
512,4523,615
512,4524,615
512,4525,615
512,4526,615
512,4527,616
512,4528,616
512,4529,616
512,4530,693
512,4531,616
512,4532,616
512,4533,692
512,4534,615
512,4535,615
512,4536,615
512,4537,615
512,4538,846
512,4539,615
512,4540,615
512,4541,615
512,4542,615
512,4543,615
512,4544,616
512,4545,616
512,4546,616
512,4547,616
512,4548,616
512,4549,692
512,4550,692
512,4551,615
512,4552,615
512,4553,615
512,4554,615
512,4555,615
512,4556,615
512,4557,615
512,4558,616
512,4559,616
512,4560,616
512,4561,616
512,4562,847
512,4563,616
512,4564,616
512,4565,616
512,4566,615
512,4567,615
512,4568,615
512,4569,615
512,4570,615
512,4571,692
512,4572,615
512,4573,615
512,4574,615
512,4575,616
512,4576,616
512,4577,616
512,4578,616
512,4579,847
512,4580,616
512,4581,616
512,4582,616
512,4583,615
512,4584,615
512,4585,615
512,4586,615
512,4587,615
512,4588,615
512,4589,615
512,4590,615
512,4591,615
512,4592,616
512,4593,616
512,4594,616
512,4595,847
512,4596,616
512,4597,616
512,4598,616
512,4599,616
512,4600,615
512,4601,615
512,4602,615
512,4603,692
512,4604,692
512,4605,615
512,4606,923
512,4607,616
512,4608,693
512,4609,692
512,4610,615
512,4611,615
512,4612,615
512,4613,615
512,4614,846
512,4615,615
512,4616,615
512,4617,615
512,4618,615
512,4619,692
512,4620,692
512,4621,615
512,4622,616
512,4623,616
512,4624,616
512,4625,616
512,4626,616
512,4627,615
512,4628,846
512,4629,615
512,4630,615
512,4631,846
512,4632,615
512,4633,615
512,4634,615
512,4635,615
512,4636,615
512,4637,692
512,4638,692
512,4639,616
512,4640,616
512,4641,616
512,4642,616
512,4643,616
512,4644,615
512,4645,615
512,4646,615
512,4647,846
512,4648,615
512,4649,615
512,4650,615
512,4651,615
512,4652,615
512,4653,615
512,4654,615
512,4655,616
512,4656,616
512,4657,616
512,4658,616
512,4659,616
512,4660,615
512,4661,615
512,4662,692
512,4663,615
512,4664,615
512,4665,692
512,4666,692
512,4667,615
512,4668,615
512,4669,616
512,4670,616
512,4671,616
512,4672,616
512,4673,616
512,4674,615
512,4675,615
512,4676,615
512,4677,615
512,4678,615
512,4679,846
512,4680,846
512,4681,615
512,4682,615
512,4683,615
512,4684,615
512,4685,616
512,4686,616
512,4687,616
512,4688,616
512,4689,616
512,4690,615
512,4691,692
512,4692,615
512,4693,615
512,4694,615
512,4695,615
512,4696,615
512,4697,615
512,4698,615
512,4699,616
512,4700,616
512,4701,616
512,4702,616
512,4703,616
512,4704,846
512,4705,846
512,4706,616
512,4707,615
512,4708,615
512,4709,615
512,4710,615
512,4711,615
512,4712,615
512,4713,615
512,4714,615
512,4715,616
512,4716,616
512,4717,616
512,4718,616
512,4719,693
512,4720,616
512,4721,615
512,4722,615
512,4723,615
512,4724,615
512,4725,615
512,4726,615
512,4727,615
512,4728,615
512,4729,846
512,4730,615
512,4731,615
512,4732,616
512,4733,616
512,4734,616
512,4735,616
512,4736,616
512,4737,615
512,4738,615
512,4739,692
512,4740,692
512,4741,692
512,4742,615
512,4743,615
512,4744,615
512,4745,615
512,4746,616
512,4747,616
512,4748,616
512,4749,616
512,4750,616
512,4751,615
512,4752,615
512,4753,615
512,4754,615
512,4755,846
512,4756,615
512,4757,615
512,4758,615
512,4759,615
512,4760,615
512,4761,615
512,4762,616
512,4763,616
512,4764,616
512,4765,693
512,4766,693
512,4767,616
512,4768,615
512,4769,615
512,4770,615
512,4771,615
512,4772,615
512,4773,615
512,4774,846
512,4775,615
512,4776,615
512,4777,615
512,4778,615
512,4779,616
512,4780,616
512,4781,616
512,4782,616
512,4783,616
512,4784,615
512,4785,692
512,4786,615
512,4787,615
512,4788,615
512,4789,615
512,4790,615
512,4791,615
512,4792,615
512,4793,616
512,4794,616
512,4795,846
512,4796,616
512,4797,616
512,4798,616
512,4799,693
512,4800,693
512,4801,615
512,4802,615
512,4803,615
512,4804,615
512,4805,615
512,4806,615
512,4807,615
512,4808,615
512,4809,615
512,4810,616
512,4811,616
512,4812,616
512,4813,616
512,4814,847
512,4815,616
512,4816,616
512,4817,616
512,4818,615
512,4819,615
512,4820,615
512,4821,692
512,4822,615
512,4823,615
512,4824,615
512,4825,615
512,4826,615
512,4827,616
512,4828,616
512,4829,616
512,4830,616
512,4831,616
512,4832,616
512,4833,616
512,4834,616
512,4835,615
512,4836,615
512,4837,615
512,4838,615
512,4839,615
512,4840,615
512,4841,615
512,4842,615
512,4843,616
512,4844,616
512,4845,616
512,4846,693
512,4847,693
512,4848,616
512,4849,615
512,4850,615
512,4851,615
512,4852,615
512,4853,615
512,4854,615
512,4855,615
512,4856,615
512,4857,616
512,4858,846
512,4859,846
512,4860,616
512,4861,616
512,4862,616
512,4863,616
512,4864,616
512,4865,615
512,4866,615
512,4867,615
512,4868,615
512,4869,692
512,4870,615
512,4871,615
512,4872,615
512,4873,615
512,4874,616
512,4875,616
512,4876,846
512,4877,616
512,4878,847
512,4879,616
512,4880,616
512,4881,616
512,4882,615
512,4883,615
512,4884,615
512,4885,615
512,4886,692
512,4887,615
512,4888,615
512,4889,615
512,4890,615
512,4891,616
512,4892,616
512,4893,616
512,4894,616
512,4895,693
512,4896,616
512,4897,616
512,4898,616
512,4899,616
512,4900,615
512,4901,615
512,4902,615
512,4903,615
512,4904,846
512,4905,615
512,4906,615
512,4907,615
512,4908,615
512,4909,615
512,4910,615
512,4911,616
512,4912,616
512,4913,693
512,4914,616
512,4915,616
512,4916,616
512,4917,615
512,4918,538
512,4919,615
512,4920,615
512,4921,615
512,4922,616
512,4923,615
512,4924,615
512,4925,615
512,4926,615
512,4927,692
512,4928,692
512,4929,615
512,4930,615
512,4931,615
512,4932,846
512,4933,615
512,4934,615
512,4935,616
512,4936,616
512,4937,616
512,4938,616
512,4939,693
512,4940,616
512,4941,615
512,4942,846
512,4943,616
512,4944,615
512,4945,615
512,4946,615
512,4947,615
512,4948,692
512,4949,615
512,4950,615
512,4951,615
512,4952,615
512,4953,616
512,4954,616
512,4955,616
512,4956,616
512,4957,616
512,4958,615
512,4959,846
512,4960,616
512,4961,615
512,4962,615
512,4963,615
512,4964,615
512,4965,615
512,4966,615
512,4967,692
512,4968,615
512,4969,615
512,4970,616
512,4971,616
512,4972,616
512,4973,616
512,4974,616
512,4975,615
512,4976,615
512,4977,615
512,4978,615
512,4979,615
512,4980,615
512,4981,846
512,4982,615
512,4983,615
512,4984,615
512,4985,615
512,4986,616
512,4987,616
512,4988,616
512,4989,616
512,4990,616
512,4991,692
512,4992,615
512,4993,615
512,4994,615
512,4995,615
512,4996,615
512,4997,615
512,4998,615
512,4999,615
512,5000,616
512,5001,616
512,5002,616
512,5003,847
512,5004,847
512,5005,616
512,5006,616
512,5007,616
512,5008,615
512,5009,615
512,5010,615
512,5011,615
512,5012,615
512,5013,615
512,5014,615
512,5015,615
512,5016,616
512,5017,616
512,5018,616
512,5019,616
512,5020,616
512,5021,615
512,5022,692
512,5023,615
512,5024,615
512,5025,615
512,5026,615
512,5027,615
512,5028,615
512,5029,615
512,5030,616
512,5031,616
512,5032,616
512,5033,616
512,5034,616
512,5035,616
512,5036,616
512,5037,616
512,5038,615
512,5039,615
512,5040,615
512,5041,615
512,5042,615
512,5043,692
512,5044,615
512,5045,692
512,5046,692
512,5047,616
512,5048,616
512,5049,616
512,5050,616
512,5051,616
512,5052,615
512,5053,615
512,5054,615
512,5055,615
512,5056,846
512,5057,615
512,5058,615
512,5059,615
512,5060,615
512,5061,615
512,5062,615
512,5063,616
512,5064,616
512,5065,693
512,5066,616
512,5067,616
512,5068,616
512,5069,615
512,5070,615
512,5071,615
512,5072,615
512,5073,615
512,5074,846
512,5075,615
512,5076,615
512,5077,615
512,5078,615
512,5079,615
512,5080,616
512,5081,616
512,5082,616
512,5083,616
512,5084,616
512,5085,616
512,5086,615
512,5087,615
512,5088,615
512,5089,615
512,5090,615
512,5091,615
512,5092,615
512,5093,615
512,5094,846
512,5095,846
512,5096,615
512,5097,616
512,5098,616
512,5099,616
512,5100,616
512,5101,616
512,5102,616
512,5103,615
512,5104,615
512,5105,615
512,5106,615
512,5107,846
512,5108,615
512,5109,846
512,5110,615
512,5111,615
512,5112,615
512,5113,615
512,5114,616
512,5115,693
512,5116,693
512,5117,693
512,5118,616
512,5119,616
512,5120,615
512,5121,615
512,5122,615
512,5123,615
512,5124,615
512,5125,615
512,5126,615
512,5127,615
512,5128,616
512,5129,616
512,5130,616
512,5131,616
512,5132,616
512,5133,616
512,5134,616
512,5135,616
512,5136,615
512,5137,615
512,5138,615
512,5139,615
512,5140,692
512,5141,615
512,5142,615
512,5143,615
512,5144,615
512,5145,846
512,5146,615
512,5147,615
512,5148,616
512,5149,616
512,5150,616
512,5151,616
512,5152,616
512,5153,615
512,5154,615
512,5155,692
512,5156,692
512,5157,615
512,5158,615
512,5159,615
512,5160,615
512,5161,615
512,5162,616
512,5163,846
512,5164,615
512,5165,616
512,5166,616
512,5167,616
512,5168,616
512,5169,616
512,5170,615
512,5171,615
512,5172,615
512,5173,615
512,5174,615
512,5175,615
512,5176,615
512,5177,692
512,5178,615
512,5179,616
512,5180,616
512,5181,616
512,5182,847
512,5183,616
512,5184,616
512,5185,616
512,5186,616
512,5187,692
512,5188,692
512,5189,615
512,5190,615
512,5191,615
512,5192,615
512,5193,615
512,5194,615
512,5195,846
512,5196,846
512,5197,615
512,5198,615
512,5199,616
512,5200,616
512,5201,616
512,5202,616
512,5203,616
512,5204,615
512,5205,692
512,5206,615
512,5207,615
512,5208,615
512,5209,615
512,5210,846
512,5211,846
512,5212,615
512,5213,615
512,5214,615
512,5215,615
512,5216,616
512,5217,616
512,5218,616
512,5219,2462
512,5220,923
512,5221,615
512,5222,692
512,5223,615
512,5224,615
512,5225,615
512,5226,615
512,5227,846
512,5228,615
512,5229,615
512,5230,616
512,5231,693
512,5232,616
512,5233,616
512,5234,616
512,5235,616
512,5236,692
512,5237,615
512,5238,615
512,5239,615
512,5240,615
512,5241,615
512,5242,846
512,5243,615
512,5244,615
512,5245,692
512,5246,693
512,5247,616
512,5248,616
512,5249,616
512,5250,847
512,5251,616
512,5252,616
512,5253,616
512,5254,615
512,5255,615
512,5256,615
512,5257,692
512,5258,615
512,5259,692
512,5260,615
512,5261,615
512,5262,615
512,5263,616
512,5264,616
512,5265,616
512,5266,616
512,5267,616
512,5268,615
512,5269,615
512,5270,846
512,5271,615
512,5272,615
512,5273,615
512,5274,615
512,5275,615
512,5276,615
512,5277,615
512,5278,615
512,5279,692
512,5280,616
512,5281,616
512,5282,616
512,5283,616
512,5284,616
512,5285,615
512,5286,615
512,5287,846
512,5288,615
512,5289,615
512,5290,615
512,5291,615
512,5292,615
512,5293,615
512,5294,615
512,5295,615
512,5296,692
512,5297,616
512,5298,693
512,5299,616
512,5300,616
512,5301,616
512,5302,615
512,5303,615
512,5304,615
512,5305,615
512,5306,615
512,5307,615
512,5308,615
512,5309,615
512,5310,616
512,5311,846
512,5312,615
512,5313,616
512,5314,616
512,5315,616
512,5316,616
512,5317,616
512,5318,692
512,5319,615
512,5320,615
512,5321,615
512,5322,615
512,5323,615
512,5324,615
512,5325,692
512,5326,615
512,5327,616
512,5328,616
512,5329,616
512,5330,616
512,5331,616
512,5332,615
512,5333,615
512,5334,615
512,5335,846
512,5336,615
512,5337,615
512,5338,615
512,5339,615
512,5340,615
512,5341,615
512,5342,615
512,5343,616
512,5344,616
512,5345,616
512,5346,693
512,5347,693
512,5348,616
512,5349,615
512,5350,615
512,5351,615
512,5352,615
512,5353,615
512,5354,615
512,5355,615
512,5356,615
512,5357,616
512,5358,616
512,5359,846
512,5360,616
512,5361,616
512,5362,616
512,5363,616
512,5364,616
512,5365,615
512,5366,615
512,5367,615
512,5368,615
512,5369,615
512,5370,615
512,5371,615
512,5372,615
512,5373,616
512,5374,616
512,5375,693
512,5376,616
512,5377,616
512,5378,616
512,5379,615
512,5380,615
512,5381,615
512,5382,615
512,5383,615
512,5384,615
512,5385,615
512,5386,615
512,5387,846
512,5388,615
512,5389,846
512,5390,616
512,5391,616
512,5392,616
512,5393,616
512,5394,616
512,5395,615
512,5396,615
512,5397,615
512,5398,615
512,5399,692
512,5400,615
512,5401,615
512,5402,615
512,5403,692
512,5404,693
512,5405,616
512,5406,616
512,5407,616
512,5408,616
512,5409,615
512,5410,615
512,5411,615
512,5412,615
512,5413,846
512,5414,615
512,5415,615
512,5416,615
512,5417,615
512,5418,615
512,5419,615
512,5420,616
512,5421,616
512,5422,616
512,5423,616
512,5424,616
512,5425,615
512,5426,692
512,5427,615
512,5428,615
512,5429,615
512,5430,615
512,5431,615
512,5432,615
512,5433,615
512,5434,616
512,5435,615
512,5436,615
512,5437,616
512,5438,616
512,5439,616
512,5440,616
512,5441,616
512,5442,615
512,5443,615
512,5444,615
512,5445,615
512,5446,615
512,5447,692
512,5448,615
512,5449,615
512,5450,615
512,5451,616
512,5452,616
512,5453,616
512,5454,616
512,5455,616
512,5456,615
512,5457,615
512,5458,615
512,5459,615
512,5460,615
512,5461,615
512,5462,615
512,5463,615
512,5464,616
512,5465,846
512,5466,615
512,5467,616
512,5468,616
512,5469,616
512,5470,616
512,5471,616
512,5472,615
512,5473,615
512,5474,692
512,5475,692
512,5476,615
512,5477,615
512,5478,615
512,5479,615
512,5480,615
512,5481,616
512,5482,616
512,5483,616
512,5484,616
512,5485,616
512,5486,615
512,5487,846
512,5488,616
512,5489,615
512,5490,615
512,5491,615
512,5492,615
512,5493,615
512,5494,615
512,5495,615
512,5496,615
512,5497,616
512,5498,616
512,5499,616
512,5500,693
512,5501,616
512,5502,616
512,5503,615
512,5504,615
512,5505,615
512,5506,615
512,5507,615
512,5508,615
512,5509,615
512,5510,615
512,5511,616
512,5512,616
512,5513,616
512,5514,616
512,5515,847
512,5516,616
512,5517,616
512,5518,616
512,5519,615
512,5520,615
512,5521,615
512,5522,615
512,5523,615
512,5524,615
512,5525,692
512,5526,692
512,5527,615
512,5528,616
512,5529,616
512,5530,616
512,5531,616
512,5532,615
512,5533,692
512,5534,615
512,5535,615
512,5536,615
512,5537,615
512,5538,615
512,5539,615
512,5540,846
512,5541,615
512,5542,615
512,5543,615
512,5544,616
512,5545,616
512,5546,616
512,5547,616
512,5548,616
512,5549,692
512,5550,615
512,5551,692
512,5552,615
512,5553,615
512,5554,846
512,5555,615
512,5556,692
512,5557,615
512,5558,615
512,5559,615
512,5560,616
512,5561,616
512,5562,616
512,5563,847
512,5564,616
512,5565,616
512,5566,616
512,5567,616
512,5568,616
512,5569,615
512,5570,615
512,5571,615
512,5572,615
512,5573,615
512,5574,615
512,5575,846
512,5576,615
512,5577,615
512,5578,615
512,5579,692
512,5580,692
512,5581,693
512,5582,616
512,5583,616
512,5584,616
512,5585,616
512,5586,615
512,5587,615
512,5588,846
512,5589,615
512,5590,846
512,5591,615
512,5592,615
512,5593,615
512,5594,615
512,5595,385
512,5596,616
512,5597,847
512,5598,847
512,5599,616
512,5600,616
512,5601,616
512,5602,615
512,5603,615
512,5604,615
512,5605,615
512,5606,615
512,5607,615
512,5608,692
512,5609,692
512,5610,692
512,5611,616
512,5612,616
512,5613,616
512,5614,616
512,5615,616
512,5616,615
512,5617,615
512,5618,846
512,5619,615
512,5620,615
512,5621,615
512,5622,615
512,5623,615
512,5624,615
512,5625,615
512,5626,615
512,5627,616
512,5628,616
512,5629,616
512,5630,616
512,5631,616
512,5632,847
512,5633,846
512,5634,846
512,5635,616
512,5636,615
512,5637,615
512,5638,615
512,5639,615
512,5640,615
512,5641,615
512,5642,615
512,5643,615
512,5644,616
512,5645,616
512,5646,616
512,5647,616
512,5648,616
512,5649,615
512,5650,615
512,5651,692
512,5652,615
512,5653,615
512,5654,615
512,5655,615
512,5656,692
512,5657,692
512,5658,616
512,5659,693
512,5660,616
512,5661,616
512,5662,615
512,5663,692
512,5664,692
512,5665,615
512,5666,615
512,5667,615
512,5668,615
512,5669,615
512,5670,615
512,5671,616
512,5672,616
512,5673,616
512,5674,616
512,5675,616
512,5676,615
512,5677,846
512,5678,846
512,5679,846
512,5680,615
512,5681,615
512,5682,615
512,5683,615
512,5684,615
512,5685,615
512,5686,615
512,5687,615
512,5688,616
512,5689,616
512,5690,616
512,5691,616
512,5692,616
512,5693,846
512,5694,616
512,5695,616
512,5696,615
512,5697,615
512,5698,615
512,5699,615
512,5700,615
512,5701,615
512,5702,615
512,5703,615
512,5704,615
512,5705,616
512,5706,616
512,5707,616
512,5708,616
512,5709,616
512,5710,846
512,5711,616
512,5712,616
512,5713,615
512,5714,615
512,5715,615
512,5716,615
512,5717,615
512,5718,615
512,5719,615
512,5720,692
512,5721,615
512,5722,693
512,5723,693
512,5724,693
512,5725,616
512,5726,615
512,5727,615
512,5728,692
512,5729,615
512,5730,692
512,5731,692
512,5732,615
512,5733,615
512,5734,615
512,5735,616
512,5736,616
512,5737,616
512,5738,616
512,5739,616
512,5740,846
512,5741,615
512,5742,616
512,5743,615
512,5744,615
512,5745,615
512,5746,615
512,5747,615
512,5748,615
512,5749,692
512,5750,615
512,5751,615
512,5752,616
512,5753,616
512,5754,616
512,5755,847
512,5756,616
512,5757,616
512,5758,616
512,5759,616
512,5760,615
512,5761,615
512,5762,692
512,5763,692
512,5764,615
512,5765,615
512,5766,615
512,5767,615
512,5768,615
512,5769,616
512,5770,616
512,5771,846
512,5772,847
512,5773,616
512,5774,616
512,5775,616
512,5776,616
512,5777,615
512,5778,615
512,5779,692
512,5780,615
512,5781,615
512,5782,615
512,5783,615
512,5784,615
512,5785,615
512,5786,616
512,5787,616
512,5788,616
512,5789,616
512,5790,616
512,5791,615
512,5792,615
512,5793,615
512,5794,846
512,5795,615
512,5796,615
512,5797,615
512,5798,615
512,5799,615
512,5800,615
512,5801,615
512,5802,692
512,5803,693
512,5804,616
512,5805,616
512,5806,616
512,5807,616
512,5808,615
512,5809,615
512,5810,615
512,5811,615
512,5812,615
512,5813,615
512,5814,615
512,5815,615
512,5816,615
512,5817,615
512,5818,615
512,5819,616
512,5820,616
512,5821,616
512,5822,616
512,5823,693
512,5824,616
512,5825,615
512,5826,615
512,5827,615
512,5828,615
512,5829,615
512,5830,615
512,5831,615
512,5832,615
512,5833,616
512,5834,616
512,5835,616
512,5836,847
512,5837,847
512,5838,616
512,5839,616
512,5840,616
512,5841,615
512,5842,692
512,5843,692
512,5844,615
512,5845,615
512,5846,615
512,5847,615
512,5848,615
512,5849,615
512,5850,616
512,5851,616
512,5852,616
512,5853,616
512,5854,847
512,5855,616
512,5856,616
512,5857,616
512,5858,615
512,5859,615
512,5860,615
512,5861,615
512,5862,615
512,5863,615
512,5864,615
512,5865,615
512,5866,846
512,5867,615
512,5868,615
512,5869,692
512,5870,615
512,5871,615
512,5872,615
512,5873,615
512,5874,616
512,5875,846
512,5876,615
512,5877,616
512,5878,616
512,5879,693
512,5880,616
512,5881,616
512,5882,616
512,5883,615
512,5884,615
512,5885,846
512,5886,615
512,5887,615
512,5888,615
512,5889,615
512,5890,615
512,5891,615
512,5892,615
512,5893,615
512,5894,616
512,5895,693
512,5896,616
512,5897,616
512,5898,616
512,5899,616
512,5900,615
512,5901,615
512,5902,846
512,5903,615
512,5904,615
512,5905,615
512,5906,615
512,5907,692
512,5908,615
512,5909,615
512,5910,615
512,5911,615
512,5912,616
512,5913,616
512,5914,616
512,5915,847
512,5916,847
512,5917,616
512,5918,616
512,5919,616
512,5920,615
512,5921,615
512,5922,615
512,5923,615
512,5924,615
512,5925,615
512,5926,615
512,5927,692
512,5928,615
512,5929,616
512,5930,616
512,5931,616
512,5932,616
512,5933,847
512,5934,846
512,5935,846
512,5936,616
512,5937,615
512,5938,615
512,5939,615
512,5940,615
512,5941,615
512,5942,615
512,5943,692
512,5944,615
512,5945,615
512,5946,616
512,5947,616
512,5948,616
512,5949,616
512,5950,616
512,5951,615
512,5952,615
512,5953,615
512,5954,846
512,5955,615
512,5956,615
512,5957,615
512,5958,615
512,5959,615
512,5960,615
512,5961,615
512,5962,692
512,5963,616
512,5964,616
512,5965,616
512,5966,616
512,5967,616
512,5968,615
512,5969,615
512,5970,615
512,5971,615
512,5972,615
512,5973,615
512,5974,615
512,5975,846
512,5976,615
512,5977,615
512,5978,615
512,5979,616
512,5980,616
512,5981,616
512,5982,693
512,5983,616
512,5984,616
512,5985,615
512,5986,615
512,5987,615
512,5988,615
512,5989,615
512,5990,615
512,5991,615
512,5992,615
512,5993,616
512,5994,616
512,5995,615
512,5996,616
512,5997,616
512,5998,616
512,5999,616
512,6000,616
512,6001,615
512,6002,615
512,6003,615
512,6004,615
512,6005,615
512,6006,615
512,6007,615
512,6008,692
512,6009,616
512,6010,693
512,6011,693
512,6012,616
512,6013,616
512,6014,616
512,6015,615
512,6016,615
512,6017,615
512,6018,615
512,6019,615
512,6020,615
512,6021,846
512,6022,615
512,6023,846
512,6024,846
512,6025,615
512,6026,616
512,6027,616
512,6028,616
512,6029,616
512,6030,616
512,6031,615
512,6032,615
512,6033,615
512,6034,615
512,6035,615
512,6036,615
512,6037,615
512,6038,615
512,6039,616
512,6040,616
512,6041,616
512,6042,616
512,6043,616
512,6044,615
512,6045,615
512,6046,615
512,6047,615
512,6048,692
512,6049,692
512,6050,615
512,6051,615
512,6052,615
512,6053,616
512,6054,616
512,6055,616
512,6056,616
512,6057,616
512,6058,846
512,6059,616
512,6060,616
512,6061,615
512,6062,615
512,6063,615
512,6064,615
512,6065,615
512,6066,615
512,6067,615
512,6068,615
512,6069,616
512,6070,616
512,6071,693
512,6072,693
512,6073,616
512,6074,616
512,6075,615
512,6076,615
512,6077,615
512,6078,615
512,6079,615
512,6080,615
512,6081,615
512,6082,615
512,6083,616
512,6084,615
512,6085,615
512,6086,616
512,6087,616
512,6088,616
512,6089,616
512,6090,616
512,6091,615
512,6092,615
512,6093,615
512,6094,615
512,6095,615
512,6096,615
512,6097,615
512,6098,615
512,6099,615
512,6100,616
512,6101,616
512,6102,615
512,6103,616
512,6104,616
512,6105,616
512,6106,616
512,6107,616
512,6108,615
512,6109,615
512,6110,615
512,6111,692
512,6112,615
512,6113,615
512,6114,615
512,6115,615
512,6116,615
512,6117,616
512,6118,616
512,6119,616
512,6120,616
512,6121,616
512,6122,615
512,6123,615
512,6124,846
512,6125,615
512,6126,615
512,6127,846
512,6128,846
512,6129,615
512,6130,846
512,6131,615
512,6132,615
512,6133,616
512,6134,616
512,6135,616
512,6136,616
512,6137,616
512,6138,692
512,6139,615
512,6140,615
512,6141,615
512,6142,615
512,6143,615
512,6144,615
512,6145,615
512,6146,846
512,6147,846
512,6148,615
512,6149,615
512,6150,616
512,6151,616
512,6152,616
512,6153,616
512,6154,616
512,6155,692
512,6156,615
512,6157,615
512,6158,615
512,6159,615
512,6160,615
512,6161,615
512,6162,615
512,6163,846
512,6164,615
512,6165,615
512,6166,615
512,6167,616
512,6168,616
512,6169,616
512,6170,693
512,6171,616
512,6172,616
512,6173,615
512,6174,615
512,6175,846
512,6176,615
512,6177,615
512,6178,615
512,6179,615
512,6180,615
512,6181,693
512,6182,615
512,6183,616
512,6184,616
512,6185,616
512,6186,616
512,6187,693
512,6188,616
512,6189,846
512,6190,616
512,6191,616
512,6192,615
512,6193,615
512,6194,692
512,6195,615
512,6196,615
512,6197,615
512,6198,615
512,6199,846
512,6200,615
512,6201,846
512,6202,615
512,6203,615
512,6204,616
512,6205,616
512,6206,693
512,6207,616
512,6208,616
512,6209,616
512,6210,615
512,6211,615
512,6212,615
512,6213,615
512,6214,615
512,6215,615
512,6216,615
512,6217,615
512,6218,616
512,6219,616
512,6220,616
512,6221,616
512,6222,616
512,6223,846
512,6224,616
512,6225,616
512,6226,615
512,6227,615
512,6228,615
512,6229,615
512,6230,692
512,6231,615
512,6232,615
512,6233,615
512,6234,615
512,6235,616
512,6236,846
512,6237,846
512,6238,616
512,6239,616
512,6240,616
512,6241,616
512,6242,616
512,6243,615
512,6244,692
512,6245,615
512,6246,615
512,6247,615
512,6248,615
512,6249,615
512,6250,615
512,6251,846
512,6252,615
512,6253,615
512,6254,615
512,6255,616
512,6256,616
512,6257,616
512,6258,616
512,6259,693
512,6260,616
512,6261,615
512,6262,615
512,6263,615
512,6264,615
512,6265,615
512,6266,615
512,6267,846
512,6268,615
512,6269,615
512,6270,615
512,6271,615
512,6272,616
512,6273,616
512,6274,616
512,6275,616
512,6276,616
512,6277,615
512,6278,692
512,6279,615
512,6280,615
512,6281,615
512,6282,538
512,6283,615
512,6284,692
512,6285,692
512,6286,616
512,6287,616
512,6288,616
512,6289,616
512,6290,616
512,6291,615
512,6292,615
512,6293,846
512,6294,615
512,6295,615
512,6296,615
512,6297,615
512,6298,615
512,6299,615
512,6300,615
512,6301,692
512,6302,615
512,6303,616
512,6304,616
512,6305,616
512,6306,616
512,6307,616
512,6308,846
512,6309,616
512,6310,616
512,6311,615
512,6312,615
512,6313,615
512,6314,615
512,6315,615
512,6316,615
512,6317,615
512,6318,615
512,6319,615
512,6320,616
512,6321,616
512,6322,846
512,6323,847
512,6324,616
512,6325,616
512,6326,616
512,6327,616
512,6328,615
512,6329,615
512,6330,615
512,6331,615
512,6332,615
512,6333,615
512,6334,692
512,6335,692
512,6336,615
512,6337,616
512,6338,616
512,6339,616
512,6340,616
512,6341,847
512,6342,616
512,6343,616
512,6344,616
512,6345,615
512,6346,615
512,6347,615
512,6348,615
512,6349,615
512,6350,615
512,6351,615
512,6352,615
512,6353,616
512,6354,616
512,6355,616
512,6356,616
512,6357,616
512,6358,615
512,6359,615
512,6360,615
512,6361,615
512,6362,692
512,6363,692
512,6364,615
512,6365,615
512,6366,615
512,6367,846
512,6368,615
512,6369,615
512,6370,616
512,6371,693
512,6372,693
512,6373,693
512,6374,616
512,6375,616
512,6376,615
512,6377,615
512,6378,615
512,6379,615
512,6380,846
512,6381,615
512,6382,615
512,6383,615
512,6384,615
512,6385,615
512,6386,615
512,6387,692
512,6388,693
512,6389,616
512,6390,616
512,6391,616
512,6392,616
512,6393,615
512,6394,615
512,6395,615
512,6396,615
512,6397,615
512,6398,615
512,6399,615
512,6400,615
512,6401,616
512,6402,846
512,6403,846
512,6404,847
512,6405,616
512,6406,616
512,6407,616
512,6408,693
512,6409,616
512,6410,615
512,6411,615
512,6412,615
512,6413,692
512,6414,615
512,6415,615
512,6416,615
512,6417,615
512,6418,616
512,6419,616
512,6420,616
512,6421,616
512,6422,616
512,6423,615
512,6424,846
512,6425,846
512,6426,615
512,6427,615
512,6428,615
512,6429,615
512,6430,615
512,6431,615
512,6432,615
512,6433,615
512,6434,616
512,6435,616
512,6436,693
512,6437,616
512,6438,616
512,6439,616
512,6440,615
512,6441,615
512,6442,615
512,6443,615
512,6444,846
512,6445,615
512,6446,615
512,6447,615
512,6448,615
512,6449,615
512,6450,615
512,6451,692
512,6452,693
512,6453,616
512,6454,616
512,6455,616
512,6456,616
512,6457,846
512,6458,846
512,6459,616
512,6460,615
512,6461,615
512,6462,615
512,6463,615
512,6464,615
512,6465,615
512,6466,692
512,6467,692
512,6468,615
512,6469,616
512,6470,616
512,6471,846
512,6472,616
512,6473,616
512,6474,616
512,6475,616
512,6476,616
512,6477,615
512,6478,615
512,6479,615
512,6480,615
512,6481,615
512,6482,615
512,6483,692
512,6484,615
512,6485,615
512,6486,616
512,6487,616
512,6488,616
512,6489,616
512,6490,616
512,6491,615
512,6492,615
512,6493,615
512,6494,615
512,6495,846
512,6496,846
512,6497,615
512,6498,615
512,6499,692
512,6500,692
512,6501,692
512,6502,538
512,6503,692
512,6504,692
512,6505,616
512,6506,616
512,6507,616
512,6508,616
512,6509,616
512,6510,615
512,6511,615
512,6512,615
512,6513,615
512,6514,615
512,6515,846
512,6516,846
512,6517,615
512,6518,615
512,6519,615
512,6520,615
512,6521,616
512,6522,616
512,6523,616
512,6524,616
512,6525,693
512,6526,692
512,6527,615
512,6528,615
512,6529,615
512,6530,615
512,6531,615
512,6532,615
512,6533,615
512,6534,615
512,6535,846
512,6536,846
512,6537,615
512,6538,616
512,6539,616
512,6540,616
512,6541,616
512,6542,616
512,6543,615
512,6544,692
512,6545,615
512,6546,615
512,6547,615
512,6548,615
512,6549,615
512,6550,615
512,6551,615
512,6552,616
512,6553,616
512,6554,616
512,6555,847
512,6556,847
512,6557,846
512,6558,616
512,6559,616
512,6560,615
512,6561,615
512,6562,615
512,6563,615
512,6564,692
512,6565,615
512,6566,692
512,6567,615
512,6568,615
512,6569,616
512,6570,616
512,6571,616
512,6572,616
512,6573,616
512,6574,615
512,6575,615
512,6576,615
512,6577,615
512,6578,615
512,6579,615
512,6580,615
512,6581,615
512,6582,616
512,6583,615
512,6584,615
512,6585,616
512,6586,616
512,6587,616
512,6588,616
512,6589,616
512,6590,615
512,6591,615
512,6592,615
512,6593,615
512,6594,615
512,6595,692
512,6596,615
512,6597,615
512,6598,615
512,6599,616
512,6600,616
512,6601,616
512,6602,616
512,6603,616
512,6604,615
512,6605,615
512,6606,615
512,6607,846
512,6608,846
512,6609,615
512,6610,615
512,6611,615
512,6612,615
512,6613,615
512,6614,615
512,6615,616
512,6616,693
512,6617,616
512,6618,616
512,6619,616
512,6620,616
512,6621,615
512,6622,615
512,6623,615
512,6624,615
512,6625,615
512,6626,615
512,6627,615
512,6628,615
512,6629,615
512,6630,615
512,6631,615
512,6632,616
512,6633,616
512,6634,616
512,6635,616
512,6636,616
512,6637,615
512,6638,615
512,6639,692
512,6640,615
512,6641,692
512,6642,692
512,6643,692
512,6644,615
512,6645,615
512,6646,616
512,6647,539
512,6648,616
512,6649,616
512,6650,692
512,6651,692
512,6652,615
512,6653,615
512,6654,615
512,6655,615
512,6656,615
512,6657,615
512,6658,615
512,6659,616
512,6660,616
512,6661,616
512,6662,616
512,6663,616
512,6664,846
512,6665,846
512,6666,846
512,6667,615
512,6668,615
512,6669,615
512,6670,615
512,6671,615
512,6672,615
512,6673,615
512,6674,615
512,6675,692
512,6676,693
512,6677,616
512,6678,616
512,6679,616
512,6680,616
512,6681,615
512,6682,615
512,6683,615
512,6684,615
512,6685,615
512,6686,615
512,6687,846
512,6688,846
512,6689,615
512,6690,615
512,6691,615
512,6692,616
512,6693,616
512,6694,616
512,6695,616
512,6696,616
512,6697,615
512,6698,615
512,6699,615
512,6700,615
512,6701,615
512,6702,615
512,6703,615
512,6704,615
512,6705,846
512,6706,615
512,6707,615
512,6708,615
512,6709,616
512,6710,693
512,6711,616
512,6712,616
512,6713,616
512,6714,616
512,6715,615
512,6716,615
512,6717,615
512,6718,846
512,6719,615
512,6720,615
512,6721,615
512,6722,615
512,6723,615
512,6724,692
512,6725,692
512,6726,692
512,6727,693
512,6728,616
512,6729,616
512,6730,616
512,6731,616
512,6732,615
512,6733,615
512,6734,615
512,6735,846
512,6736,615
512,6737,615
512,6738,615
512,6739,615
512,6740,615
512,6741,615
512,6742,615
512,6743,692
512,6744,616
512,6745,616
512,6746,616
512,6747,616
512,6748,616
512,6749,615
512,6750,846
512,6751,616
512,6752,615
512,6753,615
512,6754,615
512,6755,615
512,6756,615
512,6757,615
512,6758,615
512,6759,692
512,6760,615
512,6761,616
512,6762,616
512,6763,616
512,6764,616
512,6765,616
512,6766,615
512,6767,615
512,6768,615
512,6769,615
512,6770,846
512,6771,615
512,6772,615
512,6773,615
512,6774,615
512,6775,615
512,6776,615
512,6777,616
512,6778,616
512,6779,616
512,6780,616
512,6781,616
512,6782,615
512,6783,615
512,6784,692
512,6785,615
512,6786,615
512,6787,615
512,6788,615
512,6789,615
512,6790,615
512,6791,846
512,6792,846
512,6793,846
512,6794,616
512,6795,616
512,6796,616
512,6797,616
512,6798,616
512,6799,615
512,6800,615
512,6801,615
512,6802,615
512,6803,615
512,6804,615
512,6805,615
512,6806,692
512,6807,615
512,6808,616
512,6809,616
512,6810,616
512,6811,692
512,6812,615
512,6813,615
512,6814,615
512,6815,692
512,6816,692
512,6817,692
512,6818,615
512,6819,615
512,6820,616
512,6821,616
512,6822,616
512,6823,616
512,6824,616
512,6825,846
512,6826,846
512,6827,616
512,6828,615
512,6829,615
512,6830,615
512,6831,692
512,6832,692
512,6833,615
512,6834,615
512,6835,615
512,6836,615
512,6837,616
512,6838,616
512,6839,616
512,6840,616
512,6841,616
512,6842,615
512,6843,615
512,6844,615
512,6845,846
512,6846,846
512,6847,615
512,6848,615
512,6849,615
512,6850,615
512,6851,615
512,6852,615
512,6853,616
512,6854,616
512,6855,616
512,6856,616
512,6857,616
512,6858,692
512,6859,692
512,6860,615
512,6861,615
512,6862,615
512,6863,615
512,6864,615
512,6865,615
512,6866,615
512,6867,616
512,6868,615
512,6869,615
512,6870,616
512,6871,616
512,6872,616
512,6873,616
512,6874,616
512,6875,615
512,6876,615
512,6877,615
512,6878,615
512,6879,692
512,6880,615
512,6881,615
512,6882,615
512,6883,615
512,6884,616
512,6885,846
512,6886,846
512,6887,616
512,6888,616
512,6889,616
512,6890,616
512,6891,616
512,6892,615
512,6893,615
512,6894,615
512,6895,615
512,6896,615
512,6897,615
512,6898,615
512,6899,615
512,6900,692
512,6901,693
512,6902,616
512,6903,616
512,6904,616
512,6905,616
512,6906,615
512,6907,615
512,6908,615
512,6909,846
512,6910,846
512,6911,615
512,6912,615
512,6913,615
512,6914,615
512,6915,615
512,6916,615
512,6917,616
512,6918,616
512,6919,693
512,6920,616
512,6921,616
512,6922,616
512,6923,615
512,6924,615
512,6925,615
512,6926,615
512,6927,615
512,6928,615
512,6929,615
512,6930,615
512,6931,615
512,6932,615
512,6933,615
512,6934,616
512,6935,616
512,6936,616
512,6937,693
512,6938,616
512,6939,616
512,6940,615
512,6941,615
512,6942,615
512,6943,615
512,6944,615
512,6945,846
512,6946,846
512,6947,846
512,6948,615
512,6949,615
512,6950,615
512,6951,616
512,6952,616
512,6953,616
512,6954,616
512,6955,616
512,6956,615
512,6957,615
512,6958,615
512,6959,692
512,6960,615
512,6961,615
512,6962,615
512,6963,692
512,6964,615
512,6965,616
512,6966,616
512,6967,616
512,6968,616
512,6969,616
512,6970,615
512,6971,615
512,6972,615
512,6973,846
512,6974,846
512,6975,615
512,6976,615
512,6977,615
512,6978,385
512,6979,616
512,6980,846
512,6981,847
512,6982,616
512,6983,616
512,6984,616
512,6985,616
512,6986,615
512,6987,615
512,6988,615
512,6989,615
512,6990,615
512,6991,615
512,6992,615
512,6993,615
512,6994,616
512,6995,693
512,6996,616
512,6997,616
512,6998,616
512,6999,616
512,7000,615
512,7001,615
512,7002,615
512,7003,615
512,7004,615
512,7005,615
512,7006,615
512,7007,846
512,7008,846
512,7009,846
512,7010,615
512,7011,616
512,7012,616
512,7013,616
512,7014,616
512,7015,693
512,7016,616
512,7017,615
512,7018,615
512,7019,615
512,7020,615
512,7021,615
512,7022,615
512,7023,615
512,7024,846
512,7025,846
512,7026,846
512,7027,615
512,7028,616
512,7029,616
512,7030,616
512,7031,616
512,7032,616
512,7033,615
512,7034,615
512,7035,615
512,7036,692
512,7037,615
512,7038,615
512,7039,615
512,7040,615
512,7041,615
512,7042,616
512,7043,616
512,7044,616
512,7045,616
512,7046,616
512,7047,615
512,7048,615
512,7049,615
512,7050,846
512,7051,615
512,7052,615
512,7053,615
512,7054,615
512,7055,615
512,7056,615
512,7057,615
512,7058,616
512,7059,693
512,7060,616
512,7061,616
512,7062,616
512,7063,616
512,7064,615
512,7065,615
512,7066,615
512,7067,615
512,7068,615
512,7069,846
512,7070,615
512,7071,615
512,7072,615
512,7073,615
512,7074,615
512,7075,616
512,7076,616
512,7077,616
512,7078,616
512,7079,616
512,7080,616
512,7081,615
512,7082,615
512,7083,615
512,7084,615
512,7085,846
512,7086,615
512,7087,615
512,7088,615
512,7089,615
512,7090,615
512,7091,615
512,7092,616
512,7093,616
512,7094,616
512,7095,616
512,7096,616
512,7097,692
512,7098,692
512,7099,615
512,7100,615
512,7101,615
512,7102,615
512,7103,615
512,7104,615
512,7105,615
512,7106,616
512,7107,616
512,7108,616
512,7109,616
512,7110,616
512,7111,615
512,7112,615
512,7113,615
512,7114,615
512,7115,846
512,7116,615
512,7117,846
512,7118,615
512,7119,615
512,7120,615
512,7121,615
512,7122,616
512,7123,616
512,7124,616
512,7125,616
512,7126,692
512,7127,615
512,7128,615
512,7129,846
512,7130,615
512,7131,692
512,7132,615
512,7133,615
512,7134,846
512,7135,846
512,7136,615
512,7137,615
512,7138,615
512,7139,615
512,7140,615
512,7141,615
512,7142,616
512,7143,693
512,7144,616
512,7145,616
512,7146,616
512,7147,616
512,7148,615
512,7149,615
512,7150,846
512,7151,615
512,7152,615
512,7153,615
512,7154,615
512,7155,692
512,7156,692
512,7157,615
512,7158,615
512,7159,615
512,7160,616
512,7161,616
512,7162,616
512,7163,616
512,7164,616
512,7165,615
512,7166,615
512,7167,615
512,7168,615
512,7169,615
512,7170,846
512,7171,846
512,7172,615
512,7173,615
512,7174,615
512,7175,615
512,7176,616
512,7177,616
512,7178,616
512,7179,616
512,7180,616
512,7181,692
512,7182,692
512,7183,615
512,7184,615
512,7185,615
512,7186,615
512,7187,615
512,7188,615
512,7189,615
512,7190,616
512,7191,616
512,7192,616
512,7193,616
512,7194,616
512,7195,846
512,7196,616
512,7197,616
512,7198,615
512,7199,615
512,7200,615
512,7201,615
512,7202,615
512,7203,615
512,7204,692
512,7205,692
512,7206,692
512,7207,616
512,7208,616
512,7209,616
512,7210,616
512,7211,616
512,7212,615
512,7213,615
512,7214,615
512,7215,615
512,7216,615
512,7217,615
512,7218,615
512,7219,846
512,7220,846
512,7221,616
512,7222,846
512,7223,616
512,7224,616
512,7225,616
512,7226,616
512,7227,616
512,7228,615
512,7229,615
512,7230,615
512,7231,692
512,7232,615
512,7233,615
512,7234,615
512,7235,615
512,7236,615
512,7237,616
512,7238,616
512,7239,616
512,7240,616
512,7241,616
512,7242,615
512,7243,615
512,7244,615
512,7245,615
512,7246,615
512,7247,846
512,7248,615
512,7249,615
512,7250,615
512,7251,615
512,7252,615
512,7253,616
512,7254,616
512,7255,616
512,7256,616
512,7257,616
512,7258,616
512,7259,615
512,7260,615
512,7261,615
512,7262,615
512,7263,615
512,7264,615
512,7265,615
512,7266,615
512,7267,846
512,7268,615
512,7269,615
512,7270,616
512,7271,616
512,7272,616
512,7273,616
512,7274,616
512,7275,615
512,7276,615
512,7277,615
512,7278,615
512,7279,615
512,7280,615
512,7281,615
512,7282,615
512,7283,615
512,7284,616
512,7285,616
512,7286,616
512,7287,847
512,7288,616
512,7289,615
512,7290,615
512,7291,846
512,7292,615
512,7293,615
512,7294,615
512,7295,615
512,7296,615
512,7297,615
512,7298,615
512,7299,615
512,7300,692
512,7301,693
512,7302,616
512,7303,616
512,7304,616
512,7305,616
512,7306,615
512,7307,615
512,7308,615
512,7309,615
512,7310,615
512,7311,615
512,7312,615
512,7313,615
512,7314,846
512,7315,615
512,7316,615
512,7317,616
512,7318,616
512,7319,616
512,7320,616
512,7321,616
512,7322,615
512,7323,615
512,7324,615
512,7325,615
512,7326,615
512,7327,615
512,7328,615
512,7329,615
512,7330,615
512,7331,846
512,7332,615
512,7333,615
512,7334,616
512,7335,616
512,7336,616
512,7337,616
512,7338,616
512,7339,615
512,7340,615
512,7341,615
512,7342,615
512,7343,692
512,7344,615
512,7345,615
512,7346,615
512,7347,615
512,7348,616
512,7349,616
512,7350,616
512,7351,616
512,7352,616
512,7353,615
512,7354,615
512,7355,615
512,7356,615
512,7357,846
512,7358,615
512,7359,615
512,7360,615
512,7361,615
512,7362,692
512,7363,692
512,7364,615
512,7365,616
512,7366,616
512,7367,616
512,7368,616
512,7369,616
512,7370,615
512,7371,615
512,7372,615
512,7373,615
512,7374,615
512,7375,846
512,7376,615
512,7377,615
512,7378,615
512,7379,615
512,7380,615
512,7381,616
512,7382,616
512,7383,693
512,7384,616
512,7385,616
512,7386,616
512,7387,615
512,7388,615
512,7389,615
512,7390,615
512,7391,846
512,7392,846
512,7393,615
512,7394,615
512,7395,615
512,7396,615
512,7397,615
512,7398,616
512,7399,616
512,7400,616
512,7401,616
512,7402,616
512,7403,615
512,7404,615
512,7405,615
512,7406,692
512,7407,692
512,7408,615
512,7409,615
512,7410,615
512,7411,615
512,7412,616
512,7413,616
512,7414,616
512,7415,616
512,7416,847
512,7417,846
512,7418,616
512,7419,616
512,7420,615
512,7421,615
512,7422,615
512,7423,615
512,7424,615
512,7425,615
512,7426,615
512,7427,692
512,7428,615
512,7429,616
512,7430,616
512,7431,616
512,7432,616
512,7433,616
512,7434,615
512,7435,615
512,7436,615
512,7437,615
512,7438,615
512,7439,615
512,7440,846
512,7441,616
512,7442,616
512,7443,616
512,7444,616
512,7445,847
512,7446,616
512,7447,616
512,7448,616
512,7449,692
512,7450,615
512,7451,615
512,7452,615
512,7453,615
512,7454,615
512,7455,846
512,7456,846
512,7457,615
512,7458,615
512,7459,615
512,7460,615
512,7461,616
512,7462,616
512,7463,693
512,7464,693
512,7465,616
512,7466,616
512,7467,615
512,7468,615
512,7469,615
512,7470,846
512,7471,846
512,7472,615
512,7473,615
512,7474,615
512,7475,615
512,7476,615
512,7477,615
512,7478,616
512,7479,616
512,7480,616
512,7481,616
512,7482,616
512,7483,616
512,7484,615
512,7485,615
512,7486,615
512,7487,615
512,7488,846
512,7489,615
512,7490,615
512,7491,615
512,7492,615
512,7493,615
512,7494,615
512,7495,616
512,7496,616
512,7497,616
512,7498,616
512,7499,693
512,7500,616
512,7501,615
512,7502,615
512,7503,615
512,7504,615
512,7505,615
512,7506,615
512,7507,615
512,7508,846
512,7509,615
512,7510,615
512,7511,615
512,7512,616
512,7513,616
512,7514,616
512,7515,616
512,7516,693
512,7517,616
512,7518,615
512,7519,615
512,7520,615
512,7521,615
512,7522,615
512,7523,615
512,7524,615
512,7525,615
512,7526,616
512,7527,616
512,7528,616
512,7529,616
512,7530,616
512,7531,615
512,7532,615
512,7533,615
512,7534,846
512,7535,846
512,7536,615
512,7537,615
512,7538,615
512,7539,615
512,7540,615
512,7541,615
512,7542,616
512,7543,693
512,7544,616
512,7545,616
512,7546,616
512,7547,616
512,7548,615
512,7549,615
512,7550,615
512,7551,615
512,7552,846
512,7553,615
512,7554,615
512,7555,615
512,7556,615
512,7557,615
512,7558,615
512,7559,616
512,7560,616
512,7561,616
512,7562,693
512,7563,616
512,7564,616
512,7565,615
512,7566,615
512,7567,615
512,7568,615
512,7569,846
512,7570,615
512,7571,615
512,7572,615
512,7573,615
512,7574,615
512,7575,615
512,7576,616
512,7577,693
512,7578,616
512,7579,616
512,7580,616
512,7581,616
512,7582,846
512,7583,616
512,7584,846
512,7585,615
512,7586,615
512,7587,615
512,7588,615
512,7589,615
512,7590,615
512,7591,615
512,7592,615
512,7593,692
512,7594,616
512,7595,616
512,7596,616
512,7597,616
512,7598,616
512,7599,615
512,7600,615
512,7601,615
512,7602,615
512,7603,846
512,7604,615
512,7605,615
512,7606,615
512,7607,615
512,7608,615
512,7609,615
512,7610,616
512,7611,616
512,7612,616
512,7613,616
512,7614,616
512,7615,615
512,7616,692
512,7617,615
512,7618,615
512,7619,615
512,7620,615
512,7621,615
512,7622,615
512,7623,846
512,7624,615
512,7625,615
512,7626,615
512,7627,616
512,7628,616
512,7629,616
512,7630,616
512,7631,693
512,7632,616
512,7633,615
512,7634,615
512,7635,615
512,7636,615
512,7637,615
512,7638,615
512,7639,846
512,7640,615
512,7641,615
512,7642,615
512,7643,615
512,7644,616
512,7645,616
512,7646,693
512,7647,616
512,7648,616
512,7649,847
512,7650,846
512,7651,616
512,7652,616
512,7653,615
512,7654,615
512,7655,615
512,7656,615
512,7657,615
512,7658,615
512,7659,692
512,7660,615
512,7661,615
512,7662,616
512,7663,616
512,7664,616
512,7665,616
512,7666,616
512,7667,615
512,7668,615
512,7669,616
512,7670,615
512,7671,615
512,7672,615
512,7673,615
512,7674,615
512,7675,615
512,7676,615
512,7677,692
512,7678,615
512,7679,616
512,7680,616
512,7681,616
512,7682,616
512,7683,616
512,7684,615
512,7685,846
512,7686,616
512,7687,615
512,7688,846
512,7689,615
512,7690,615
512,7691,615
512,7692,615
512,7693,615
512,7694,615
512,7695,616
512,7696,616
512,7697,616
512,7698,693
512,7699,693
512,7700,616
512,7701,615
512,7702,615
512,7703,615
512,7704,615
512,7705,615
512,7706,615
512,7707,615
512,7708,615
512,7709,615
512,7710,615
512,7711,615
512,7712,616
512,7713,693
512,7714,616
512,7715,616
512,7716,616
512,7717,616
512,7718,615
512,7719,615
512,7720,615
512,7721,615
512,7722,615
512,7723,846
512,7724,615
512,7725,615
512,7726,615
512,7727,615
512,7728,615
512,7729,616
512,7730,616
512,7731,693
512,7732,616
512,7733,693
512,7734,615
512,7735,692
512,7736,615
512,7737,615
512,7738,615
512,7739,615
512,7740,615
512,7741,615
512,7742,615
512,7743,616
512,7744,846
512,7745,846
512,7746,616
512,7747,616
512,7748,616
512,7749,616
512,7750,616
512,7751,615
512,7752,615
512,7753,615
512,7754,615
512,7755,692
512,7756,615
512,7757,693
512,7758,616
512,7759,847
512,7760,846
512,7761,846
512,7762,616
512,7763,615
512,7764,615
512,7765,692
512,7766,692
512,7767,615
512,7768,615
512,7769,615
512,7770,615
512,7771,615
512,7772,846
512,7773,615
512,7774,615
512,7775,616
512,7776,616
512,7777,616
512,7778,693
512,7779,693
512,7780,616
512,7781,615
512,7782,615
512,7783,615
512,7784,615
512,7785,615
512,7786,615
512,7787,846
512,7788,846
512,7789,615
512,7790,615
512,7791,615
512,7792,616
512,7793,616
512,7794,616
512,7795,616
512,7796,616
512,7797,615
512,7798,615
512,7799,692
512,7800,692
512,7801,615
512,7802,615
512,7803,615
512,7804,615
512,7805,615
512,7806,616
512,7807,616
512,7808,616
512,7809,616
512,7810,616
512,7811,846
512,7812,616
512,7813,616
512,7814,615
512,7815,615
512,7816,615
512,7817,615
512,7818,615
512,7819,692
512,7820,615
512,7821,615
512,7822,615
512,7823,616
512,7824,616
512,7825,616
512,7826,616
512,7827,847
512,7828,616
512,7829,616
512,7830,616
512,7831,615
512,7832,615
512,7833,615
512,7834,615
512,7835,692
512,7836,692
512,7837,692
512,7838,615
512,7839,615
512,7840,616
512,7841,616
512,7842,616
512,7843,616
512,7844,616
512,7845,615
512,7846,615
512,7847,616
512,7848,615
512,7849,615
512,7850,615
512,7851,615
512,7852,615
512,7853,615
512,7854,615
512,7855,615
512,7856,616
512,7857,616
512,7858,616
512,7859,616
512,7860,616
512,7861,615
512,7862,615
512,7863,615
512,7864,615
512,7865,615
512,7866,615
512,7867,615
512,7868,615
512,7869,615
512,7870,616
512,7871,616
512,7872,616
512,7873,616
512,7874,616
512,7875,615
512,7876,846
512,7877,616
512,7878,615
512,7879,615
512,7880,615
512,7881,615
512,7882,615
512,7883,615
512,7884,615
512,7885,615
512,7886,616
512,7887,693
512,7888,693
512,7889,616
512,7890,616
512,7891,692
512,7892,615
512,7893,615
512,7894,615
512,7895,615
512,7896,615
512,7897,615
512,7898,615
512,7899,615
512,7900,616
512,7901,846
512,7902,615
512,7903,616
512,7904,616
512,7905,616
512,7906,616
512,7907,616
512,7908,615
512,7909,615
512,7910,615
512,7911,615
512,7912,615
512,7913,615
512,7914,615
512,7915,615
512,7916,616
512,7917,616
512,7918,616
512,7919,616
512,7920,616
512,7921,692
512,7922,615
512,7923,615
512,7924,615
512,7925,615
512,7926,615
512,7927,615
512,7928,615
512,7929,615
512,7930,616
512,7931,616
512,7932,846
512,7933,847
512,7934,847
512,7935,616
512,7936,616
512,7937,616
512,7938,615
512,7939,615
512,7940,615
512,7941,615
512,7942,615
512,7943,615
512,7944,615
512,7945,615
512,7946,615
512,7947,846
512,7948,615
512,7949,615
512,7950,616
512,7951,693
512,7952,616
512,7953,616
512,7954,616
512,7955,692
512,7956,615
512,7957,615
512,7958,615
512,7959,615
512,7960,615
512,7961,615
512,7962,615
512,7963,615
512,7964,616
512,7965,846
512,7966,615
512,7967,616
512,7968,616
512,7969,616
512,7970,616
512,7971,693
512,7972,616
512,7973,615
512,7974,615
512,7975,615
512,7976,615
512,7977,615
512,7978,615
512,7979,615
512,7980,615
512,7981,846
512,7982,615
512,7983,615
512,7984,616
512,7985,616
512,7986,616
512,7987,616
512,7988,616
512,7989,615
512,7990,692
512,7991,615
512,7992,615
512,7993,615
512,7994,615
512,7995,615
512,7996,615
512,7997,615
512,7998,616
512,7999,616
512,8000,616
512,8001,616
512,8002,847
512,8003,846
512,8004,846
512,8005,616
512,8006,692
512,8007,692
512,8008,615
512,8009,615
512,8010,615
512,8011,615
512,8012,615
512,8013,615
512,8014,615
512,8015,846
512,8016,615
512,8017,615
512,8018,616
512,8019,616
512,8020,616
512,8021,616
512,8022,693
512,8023,616
512,8024,615
512,8025,615
512,8026,615
512,8027,615
512,8028,615
512,8029,615
512,8030,615
512,8031,615
512,8032,846
512,8033,616
512,8034,846
512,8035,616
512,8036,616
512,8037,616
512,8038,616
512,8039,616
512,8040,615
512,8041,615
512,8042,615
512,8043,615
512,8044,615
512,8045,615
512,8046,615
512,8047,615
512,8048,616
512,8049,616
512,8050,693
512,8051,616
512,8052,616
512,8053,692
512,8054,692
512,8055,615
512,8056,615
512,8057,615
512,8058,615
512,8059,615
512,8060,615
512,8061,615
512,8062,616
512,8063,616
512,8064,616
512,8065,616
512,8066,616
512,8067,846
512,8068,616
512,8069,616
512,8070,615
512,8071,615
512,8072,846
512,8073,615
512,8074,615
512,8075,615
512,8076,615
512,8077,615
512,8078,692
512,8079,615
512,8080,615
512,8081,615
512,8082,615
512,8083,615
512,8084,615
512,8085,616
512,8086,616
512,8087,616
512,8088,616
512,8089,616
512,8090,692
512,8091,615
512,8092,615
512,8093,615
512,8094,615
512,8095,615
512,8096,615
512,8097,615
512,8098,615
512,8099,615
512,8100,615
512,8101,615
512,8102,616
512,8103,616
512,8104,616
512,8105,616
512,8106,616
512,8107,616
512,8108,615
512,8109,615
512,8110,615
512,8111,615
512,8112,615
512,8113,615
512,8114,846
512,8115,615
512,8116,846
512,8117,615
512,8118,615
512,8119,616
512,8120,616
512,8121,616
512,8122,616
512,8123,693
512,8124,616
512,8125,615
512,8126,615
512,8127,615
512,8128,615
512,8129,615
512,8130,615
512,8131,846
512,8132,615
512,8133,615
512,8134,615
512,8135,615
512,8136,616
512,8137,616
512,8138,616
512,8139,616
512,8140,616
512,8141,692
512,8142,615
512,8143,615
512,8144,615
512,8145,615
512,8146,615
512,8147,615
512,8148,615
512,8149,615
512,8150,616
512,8151,616
512,8152,616
512,8153,847
512,8154,616
512,8155,846
512,8156,616
512,8157,846
512,8158,615
512,8159,615
512,8160,615
512,8161,615
512,8162,615
512,8163,615
512,8164,615
512,8165,615
512,8166,615
512,8167,616
512,8168,616
512,8169,616
512,8170,616
512,8171,847
512,8172,616
512,8173,616
512,8174,616
512,8175,615
512,8176,615
512,8177,615
512,8178,615
512,8179,615
512,8180,615
512,8181,615
512,8182,615
512,8183,616
512,8184,693
512,8185,616
512,8186,616
512,8187,616
512,8188,616
512,8189,615
512,8190,615
512,8191,615
512,8192,615
512,8193,615
512,8194,615
512,8195,615
512,8196,615
512,8197,616
512,8198,616
512,8199,616
512,8200,616
512,8201,616
512,8202,616
512,8203,616
512,8204,616
512,8205,615
512,8206,615
512,8207,615
512,8208,615
512,8209,615
512,8210,615
512,8211,692
512,8212,615
512,8213,616
512,8214,616
512,8215,693
512,8216,693
512,8217,616
512,8218,616
512,8219,615
512,8220,615
512,8221,615
512,8222,615
512,8223,25769
512,8224,616
512,8225,615
512,8226,692
512,8227,615
512,8228,615
512,8229,615
512,8230,846
512,8231,615
512,8232,615
512,8233,615
512,8234,615
512,8235,692
512,8236,692
512,8237,615
512,8238,616
512,8239,616
512,8240,616
512,8241,616
512,8242,616
512,8243,615
512,8244,615
512,8245,615
512,8246,846
512,8247,615
512,8248,615
512,8249,615
512,8250,615
512,8251,615
512,8252,615
512,8253,615
512,8254,615
512,8255,616
512,8256,616
512,8257,846
512,8258,616
512,8259,616
512,8260,616
512,8261,616
512,8262,616
512,8263,692
512,8264,615
512,8265,692
512,8266,615
512,8267,615
512,8268,615
512,8269,615
512,8270,615
512,8271,615
512,8272,616
512,8273,846
512,8274,846
512,8275,616
512,8276,616
512,8277,616
512,8278,616
512,8279,693
512,8280,616
512,8281,615
512,8282,615
512,8283,615
512,8284,615
512,8285,615
512,8286,615
512,8287,615
512,8288,615
512,8289,2154
512,8290,923
512,8291,846
512,8292,615
512,8293,615
512,8294,616
512,8295,616
512,8296,693
512,8297,693
512,8298,616
512,8299,616
512,8300,615
512,8301,615
512,8302,615
512,8303,615
512,8304,615
512,8305,615
512,8306,615
512,8307,615
512,8308,615
512,8309,615
512,8310,615
512,8311,692
512,8312,616
512,8313,616
512,8314,693
512,8315,693
512,8316,616
512,8317,615
512,8318,615
512,8319,615
512,8320,615
512,8321,615
512,8322,615
512,8323,846
512,8324,615
512,8325,615
512,8326,615
512,8327,615
512,8328,616
512,8329,616
512,8330,616
512,8331,616
512,8332,693
512,8333,616
512,8334,615
512,8335,615
512,8336,846
512,8337,846
512,8338,615
512,8339,846
512,8340,615
512,8341,615
512,8342,615
512,8343,615
512,8344,615
512,8345,616
512,8346,616
512,8347,693
512,8348,616
512,8349,616
512,8350,616
512,8351,615
512,8352,615
512,8353,615
512,8354,615
512,8355,615
512,8356,615
512,8357,615
512,8358,615
512,8359,615
512,8360,615
512,8361,615
512,8362,616
512,8363,693
512,8364,693
512,8365,616
512,8366,616
512,8367,616
512,8368,615
512,8369,615
512,8370,615
512,8371,615
512,8372,615
512,8373,846
512,8374,615
512,8375,615
512,8376,615
512,8377,615
512,8378,615
512,8379,616
512,8380,693
512,8381,693
512,8382,693
512,8383,616
512,8384,616
512,8385,615
512,8386,692
512,8387,615
512,8388,615
512,8389,615
512,8390,615
512,8391,615
512,8392,846
512,8393,846
512,8394,615
512,8395,615
512,8396,692
512,8397,616
512,8398,616
512,8399,616
512,8400,847
512,8401,616
512,8402,616
512,8403,616
512,8404,616
512,8405,615
512,8406,615
512,8407,615
512,8408,615
512,8409,615
512,8410,615
512,8411,615
512,8412,692
512,8413,615
512,8414,616
512,8415,616
512,8416,846
512,8417,616
512,8418,847
512,8419,616
512,8420,616
512,8421,616
512,8422,615
512,8423,615
512,8424,615
512,8425,615
512,8426,615
512,8427,692
512,8428,615
512,8429,615
512,8430,615
512,8431,616
512,8432,616
512,8433,616
512,8434,616
512,8435,847
512,8436,616
512,8437,616
512,8438,616
512,8439,615
512,8440,615
512,8441,615
512,8442,615
512,8443,615
512,8444,615
512,8445,692
512,8446,615
512,8447,615
512,8448,616
512,8449,616
512,8450,616
512,8451,616
512,8452,616
512,8453,615
512,8454,615
512,8455,615
512,8456,615
512,8457,846
512,8458,615
512,8459,615
512,8460,615
512,8461,615
512,8462,615
512,8463,615
512,8464,616
512,8465,616
512,8466,616
512,8467,693
512,8468,616
512,8469,616
512,8470,615
512,8471,615
512,8472,615
512,8473,615
512,8474,615
512,8475,615
512,8476,615
512,8477,846
512,8478,615
512,8479,615
512,8480,615
512,8481,616
512,8482,616
512,8483,693
512,8484,616
512,8485,539
512,8486,615
512,8487,615
512,8488,615
512,8489,615
512,8490,692
512,8491,615
512,8492,615
512,8493,615
512,8494,615
512,8495,616
512,8496,616
512,8497,616
512,8498,847
512,8499,847
512,8500,846
512,8501,385
512,8502,615
512,8503,615
512,8504,615
512,8505,615
512,8506,615
512,8507,846
512,8508,615
512,8509,615
512,8510,385
512,8511,616
512,8512,847
512,8513,616
512,8514,616
512,8515,616
512,8516,615
512,8517,615
512,8518,615
512,8519,615
512,8520,615
512,8521,615
512,8522,615
512,8523,692
512,8524,692
512,8525,616
512,8526,616
512,8527,616
512,8528,616
512,8529,616
512,8530,615
512,8531,615
512,8532,615
512,8533,615
512,8534,615
512,8535,615
512,8536,615
512,8537,615
512,8538,615
512,8539,615
512,8540,615
512,8541,616
512,8542,616
512,8543,616
512,8544,616
512,8545,616
512,8546,616
512,8547,846
512,8548,616
512,8549,616
512,8550,615
512,8551,615
512,8552,615
512,8553,615
512,8554,615
512,8555,615
512,8556,692
512,8557,615
512,8558,615
512,8559,616
512,8560,616
512,8561,616
512,8562,616
512,8563,616
512,8564,615
512,8565,615
512,8566,846
512,8567,615
512,8568,615
512,8569,615
512,8570,615
512,8571,615
512,8572,615
512,8573,615
512,8574,615
512,8575,616
512,8576,616
512,8577,616
512,8578,616
512,8579,693
512,8580,616
512,8581,615
512,8582,615
512,8583,615
512,8584,615
512,8585,615
512,8586,615
512,8587,615
512,8588,615
512,8589,616
512,8590,616
512,8591,616
512,8592,847
512,8593,616
512,8594,846
512,8595,616
512,8596,616
512,8597,615
512,8598,615
512,8599,615
512,8600,615
512,8601,615
512,8602,615
512,8603,615
512,8604,692
512,8605,692
512,8606,616
512,8607,616
512,8608,616
512,8609,616
512,8610,616
512,8611,615
512,8612,615
512,8613,846
512,8614,615
512,8615,615
512,8616,615
512,8617,615
512,8618,615
512,8619,615
512,8620,615
512,8621,692
512,8622,615
512,8623,616
512,8624,616
512,8625,616
512,8626,616
512,8627,616
512,8628,615
512,8629,615
512,8630,615
512,8631,846
512,8632,615
512,8633,615
512,8634,615
512,8635,615
512,8636,615
512,8637,615
512,8638,615
512,8639,616
512,8640,616
512,8641,616
512,8642,616
512,8643,616
512,8644,616
512,8645,615
512,8646,615
512,8647,615
512,8648,615
512,8649,846
512,8650,615
512,8651,615
512,8652,615
512,8653,615
512,8654,615
512,8655,615
512,8656,616
512,8657,616
512,8658,616
512,8659,693
512,8660,616
512,8661,616
512,8662,615
512,8663,615
512,8664,615
512,8665,615
512,8666,615
512,8667,615
512,8668,615
512,8669,615
512,8670,616
512,8671,846
512,8672,615
512,8673,616
512,8674,616
512,8675,693
512,8676,616
512,8677,616
512,8678,616
512,8679,846
512,8680,616
512,8681,616
512,8682,615
512,8683,846
512,8684,615
512,8685,615
512,8686,615
512,8687,615
512,8688,615
512,8689,615
512,8690,616
512,8691,616
512,8692,693
512,8693,616
512,8694,616
512,8695,616
512,8696,615
512,8697,615
512,8698,846
512,8699,615
512,8700,615
512,8701,615
512,8702,692
512,8703,615
512,8704,615
512,8705,846
512,8706,615
512,8707,846
512,8708,615
512,8709,615
512,8710,615
512,8711,615
512,8712,692
512,8713,692
512,8714,615
512,8715,616
512,8716,616
512,8717,616
512,8718,616
512,8719,616
512,8720,615
512,8721,615
512,8722,615
512,8723,846
512,8724,846
512,8725,615
512,8726,846
512,8727,615
512,8728,615
512,8729,615
512,8730,615
512,8731,616
512,8732,616
512,8733,693
512,8734,616
512,8735,616
512,8736,616
512,8737,615
512,8738,615
512,8739,615
512,8740,615
512,8741,615
512,8742,615
512,8743,615
512,8744,846
512,8745,615
512,8746,615
512,8747,615
512,8748,616
512,8749,616
512,8750,616
512,8751,616
512,8752,616
512,8753,616
512,8754,615
512,8755,615
512,8756,615
512,8757,615
512,8758,846
512,8759,846
512,8760,615
512,8761,615
512,8762,615
512,8763,615
512,8764,615
512,8765,616
512,8766,616
512,8767,616
512,8768,616
512,8769,616
512,8770,692
512,8771,615
512,8772,615
512,8773,615
512,8774,615
512,8775,615
512,8776,615
512,8777,615
512,8778,615
512,8779,615
512,8780,615
512,8781,615
512,8782,616
512,8783,616
512,8784,616
512,8785,616
512,8786,616
512,8787,692
512,8788,615
512,8789,692
512,8790,692
512,8791,615
512,8792,615
512,8793,615
512,8794,615
512,8795,615
512,8796,616
512,8797,616
512,8798,616
512,8799,616
512,8800,847
512,8801,846
512,8802,616
512,8803,616
512,8804,615
512,8805,615
512,8806,615
512,8807,615
512,8808,615
512,8809,615
512,8810,615
512,8811,692
512,8812,615
512,8813,616
512,8814,616
512,8815,846
512,8816,616
512,8817,616
512,8818,616
512,8819,616
512,8820,616
512,8821,615
512,8822,615
512,8823,615
512,8824,615
512,8825,615
512,8826,692
512,8827,615
512,8828,615
512,8829,615
512,8830,616
512,8831,616
512,8832,616
512,8833,616
512,8834,616
512,8835,615
512,8836,615
512,8837,615
512,8838,846
512,8839,615
512,8840,615
512,8841,615
512,8842,615
512,8843,615
512,8844,615
512,8845,615
512,8846,616
512,8847,693
512,8848,616
512,8849,616
512,8850,616
512,8851,616
512,8852,615
512,8853,615
512,8854,846
512,8855,846
512,8856,615
512,8857,615
512,8858,615
512,8859,615
512,8860,615
512,8861,615
512,8862,615
512,8863,616
512,8864,616
512,8865,693
512,8866,616
512,8867,616
512,8868,616
512,8869,615
512,8870,615
512,8871,615
512,8872,615
512,8873,615
512,8874,615
512,8875,615
512,8876,615
512,8877,616
512,8878,616
512,8879,846
512,8880,616
512,8881,616
512,8882,616
512,8883,616
512,8884,616
512,8885,615
512,8886,615
512,8887,615
512,8888,615
512,8889,615
512,8890,615
512,8891,615
512,8892,615
512,8893,615
512,8894,616
512,8895,616
512,8896,616
512,8897,616
512,8898,616
512,8899,846
512,8900,616
512,8901,616
512,8902,615
512,8903,615
512,8904,615
512,8905,615
512,8906,692
512,8907,615
512,8908,615
512,8909,615
512,8910,615
512,8911,616
512,8912,616
512,8913,616
512,8914,616
512,8915,847
512,8916,616
512,8917,616
512,8918,616
512,8919,615
512,8920,615
512,8921,615
512,8922,615
512,8923,615
512,8924,615
512,8925,615
512,8926,615
512,8927,615
512,8928,616
512,8929,616
512,8930,616
512,8931,616
512,8932,847
512,8933,615
512,8934,846
512,8935,616
512,8936,615
512,8937,615
512,8938,615
512,8939,615
512,8940,615
512,8941,615
512,8942,615
512,8943,615
512,8944,616
512,8945,616
512,8946,616
512,8947,693
512,8948,616
512,8949,616
512,8950,615
512,8951,615
512,8952,615
512,8953,846
512,8954,615
512,8955,615
512,8956,615
512,8957,615
512,8958,615
512,8959,615
512,8960,615
512,8961,616
512,8962,616
512,8963,693
512,8964,616
512,8965,693
512,8966,692
512,8967,615
512,8968,615
512,8969,615
512,8970,615
512,8971,615
512,8972,615
512,8973,615
512,8974,615
512,8975,846
512,8976,615
512,8977,615
512,8978,616
512,8979,693
512,8980,616
512,8981,616
512,8982,616
512,8983,616
512,8984,615
512,8985,615
512,8986,846
512,8987,615
512,8988,615
512,8989,615
512,8990,615
512,8991,615
512,8992,615
512,8993,615
512,8994,692
512,8995,615
512,8996,616
512,8997,616
512,8998,616
512,8999,616
512,9000,616
512,9001,615
512,9002,615
512,9003,615
512,9004,615
512,9005,846
512,9006,846
512,9007,615
512,9008,846
512,9009,615
512,9010,615
512,9011,615
512,9012,616
512,9013,616
512,9014,616
512,9015,616
512,9016,693
512,9017,692
512,9018,615
512,9019,615
512,9020,615
512,9021,616
512,9022,846
512,9023,846
512,9024,616
512,9025,616
512,9026,616
512,9027,616
512,9028,616
512,9029,615
512,9030,615
512,9031,692
512,9032,615
512,9033,615
512,9034,615
512,9035,615
512,9036,846
512,9037,615
512,9038,615
512,9039,615
512,9040,615
512,9041,692
512,9042,693
512,9043,616
512,9044,616
512,9045,616
512,9046,616
512,9047,615
512,9048,615
512,9049,615
512,9050,615
512,9051,615
512,9052,615
512,9053,846
512,9054,615
512,9055,615
512,9056,615
512,9057,615
512,9058,616
512,9059,616
512,9060,616
512,9061,616
512,9062,616
512,9063,615
512,9064,615
512,9065,615
512,9066,615
512,9067,692
512,9068,615
512,9069,615
512,9070,615
512,9071,615
512,9072,616
512,9073,616
512,9074,616
512,9075,616
512,9076,616
512,9077,615
512,9078,615
512,9079,615
512,9080,615
512,9081,615
512,9082,615
512,9083,615
512,9084,615
512,9085,615
512,9086,615
512,9087,615
512,9088,616
512,9089,616
512,9090,616
512,9091,616
512,9092,616
512,9093,615
512,9094,615
512,9095,692
512,9096,692
512,9097,692
512,9098,615
512,9099,615
512,9100,615
512,9101,615
512,9102,616
512,9103,616
512,9104,616
512,9105,616
512,9106,616
512,9107,615
512,9108,846
512,9109,616
512,9110,615
512,9111,615
512,9112,615
512,9113,615
512,9114,615
512,9115,692
512,9116,692
512,9117,692
512,9118,615
512,9119,616
512,9120,616
512,9121,616
512,9122,616
512,9123,616
512,9124,615
512,9125,615
512,9126,615
512,9127,846
512,9128,615
512,9129,615
512,9130,615
512,9131,615
512,9132,615
512,9133,615
512,9134,615
512,9135,616
512,9136,616
512,9137,616
512,9138,693
512,9139,616
512,9140,616
512,9141,692
512,9142,692
512,9143,692
512,9144,692
512,9145,692
512,9146,615
512,9147,615
512,9148,615
512,9149,616
512,9150,616
512,9151,616
512,9152,616
512,9153,616
512,9154,615
512,9155,615
512,9156,615
512,9157,615
512,9158,615
512,9159,846
512,9160,846
512,9161,615
512,9162,615
512,9163,615
512,9164,615
512,9165,616
512,9166,616
512,9167,693
512,9168,616
512,9169,616
512,9170,616
512,9171,615
512,9172,615
512,9173,846
512,9174,846
512,9175,615
512,9176,615
512,9177,615
512,9178,615
512,9179,615
512,9180,615
512,9181,615
512,9182,616
512,9183,616
512,9184,616
512,9185,616
512,9186,693
512,9187,616
512,9188,692
512,9189,615
512,9190,615
512,9191,615
512,9192,692
512,9193,615
512,9194,615
512,9195,615
512,9196,616
512,9197,616
512,9198,616
512,9199,616
512,9200,847
512,9201,616
512,9202,616
512,9203,616
512,9204,615
512,9205,615
512,9206,384
512,9207,846
512,9208,846
512,9209,615
512,9210,615
512,9211,615
512,9212,616
512,9213,616
512,9214,616
512,9215,616
512,9216,693
512,9217,692
512,9218,615
512,9219,615
512,9220,615
512,9221,615
512,9222,615
512,9223,615
512,9224,615
512,9225,615
512,9226,616
512,9227,616
512,9228,616
512,9229,616
512,9230,616
512,9231,616
512,9232,616
512,9233,616
512,9234,615
512,9235,615
512,9236,692
512,9237,615
512,9238,615
512,9239,615
512,9240,615
512,9241,615
512,9242,615
512,9243,846
512,9244,615
512,9245,615
512,9246,616
512,9247,616
512,9248,616
512,9249,616
512,9250,616
512,9251,615
512,9252,615
512,9253,615
512,9254,615
512,9255,615
512,9256,615
512,9257,615
512,9258,615
512,9259,692
512,9260,616
512,9261,616
512,9262,616
512,9263,616
512,9264,616
512,9265,615
512,9266,615
512,9267,615
512,9268,846
512,9269,846
512,9270,615
512,9271,615
512,9272,615
512,9273,615
512,9274,615
512,9275,615
512,9276,616
512,9277,616
512,9278,616
512,9279,616
512,9280,616
512,9281,616
512,9282,615
512,9283,846
512,9284,846
512,9285,615
512,9286,615
512,9287,846
512,9288,846
512,9289,615
512,9290,615
512,9291,615
512,9292,615
512,9293,616
512,9294,616
512,9295,616
512,9296,693
512,9297,693
512,9298,616
512,9299,615
512,9300,615
512,9301,615
512,9302,615
512,9303,615
512,9304,615
512,9305,615
512,9306,615
512,9307,846
512,9308,615
512,9309,615
512,9310,616
512,9311,616
512,9312,616
512,9313,693
512,9314,616
512,9315,616
512,9316,615
512,9317,615
512,9318,615
512,9319,615
512,9320,615
512,9321,615
512,9322,615
512,9323,846
512,9324,615
512,9325,615
512,9326,615
512,9327,616
512,9328,616
512,9329,616
512,9330,616
512,9331,616
512,9332,846
512,9333,692
512,9334,692
512,9335,616
512,9336,616
512,9337,616
512,9338,616
512,9339,616
512,9340,846
512,9341,616
512,9342,616
512,9343,615
512,9344,615
512,9345,615
512,9346,615
512,9347,615
512,9348,615
512,9349,615
512,9350,615
512,9351,615
512,9352,616
512,9353,846
512,9354,615
512,9355,847
512,9356,616
512,9357,616
512,9358,616
512,9359,616
512,9360,615
512,9361,615
512,9362,615
512,9363,615
512,9364,692
512,9365,615
512,9366,615
512,9367,615
512,9368,615
512,9369,616
512,9370,616
512,9371,846
512,9372,616
512,9373,616
512,9374,616
512,9375,616
512,9376,616
512,9377,615
512,9378,615
512,9379,692
512,9380,615
512,9381,615
512,9382,615
512,9383,846
512,9384,615
512,9385,615
512,9386,615
512,9387,615
512,9388,615
512,9389,616
512,9390,616
512,9391,693
512,9392,616
512,9393,616
512,9394,616
512,9395,615
512,9396,615
512,9397,846
512,9398,846
512,9399,615
512,9400,615
512,9401,615
512,9402,615
512,9403,615
512,9404,615
512,9405,692
512,9406,615
512,9407,616
512,9408,616
512,9409,616
512,9410,616
512,9411,616
512,9412,615
512,9413,615
512,9414,615
512,9415,846
512,9416,615
512,9417,615
512,9418,846
512,9419,846
512,9420,615
512,9421,615
512,9422,615
512,9423,616
512,9424,616
512,9425,616
512,9426,616
512,9427,616
512,9428,615
512,9429,615
512,9430,692
512,9431,615
512,9432,615
512,9433,615
512,9434,615
512,9435,615
512,9436,615
512,9437,616
512,9438,846
512,9439,846
512,9440,616
512,9441,616
512,9442,616
512,9443,616
512,9444,616
512,9445,615
512,9446,615
512,9447,615
512,9448,615
512,9449,615
512,9450,615
512,9451,615
512,9452,692
512,9453,692
512,9454,616
512,9455,693
512,9456,616
512,9457,616
512,9458,616
512,9459,615
512,9460,615
512,9461,615
512,9462,615
512,9463,846
512,9464,615
512,9465,615
512,9466,846
512,9467,615
512,9468,615
512,9469,615
512,9470,616
512,9471,616
512,9472,616
512,9473,616
512,9474,616
512,9475,615
512,9476,615
512,9477,692
512,9478,692
512,9479,615
512,9480,615
512,9481,615
512,9482,615
512,9483,615
512,9484,616
512,9485,616
512,9486,616
512,9487,847
512,9488,847
512,9489,616
512,9490,616
512,9491,616
512,9492,615
512,9493,615
512,9494,615
512,9495,615
512,9496,615
512,9497,615
512,9498,615
512,9499,692
512,9500,692
512,9501,616
512,9502,616
512,9503,616
512,9504,616
512,9505,616
512,9506,615
512,9507,615
512,9508,615
512,9509,846
512,9510,615
512,9511,615
512,9512,615
512,9513,615
512,9514,616
512,9515,846
512,9516,846
512,9517,616
512,9518,616
512,9519,616
512,9520,616
512,9521,616
512,9522,615
512,9523,692
512,9524,615
512,9525,615
512,9526,615
512,9527,846
512,9528,615
512,9529,615
512,9530,615
512,9531,615
512,9532,615
512,9533,615
512,9534,616
512,9535,616
512,9536,616
512,9537,616
512,9538,616
512,9539,615
512,9540,692
512,9541,692
512,9542,615
512,9543,615
512,9544,615
512,9545,615
512,9546,615
512,9547,615
512,9548,616
512,9549,616
512,9550,846
512,9551,616
512,9552,616
512,9553,616
512,9554,616
512,9555,616
512,9556,615
512,9557,615
512,9558,615
512,9559,692
512,9560,615
512,9561,615
512,9562,615
512,9563,615
512,9564,615
512,9565,616
512,9566,846
512,9567,615
512,9568,616
512,9569,616
512,9570,616
512,9571,616
512,9572,616
512,9573,615
512,9574,615
512,9575,615
512,9576,692
512,9577,615
512,9578,692
512,9579,615
512,9580,615
512,9581,615
512,9582,616
512,9583,616
512,9584,615
512,9585,616
512,9586,616
512,9587,616
512,9588,616
512,9589,616
512,9590,615
512,9591,692
512,9592,692
512,9593,615
512,9594,692
512,9595,615
512,9596,615
512,9597,615
512,9598,615
512,9599,846
512,9600,846
512,9601,846
512,9602,616
512,9603,616
512,9604,616
512,9605,616
512,9606,616
512,9607,692
512,9608,615
512,9609,615
512,9610,615
512,9611,615
512,9612,615
512,9613,615
512,9614,615
512,9615,615
512,9616,616
512,9617,615
512,9618,615
512,9619,616
512,9620,616
512,9621,616
512,9622,616
512,9623,616
512,9624,615
512,9625,615
512,9626,615
512,9627,615
512,9628,692
512,9629,692
512,9630,615
512,9631,615
512,9632,615
512,9633,616
512,9634,616
512,9635,616
512,9636,616
512,9637,616
512,9638,615
512,9639,615
512,9640,615
512,9641,846
512,9642,615
512,9643,846
512,9644,615
512,9645,615
512,9646,615
512,9647,693
512,9648,616
512,9649,847
512,9650,616
512,9651,616
512,9652,616
512,9653,615
512,9654,615
512,9655,615
512,9656,692
512,9657,692
512,9658,615
512,9659,615
512,9660,615
512,9661,615
512,9662,616
512,9663,616
512,9664,616
512,9665,616
512,9666,616
512,9667,615
512,9668,615
512,9669,615
512,9670,615
512,9671,615
512,9672,846
512,9673,615
512,9674,615
512,9675,615
512,9676,615
512,9677,615
512,9678,616
512,9679,616
512,9680,616
512,9681,616
512,9682,693
512,9683,616
512,9684,615
512,9685,615
512,9686,615
512,9687,615
512,9688,846
512,9689,846
512,9690,615
512,9691,615
512,9692,615
512,9693,615
512,9694,615
512,9695,692
512,9696,616
512,9697,616
512,9698,616
512,9699,616
512,9700,847
512,9701,615
512,9702,846
512,9703,616
512,9704,615
512,9705,615
512,9706,615
512,9707,615
512,9708,615
512,9709,615
512,9710,615
512,9711,615
512,9712,692
512,9713,616
512,9714,616
512,9715,616
512,9716,616
512,9717,616
512,9718,615
512,9719,615
512,9720,615
512,9721,615
512,9722,846
512,9723,846
512,9724,615
512,9725,615
512,9726,615
512,9727,615
512,9728,615
512,9729,616
512,9730,616
512,9731,616
512,9732,616
512,9733,616
512,9734,615
512,9735,615
512,9736,615
512,9737,615
512,9738,615
512,9739,615
512,9740,615
512,9741,615
512,9742,692
512,9743,616
512,9744,616
512,9745,616
512,9746,616
512,9747,616
512,9748,615
512,9749,615
512,9750,615
512,9751,615
512,9752,615
512,9753,615
512,9754,615
512,9755,615
512,9756,846
512,9757,846
512,9758,846
512,9759,616
512,9760,616
512,9761,616
512,9762,616
512,9763,616
512,9764,615
512,9765,615
512,9766,615
512,9767,615
512,9768,615
512,9769,615
512,9770,615
512,9771,615
512,9772,615
512,9773,616
512,9774,616
512,9775,616
512,9776,616
512,9777,616
512,9778,615
512,9779,846
512,9780,846
512,9781,615
512,9782,615
512,9783,615
512,9784,615
512,9785,615
512,9786,692
512,9787,615
512,9788,615
512,9789,615
512,9790,616
512,9791,616
512,9792,616
512,9793,847
512,9794,616
512,9795,616
512,9796,616
512,9797,616
512,9798,615
512,9799,692
512,9800,692
512,9801,615
512,9802,615
512,9803,615
512,9804,615
512,9805,615
512,9806,846
512,9807,846
512,9808,615
512,9809,615
512,9810,616
512,9811,616
512,9812,616
512,9813,616
512,9814,616
512,9815,692
512,9816,615
512,9817,615
512,9818,615
512,9819,615
512,9820,615
512,9821,615
512,9822,615
512,9823,615
512,9824,616
512,9825,616
512,9826,616
512,9827,616
512,9828,847
512,9829,616
512,9830,616
512,9831,616
512,9832,615
512,9833,615
512,9834,615
512,9835,615
512,9836,615
512,9837,615
512,9838,615
512,9839,615
512,9840,616
512,9841,616
512,9842,616
512,9843,616
512,9844,616
512,9845,692
512,9846,692
512,9847,615
512,9848,615
512,9849,615
512,9850,846
512,9851,615
512,9852,615
512,9853,615
512,9854,615
512,9855,615
512,9856,615
512,9857,692
512,9858,616
512,9859,693
512,9860,616
512,9861,616
512,9862,616
512,9863,615
512,9864,615
512,9865,615
512,9866,615
512,9867,615
512,9868,615
512,9869,615
512,9870,615
512,9871,615
512,9872,615
512,9873,615
512,9874,616
512,9875,616
512,9876,616
512,9877,616
512,9878,693
512,9879,616
512,9880,615
512,9881,615
512,9882,615
512,9883,615
512,9884,615
512,9885,615
512,9886,615
512,9887,846
512,9888,615
512,9889,615
512,9890,615
512,9891,616
512,9892,616
512,9893,616
512,9894,616
512,9895,693
512,9896,616
512,9897,615
512,9898,615
512,9899,846
512,9900,615
512,9901,615
512,9902,615
512,9903,615
512,9904,615
512,9905,616
512,9906,616
512,9907,616
512,9908,616
512,9909,616
512,9910,615
512,9911,846
512,9912,616
512,9913,615
512,9914,615
512,9915,615
512,9916,615
512,9917,615
512,9918,615
512,9919,692
512,9920,615
512,9921,615
512,9922,616
512,9923,616
512,9924,616
512,9925,616
512,9926,616
512,9927,846
512,9928,616
512,9929,616
512,9930,615
512,9931,615
512,9932,615
512,9933,615
512,9934,692
512,9935,538
512,9936,692
512,9937,615
512,9938,615
512,9939,616
512,9940,616
512,9941,616
512,9942,616
512,9943,616
512,9944,615
512,9945,615
512,9946,615
512,9947,846
512,9948,846
512,9949,846
512,9950,615
512,9951,615
512,9952,615
512,9953,615
512,9954,615
512,9955,616
512,9956,616
512,9957,616
512,9958,616
512,9959,616
512,9960,692
512,9961,615
512,9962,846
512,9963,615
512,9964,615
512,9965,615
512,9966,616
512,9967,693
512,9968,616
512,9969,616
512,9970,616
512,9971,616
512,9972,615
512,9973,615
512,9974,615
512,9975,846
512,9976,846
512,9977,846
512,9978,615
512,9979,615
512,9980,615
512,9981,615
512,9982,615
512,9983,692
512,9984,693
512,9985,616
512,9986,616
512,9987,616
512,9988,847
512,9989,616
512,9990,616
512,9991,616
512,9992,615
512,9993,615
512,9994,615
512,9995,615
512,9996,615
512,9997,615
512,9998,692
512,9999,615
4096,0,847
4096,1,615
4096,2,692
4096,3,846
4096,4,692
4096,5,615
4096,6,846
4096,7,692
4096,8,846
4096,9,615
4096,10,692
4096,11,846
4096,12,692
4096,13,615
4096,14,846
4096,15,692
4096,16,846
4096,17,846
4096,18,693
4096,19,616
4096,20,846
4096,21,693
4096,22,847
4096,23,847
4096,24,693
4096,25,846
4096,26,616
4096,27,693
4096,28,846
4096,29,692
4096,30,615
4096,31,846
4096,32,692
4096,33,615
4096,34,846
4096,35,692
4096,36,846
4096,37,846
4096,38,615
4096,39,846
4096,40,692
4096,41,846
4096,42,615
4096,43,692
4096,44,846
4096,45,693
4096,46,692
4096,47,846
4096,48,693
4096,49,616
4096,50,847
4096,51,693
4096,52,846
4096,53,692
4096,54,616
4096,55,846
4096,56,692
4096,57,692
4096,58,846
4096,59,692
4096,60,615
4096,61,846
4096,62,692
4096,63,615
4096,64,846
4096,65,692
4096,66,846
4096,67,615
4096,68,692
4096,69,846
4096,70,615
4096,71,692
4096,72,846
4096,73,692
4096,74,615
4096,75,846
4096,76,693
4096,77,616
4096,78,846
4096,79,693
4096,80,616
4096,81,847
4096,82,693
4096,83,616
4096,84,847
4096,85,693
4096,86,846
4096,87,846
4096,88,692
4096,89,616
4096,90,846
4096,91,692
4096,92,846
4096,93,615
4096,94,692
4096,95,846
4096,96,692
4096,97,692
4096,98,846
4096,99,692
4096,100,615
4096,101,846
4096,102,692
4096,103,846
4096,104,615
4096,105,692
4096,106,846
4096,107,846
4096,108,692
4096,109,846
4096,110,616
4096,111,693
4096,112,847
4096,113,616
4096,114,693
4096,115,847
4096,116,616
4096,117,693
4096,118,846
4096,119,692
4096,120,693
4096,121,846
4096,122,692
4096,123,846
4096,124,846
4096,125,692
4096,126,846
4096,127,615
4096,128,692
4096,129,846
4096,130,692
4096,131,846
4096,132,692
4096,133,692
4096,134,846
4096,135,692
4096,136,846
4096,137,616
4096,138,693
4096,139,847
4096,140,693
4096,141,693
4096,142,847
4096,143,693
4096,144,846
4096,145,615
4096,146,692
4096,147,846
4096,148,692
4096,149,692
4096,150,846
4096,151,692
4096,152,692
4096,153,846
4096,154,692
4096,155,615
4096,156,846
4096,157,692
4096,158,615
4096,159,846
4096,160,692
4096,161,846
4096,162,615
4096,163,692
4096,164,846
4096,165,846
4096,166,692
4096,167,846
4096,168,693
4096,169,616
4096,170,847
4096,171,693
4096,172,846
4096,173,692
4096,174,616
4096,175,846
4096,176,692
4096,177,846
4096,178,846
4096,179,692
4096,180,846
4096,181,615
4096,182,923
4096,183,615
4096,184,692
4096,185,846
4096,186,692
4096,187,615
4096,188,846
4096,189,692
4096,190,846
4096,191,616
4096,192,693
4096,193,847
4096,194,693
4096,195,693
4096,196,847
4096,197,693
4096,198,846
4096,199,692
4096,200,846
4096,201,692
4096,202,692
4096,203,846
4096,204,692
4096,205,846
4096,206,692
4096,207,692
4096,208,846
4096,209,692
4096,210,615
4096,211,923
4096,212,692
4096,213,846
4096,214,693
4096,215,616
4096,216,847
4096,217,693
4096,218,616
4096,219,847
4096,220,693
4096,221,846
4096,222,615
4096,223,692
4096,224,846
4096,225,692
4096,226,615
4096,227,846
4096,228,692
4096,229,846
4096,230,692
4096,231,692
4096,232,846
4096,233,692
4096,234,615
4096,235,692
4096,236,615
4096,237,846
4096,238,693
4096,239,847
4096,240,693
4096,241,616
4096,242,847
4096,243,693
4096,244,846
4096,245,615
4096,246,692
4096,247,846
4096,248,692
4096,249,846
4096,250,692
4096,251,692
4096,252,846
4096,253,692
4096,254,615
4096,255,846
4096,256,692
4096,257,846
4096,258,846
4096,259,692
4096,260,846
4096,261,693
4096,262,847
4096,263,616
4096,264,693
4096,265,847
4096,266,616
4096,267,693
4096,268,846
4096,269,692
4096,270,846
4096,271,846
4096,272,692
4096,273,846
4096,274,692
4096,275,846
4096,276,615
4096,277,692
4096,278,846
4096,279,692
4096,280,846
4096,281,615
4096,282,692
4096,283,846
4096,284,693
4096,285,923
4096,286,616
4096,287,693
4096,288,846
4096,289,692
4096,290,616
4096,291,846
4096,292,692
4096,293,615
4096,294,846
4096,295,692
4096,296,846
4096,297,692
4096,298,846
4096,299,692
4096,300,846
4096,301,615
4096,302,692
4096,303,846
4096,304,693
4096,305,616
4096,306,846
4096,307,693
4096,308,616
4096,309,847
4096,310,693
4096,311,846
4096,312,692
4096,313,846
4096,314,615
4096,315,692
4096,316,846
4096,317,692
4096,318,615
4096,319,846
4096,320,692
4096,321,846
4096,322,692
4096,323,846
4096,324,692
4096,325,692
4096,326,846
4096,327,616
4096,328,692
4096,329,846
4096,330,616
4096,331,693
4096,332,847
4096,333,693
4096,334,616
4096,335,847
4096,336,693
4096,337,616
4096,338,846
4096,339,692
4096,340,846
4096,341,846
4096,342,692
4096,343,846
4096,344,615
4096,345,692
4096,346,846
4096,347,615
4096,348,692
4096,349,846
4096,350,692
4096,351,846
4096,352,692
4096,353,846
4096,354,616
4096,355,692
4096,356,846
4096,357,693
4096,358,616
4096,359,847
4096,360,693
4096,361,846
4096,362,616
4096,363,693
4096,364,846
4096,365,692
4096,366,615
4096,367,846
4096,368,692
4096,369,846
4096,370,692
4096,371,615
4096,372,846
4096,373,692
4096,374,846
4096,375,615
4096,376,692
4096,377,846
4096,378,615
4096,379,692
4096,380,846
4096,381,693
4096,382,692
4096,383,846
4096,384,693
4096,385,847
4096,386,616
4096,387,693
4096,388,846
4096,389,847
4096,390,693
4096,391,846
4096,392,615
4096,393,692
4096,394,846
4096,395,692
4096,396,846
4096,397,846
4096,398,692
4096,399,615
4096,400,846
4096,401,692
4096,402,846
4096,403,692
4096,404,615
4096,405,846
4096,406,692
4096,407,615
4096,408,846
4096,409,692
4096,410,846
4096,411,693
4096,412,847
4096,413,847
4096,414,693
4096,415,616
4096,416,847
4096,417,693
4096,418,846
4096,419,615
4096,420,692
4096,421,846
4096,422,692
4096,423,846
4096,424,615
4096,425,615
4096,426,846
4096,427,692
4096,428,846
4096,429,615
4096,430,692
4096,431,846
4096,432,692
4096,433,846
4096,434,846
4096,435,693
4096,436,847
4096,437,846
4096,438,693
4096,439,847
4096,440,616
4096,441,693
4096,442,616
4096,443,847
4096,444,693
4096,445,846
4096,446,615
4096,447,692
4096,448,846
4096,449,692
4096,450,846
4096,451,615
4096,452,692
4096,453,846
4096,454,692
4096,455,846
4096,456,615
4096,457,692
4096,458,846
4096,459,692
4096,460,692
4096,461,846
4096,462,693
4096,463,847
4096,464,846
4096,465,693
4096,466,847
4096,467,693
4096,468,846
4096,469,615
4096,470,923
4096,471,615
4096,472,692
4096,473,846
4096,474,692
4096,475,846
4096,476,846
4096,477,692
4096,478,846
4096,479,692
4096,480,615
4096,481,846
4096,482,692
4096,483,846
4096,484,693
4096,485,616
4096,486,847
4096,487,693
4096,488,616
4096,489,847
4096,490,693
4096,491,846
4096,492,615
4096,493,692
4096,494,846
4096,495,615
4096,496,692
4096,497,846
4096,498,692
4096,499,615
4096,500,846
4096,501,846
4096,502,692
4096,503,846
4096,504,615
4096,505,692
4096,506,846
4096,507,615
4096,508,615
4096,509,846
4096,510,692
4096,511,846
4096,512,616
4096,513,692
4096,514,846
4096,515,693
4096,516,847
4096,517,847
4096,518,693
4096,519,846
4096,520,616
4096,521,693
4096,522,846
4096,523,692
4096,524,615
4096,525,846
4096,526,692
4096,527,846
4096,528,692
4096,529,846
4096,530,692
4096,531,846
4096,532,692
4096,533,692
4096,534,846
4096,535,693
4096,536,616
4096,537,846
4096,538,693
4096,539,847
4096,540,693
4096,541,616
4096,542,846
4096,543,692
4096,544,846
4096,545,615
4096,546,692
4096,547,846
4096,548,692
4096,549,615
4096,550,846
4096,551,692
4096,552,846
4096,553,615
4096,554,692
4096,555,846
4096,556,692
4096,557,615
4096,558,846
4096,559,615
4096,560,692
4096,561,846
4096,562,693
4096,563,616
4096,564,846
4096,565,693
4096,566,616
4096,567,847
4096,568,693
4096,569,846
4096,570,616
4096,571,693
4096,572,846
4096,573,615
4096,574,692
4096,575,846
4096,576,692
4096,577,615
4096,578,615
4096,579,692
4096,580,846
4096,581,692
4096,582,615
4096,583,846
4096,584,692
4096,585,846
4096,586,615
4096,587,692
4096,588,846
4096,589,693
4096,590,847
4096,591,616
4096,592,693
4096,593,847
4096,594,616
4096,595,693
4096,596,846
4096,597,692
4096,598,616
4096,599,846
4096,600,846
4096,601,846
4096,602,692
4096,603,846
4096,604,615
4096,605,692
4096,606,846
4096,607,693
4096,608,616
4096,609,846
4096,610,693
4096,611,616
4096,612,847
4096,613,693
4096,614,846
4096,615,692
4096,616,846
4096,617,692
4096,618,615
4096,619,846
4096,620,692
4096,621,846
4096,622,692
4096,623,615
4096,624,846
4096,625,615
4096,626,692
4096,627,846
4096,628,692
4096,629,846
4096,630,846
4096,631,692
4096,632,846
4096,633,616
4096,634,616
4096,635,847
4096,636,693
4096,637,616
4096,638,847
4096,639,693
4096,640,846
4096,641,692
4096,642,615
4096,643,846
4096,644,692
4096,645,615
4096,646,846
4096,647,692
4096,648,846
4096,649,615
4096,650,692
4096,651,846
4096,652,692
4096,653,692
4096,654,846
4096,655,692
4096,656,846
4096,657,693
4096,658,616
4096,659,846
4096,660,693
4096,661,616
4096,662,847
4096,663,693
4096,664,846
4096,665,616
4096,666,693
4096,667,846
4096,668,615
4096,669,692
4096,670,846
4096,671,692
4096,672,615
4096,673,846
4096,674,692
4096,675,846
4096,676,692
4096,677,615
4096,678,846
4096,679,692
4096,680,846
4096,681,615
4096,682,692
4096,683,846
4096,684,693
4096,685,692
4096,686,846
4096,687,693
4096,688,616
4096,689,847
4096,690,693
4096,691,616
4096,692,847
4096,693,693
4096,694,846
4096,695,846
4096,696,692
4096,697,846
4096,698,692
4096,699,615
4096,700,846
4096,701,692
4096,702,846
4096,703,615
4096,704,692
4096,705,846
4096,706,615
4096,707,692
4096,708,846
4096,709,692
4096,710,692
4096,711,846
4096,712,692
4096,713,846
4096,714,693
4096,715,616
4096,716,847
4096,717,693
4096,718,616
4096,719,847
4096,720,693
4096,721,846
4096,722,615
4096,723,615
4096,724,846
4096,725,692
4096,726,846
4096,727,615
4096,728,692
4096,729,846
4096,730,615
4096,731,692
4096,732,846
4096,733,692
4096,734,692
4096,735,846
4096,736,692
4096,737,846
4096,738,616
4096,739,692
4096,740,846
4096,741,616
4096,742,693
4096,743,847
4096,744,616
4096,745,693
4096,746,847
4096,747,616
4096,748,616
4096,749,846
4096,750,692
4096,751,846
4096,752,692
4096,753,692
4096,754,846
4096,755,692
4096,756,615
4096,757,846
4096,758,692
4096,759,615
4096,760,846
4096,761,692
4096,762,615
4096,763,846
4096,764,692
4096,765,846
4096,766,615
4096,767,692
4096,768,846
4096,769,693
4096,770,847
4096,771,693
4096,772,616
4096,773,847
4096,774,693
4096,775,846
4096,776,692
4096,777,692
4096,778,846
4096,779,615
4096,780,692
4096,781,846
4096,782,615
4096,783,692
4096,784,846
4096,785,692
4096,786,615
4096,787,846
4096,788,692
4096,789,846
4096,790,692
4096,791,846
4096,792,846
4096,793,692
4096,794,846
4096,795,693
4096,796,616
4096,797,847
4096,798,693
4096,799,846
4096,800,692
4096,801,616
4096,802,846
4096,803,692
4096,804,615
4096,805,846
4096,806,692
4096,807,615
4096,808,846
4096,809,692
4096,810,846
4096,811,615
4096,812,692
4096,813,846
4096,814,615
4096,815,692
4096,816,846
4096,817,692
4096,818,846
4096,819,693
4096,820,692
4096,821,846
4096,822,616
4096,823,693
4096,824,847
4096,825,616
4096,826,693
4096,827,847
4096,828,616
4096,829,693
4096,830,846
4096,831,692
4096,832,846
4096,833,692
4096,834,846
4096,835,615
4096,836,692
4096,837,846
4096,838,615
4096,839,692
4096,840,846
4096,841,692
4096,842,615
4096,843,846
4096,844,692
4096,845,615
4096,846,846
4096,847,692
4096,848,846
4096,849,846
4096,850,693
4096,851,847
4096,852,693
4096,853,616
4096,854,847
4096,855,693
4096,856,846
4096,857,692
4096,858,846
4096,859,615
4096,860,692
4096,861,846
4096,862,692
4096,863,615
4096,864,846
4096,865,692
4096,866,846
4096,867,692
4096,868,615
4096,869,846
4096,870,692
4096,871,615
4096,872,846
4096,873,616
4096,874,847
4096,875,693
4096,876,616
4096,877,847
4096,878,693
4096,879,846
4096,880,692
4096,881,692
4096,882,846
4096,883,692
4096,884,846
4096,885,615
4096,886,692
4096,887,846
4096,888,692
4096,889,846
4096,890,692
4096,891,692
4096,892,846
4096,893,692
4096,894,846
4096,895,693
4096,896,847
4096,897,847
4096,898,693
4096,899,846
4096,900,692
4096,901,693
4096,902,846
4096,903,692
4096,904,846
4096,905,692
4096,906,692
4096,907,846
4096,908,692
4096,909,615
4096,910,846
4096,911,692
4096,912,846
4096,913,615
4096,914,615
4096,915,846
4096,916,692
4096,917,846
4096,918,693
4096,919,847
4096,920,846
4096,921,693
4096,922,847
4096,923,693
4096,924,693
4096,925,846
4096,926,692
4096,927,846
4096,928,846
4096,929,692
4096,930,846
4096,931,692
4096,932,615
4096,933,846
4096,934,692
4096,935,846
4096,936,692
4096,937,615
4096,938,846
4096,939,692
4096,940,615
4096,941,846
4096,942,692
4096,943,846
4096,944,693
4096,945,616
4096,946,847
4096,947,693
4096,948,846
4096,949,692
4096,950,693
4096,951,846
4096,952,692
4096,953,615
4096,954,846
4096,955,692
4096,956,846
4096,957,615
4096,958,692
4096,959,846
4096,960,692
4096,961,846
4096,962,615
4096,963,692
4096,964,846
4096,965,692
4096,966,846
4096,967,616
4096,968,693
4096,969,847
4096,970,693
4096,971,846
4096,972,847
4096,973,693
4096,974,846
4096,975,615
4096,976,692
4096,977,846
4096,978,692
4096,979,615
4096,980,846
4096,981,692
4096,982,846
4096,983,692
4096,984,846
4096,985,615
4096,986,692
4096,987,846
4096,988,692
4096,989,692
4096,990,846
4096,991,693
4096,992,616
4096,993,846
4096,994,693
4096,995,847
4096,996,693
4096,997,846
4096,998,846
4096,999,692
4096,1000,846
4096,1001,692
4096,1002,846
4096,1003,692
4096,1004,846
4096,1005,615
4096,1006,692
4096,1007,846
4096,1008,692
4096,1009,615
4096,1010,846
4096,1011,615
4096,1012,692
4096,1013,846
4096,1014,693
4096,1015,847
4096,1016,846
4096,1017,693
4096,1018,616
4096,1019,847
4096,1020,693
4096,1021,846
4096,1022,616
4096,1023,693
4096,1024,846
4096,1025,692
4096,1026,615
4096,1027,846
4096,1028,692
4096,1029,615
4096,1030,615
4096,1031,692
4096,1032,615
4096,1033,846
4096,1034,692
4096,1035,615
4096,1036,846
4096,1037,692
4096,1038,846
4096,1039,692
4096,1040,846
4096,1041,693
4096,1042,616
4096,1043,923
4096,1044,693
4096,1045,847
4096,1046,693
4096,1047,616
4096,1048,846
4096,1049,692
4096,1050,616
4096,1051,846
4096,1052,692
4096,1053,846
4096,1054,615
4096,1055,615
4096,1056,846
4096,1057,692
4096,1058,846
4096,1059,846
4096,1060,692
4096,1061,846
4096,1062,615
4096,1063,692
4096,1064,846
4096,1065,615
4096,1066,692
4096,1067,846
4096,1068,693
4096,1069,692
4096,1070,846
4096,1071,693
4096,1072,847
4096,1073,616
4096,1074,693
4096,1075,846
4096,1076,692
4096,1077,693
4096,1078,846
4096,1079,692
4096,1080,615
4096,1081,846
4096,1082,692
4096,1083,846
4096,1084,615
4096,1085,692
4096,1086,846
4096,1087,692
4096,1088,846
4096,1089,846
4096,1090,692
4096,1091,846
4096,1092,692
4096,1093,615
4096,1094,846
4096,1095,693
4096,1096,616
4096,1097,846
4096,1098,693
4096,1099,847
4096,1100,693
4096,1101,846
4096,1102,692
4096,1103,692
4096,1104,846
4096,1105,692
4096,1106,846
4096,1107,692
4096,1108,846
4096,1109,846
4096,1110,692
4096,1111,846
4096,1112,692
4096,1113,846
4096,1114,616
4096,1115,692
4096,1116,846
4096,1117,693
4096,1118,616
4096,1119,847
4096,1120,693
4096,1121,846
4096,1122,692
4096,1123,616
4096,1124,846
4096,1125,692
4096,1126,846
4096,1127,692
4096,1128,692
4096,1129,615
4096,1130,846
4096,1131,692
4096,1132,846
4096,1133,615
4096,1134,692
4096,1135,846
4096,1136,615
4096,1137,692
4096,1138,846
4096,1139,692
4096,1140,846
4096,1141,616
4096,1142,692
4096,1143,846
4096,1144,616
4096,1145,693
4096,1146,847
4096,1147,693
4096,1148,616
4096,1149,847
4096,1150,693
4096,1151,846
4096,1152,615
4096,1153,692
4096,1154,846
4096,1155,692
4096,1156,846
4096,1157,692
4096,1158,846
4096,1159,615
4096,1160,615
4096,1161,846
4096,1162,692
4096,1163,846
4096,1164,616
4096,1165,692
4096,1166,846
4096,1167,693
4096,1168,616
4096,1169,847
4096,1170,693
4096,1171,846
4096,1172,616
4096,1173,693
4096,1174,846
4096,1175,615
4096,1176,692
4096,1177,846
4096,1178,615
4096,1179,846
4096,1180,615
4096,1181,692
4096,1182,846
4096,1183,692
4096,1184,615
4096,1185,846
4096,1186,692
4096,1187,692
4096,1188,846
4096,1189,692
4096,1190,615
4096,1191,846
4096,1192,692
4096,1193,615
4096,1194,846
4096,1195,693
4096,1196,847
4096,1197,693
4096,1198,616
4096,1199,616
4096,1200,693
4096,1201,846
4096,1202,692
4096,1203,615
4096,1204,846
4096,1205,692
4096,1206,615
4096,1207,846
4096,1208,692
4096,1209,846
4096,1210,846
4096,1211,692
4096,1212,615
4096,1213,846
4096,1214,846
4096,1215,615
4096,1216,616
4096,1217,693
4096,1218,847
4096,1219,693
4096,1220,846
4096,1221,692
4096,1222,846
4096,1223,846
4096,1224,692
4096,1225,846
4096,1226,692
4096,1227,692
4096,1228,846
4096,1229,692
4096,1230,615
4096,1231,846
4096,1232,692
4096,1233,846
4096,1234,692
4096,1235,615
4096,1236,616
4096,1237,615
4096,1238,692
4096,1239,846
4096,1240,693
4096,1241,616
4096,1242,846
4096,1243,693
4096,1244,847
4096,1245,616
4096,1246,693
4096,1247,846
4096,1248,692
4096,1249,846
4096,1250,615
4096,1251,692
4096,1252,846
4096,1253,615
4096,1254,692
4096,1255,846
4096,1256,692
4096,1257,846
4096,1258,615
4096,1259,846
4096,1260,615
4096,1261,692
4096,1262,846
4096,1263,693
4096,1264,616
4096,1265,846
4096,1266,846
4096,1267,692
4096,1268,616
4096,1269,846
4096,1270,692
4096,1271,846
4096,1272,692
4096,1273,615
4096,1274,846
4096,1275,692
4096,1276,615
4096,1277,846
4096,1278,692
4096,1279,846
4096,1280,692
4096,1281,615
4096,1282,846
4096,1283,692
4096,1284,846
4096,1285,616
4096,1286,693
4096,1287,847
4096,1288,693
4096,1289,616
4096,1290,847
4096,1291,693
4096,1292,616
4096,1293,846
4096,1294,692
4096,1295,846
4096,1296,846
4096,1297,692
4096,1298,846
4096,1299,615
4096,1300,615
4096,1301,846
4096,1302,692
4096,1303,846
4096,1304,692
4096,1305,615
4096,1306,846
4096,1307,692
4096,1308,615
4096,1309,846
4096,1310,692
4096,1311,923
4096,1312,693
4096,1313,846
4096,1314,616
4096,1315,693
4096,1316,846
4096,1317,692
4096,1318,846
4096,1319,692
4096,1320,615
4096,1321,846
4096,1322,692
4096,1323,846
4096,1324,692
4096,1325,615
4096,1326,846
4096,1327,692
4096,1328,846
4096,1329,693
4096,1330,616
4096,1331,846
4096,1332,693
4096,1333,847
4096,1334,616
4096,1335,693
4096,1336,846
4096,1337,692
4096,1338,616
4096,1339,846
4096,1340,692
4096,1341,846
4096,1342,615
4096,1343,692
4096,1344,846
4096,1345,615
4096,1346,692
4096,1347,846
4096,1348,692
4096,1349,692
4096,1350,846
4096,1351,692
4096,1352,846
4096,1353,615
4096,1354,692
4096,1355,846
4096,1356,693
4096,1357,692
4096,1358,846
4096,1359,693
4096,1360,847
4096,1361,693
4096,1362,616
4096,1363,846
4096,1364,692
4096,1365,2385
4096,1366,846
4096,1367,692
4096,1368,692
4096,1369,846
4096,1370,692
4096,1371,615
4096,1372,846
4096,1373,692
4096,1374,846
4096,1375,692
4096,1376,846
4096,1377,693
4096,1378,616
4096,1379,846
4096,1380,693
4096,1381,847
4096,1382,616
4096,1383,693
4096,1384,846
4096,1385,616
4096,1386,693
4096,1387,846
4096,1388,692
4096,1389,846
4096,1390,692
4096,1391,615
4096,1392,846
4096,1393,692
4096,1394,615
4096,1395,846
4096,1396,692
4096,1397,846
4096,1398,615
4096,1399,692
4096,1400,846
4096,1401,692
4096,1402,692
4096,1403,846
4096,1404,616
4096,1405,692
4096,1406,846
4096,1407,693
4096,1408,847
4096,1409,693
4096,1410,616
4096,1411,846
4096,1412,692
4096,1413,616
4096,1414,615
4096,1415,692
4096,1416,846
4096,1417,692
4096,1418,615
4096,1419,846
4096,1420,692
4096,1421,846
4096,1422,615
4096,1423,692
4096,1424,846
4096,1425,692
4096,1426,615
4096,1427,846
4096,1428,692
4096,1429,846
4096,1430,616
4096,1431,693
4096,1432,847
4096,1433,693
4096,1434,846
4096,1435,616
4096,1436,693
4096,1437,846
4096,1438,692
4096,1439,615
4096,1440,846
4096,1441,692
4096,1442,846
4096,1443,846
4096,1444,692
4096,1445,846
4096,1446,692
4096,1447,846
4096,1448,692
4096,1449,1538
4096,1450,692
4096,1451,846
4096,1452,846
4096,1453,693
4096,1454,847
4096,1455,616
4096,1456,693
4096,1457,847
4096,1458,693
4096,1459,616
4096,1460,615
4096,1461,692
4096,1462,846
4096,1463,692
4096,1464,846
4096,1465,846
4096,1466,692
4096,1467,846
4096,1468,615
4096,1469,692
4096,1470,846
4096,1471,692
4096,1472,615
4096,1473,846
4096,1474,692
4096,1475,615
4096,1476,616
4096,1477,692
4096,1478,846
4096,1479,693
4096,1480,847
4096,1481,616
4096,1482,693
4096,1483,846
4096,1484,692
4096,1485,846
4096,1486,615
4096,1487,692
4096,1488,846
4096,1489,615
4096,1490,692
4096,1491,846
4096,1492,692
4096,1493,615
4096,1494,846
4096,1495,692
4096,1496,846
4096,1497,692
4096,1498,846
4096,1499,616
4096,1500,692
4096,1501,846
4096,1502,693
4096,1503,847
4096,1504,693
4096,1505,693
4096,1506,846
4096,1507,923
4096,1508,693
4096,1509,846
4096,1510,692
4096,1511,846
4096,1512,692
4096,1513,846
4096,1514,692
4096,1515,615
4096,1516,846
4096,1517,692
4096,1518,846
4096,1519,692
4096,1520,692
4096,1521,846
4096,1522,692
4096,1523,846
4096,1524,616
4096,1525,693
4096,1526,847
4096,1527,693
4096,1528,846
4096,1529,616
4096,1530,693
4096,1531,846
4096,1532,692
4096,1533,615
4096,1534,846
4096,1535,692
4096,1536,846
4096,1537,692
4096,1538,615
4096,1539,846
4096,1540,692
4096,1541,846
4096,1542,615
4096,1543,692
4096,1544,846
4096,1545,615
4096,1546,692
4096,1547,846
4096,1548,693
4096,1549,847
4096,1550,616
4096,1551,693
4096,1552,847
4096,1553,616
4096,1554,846
4096,1555,615
4096,1556,692
4096,1557,846
4096,1558,692
4096,1559,615
4096,1560,846
4096,1561,692
4096,1562,615
4096,1563,846
4096,1564,692
4096,1565,846
4096,1566,615
4096,1567,692
4096,1568,846
4096,1569,692
4096,1570,615
4096,1571,846
4096,1572,692
4096,1573,846
4096,1574,616
4096,1575,693
4096,1576,847
4096,1577,616
4096,1578,693
4096,1579,847
4096,1580,693
4096,1581,693
4096,1582,846
4096,1583,692
4096,1584,846
4096,1585,692
4096,1586,846
4096,1587,692
4096,1588,615
4096,1589,846
4096,1590,692
4096,1591,846
4096,1592,692
4096,1593,615
4096,1594,846
4096,1595,692
4096,1596,615
4096,1597,846
4096,1598,693
4096,1599,847
4096,1600,846
4096,1601,693
4096,1602,847
4096,1603,616
4096,1604,693
4096,1605,846
4096,1606,692
4096,1607,693
4096,1608,846
4096,1609,692
4096,1610,615
4096,1611,846
4096,1612,692
4096,1613,615
4096,1614,846
4096,1615,692
4096,1616,846
4096,1617,846
4096,1618,692
4096,1619,846
4096,1620,615
4096,1621,692
4096,1622,846
4096,1623,692
4096,1624,846
4096,1625,846
4096,1626,692
4096,1627,846
4096,1628,616
4096,1629,693
4096,1630,847
4096,1631,616
4096,1632,693
4096,1633,847
4096,1634,616
4096,1635,616
4096,1636,846
4096,1637,692
4096,1638,693
4096,1639,846
4096,1640,692
4096,1641,615
4096,1642,615
4096,1643,846
4096,1644,615
4096,1645,692
4096,1646,846
4096,1647,692
4096,1648,692
4096,1649,846
4096,1650,692
4096,1651,846
4096,1652,846
4096,1653,692
4096,1654,615
4096,1655,846
4096,1656,693
4096,1657,847
4096,1658,616
4096,1659,693
4096,1660,847
4096,1661,693
4096,1662,846
4096,1663,615
4096,1664,692
4096,1665,846
4096,1666,692
4096,1667,615
4096,1668,846
4096,1669,692
4096,1670,615
4096,1671,846
4096,1672,615
4096,1673,692
4096,1674,846
4096,1675,692
4096,1676,615
4096,1677,846
4096,1678,692
4096,1679,615
4096,1680,846
4096,1681,692
4096,1682,846
4096,1683,616
4096,1684,692
4096,1685,846
4096,1686,693
4096,1687,847
4096,1688,693
4096,1689,616
4096,1690,846
4096,1691,692
4096,1692,846
4096,1693,615
4096,1694,692
4096,1695,846
4096,1696,692
4096,1697,615
4096,1698,846
4096,1699,692
4096,1700,846
4096,1701,692
4096,1702,615
4096,1703,846
4096,1704,692
4096,1705,615
4096,1706,846
4096,1707,692
4096,1708,615
4096,1709,846
4096,1710,693
4096,1711,847
4096,1712,616
4096,1713,693
4096,1714,847
4096,1715,693
4096,1716,846
4096,1717,846
4096,1718,692
4096,1719,846
4096,1720,692
4096,1721,692
4096,1722,846
4096,1723,692
4096,1724,615
4096,1725,846
4096,1726,692
4096,1727,846
4096,1728,692
4096,1729,846
4096,1730,615
4096,1731,692
4096,1732,615
4096,1733,846
4096,1734,692
4096,1735,846
4096,1736,693
4096,1737,847
4096,1738,693
4096,1739,846
4096,1740,615
4096,1741,692
4096,1742,846
4096,1743,692
4096,1744,846
4096,1745,846
4096,1746,692
4096,1747,846
4096,1748,615
4096,1749,692
4096,1750,615
4096,1751,846
4096,1752,692
4096,1753,615
4096,1754,846
4096,1755,692
4096,1756,846
4096,1757,615
4096,1758,692
4096,1759,846
4096,1760,693
4096,1761,847
4096,1762,693
4096,1763,846
4096,1764,616
4096,1765,693
4096,1766,846
4096,1767,846
4096,1768,692
4096,1769,846
4096,1770,692
4096,1771,846
4096,1772,846
4096,1773,692
4096,1774,846
4096,1775,692
4096,1776,846
4096,1777,615
4096,1778,692
4096,1779,846
4096,1780,692
4096,1781,846
4096,1782,693
4096,1783,693
4096,1784,847
4096,1785,693
4096,1786,616
4096,1787,847
4096,1788,693
4096,1789,616
4096,1790,846
4096,1791,616
4096,1792,693
4096,1793,846
4096,1794,615
4096,1795,692
4096,1796,846
4096,1797,615
4096,1798,692
4096,1799,923
4096,1800,693
4096,1801,847
4096,1802,693
4096,1803,616
4096,1804,846
4096,1805,692
4096,1806,846
4096,1807,615
4096,1808,692
4096,1809,846
4096,1810,615
4096,1811,846
4096,1812,692
4096,1813,846
4096,1814,692
4096,1815,846
4096,1816,616
4096,1817,692
4096,1818,846
4096,1819,693
4096,1820,616
4096,1821,616
4096,1822,693
4096,1823,846
4096,1824,692
4096,1825,616
4096,1826,846
4096,1827,692
4096,1828,846
4096,1829,846
4096,1830,692
4096,1831,846
4096,1832,615
4096,1833,692
4096,1834,846
4096,1835,692
4096,1836,615
4096,1837,846
4096,1838,692
4096,1839,615
4096,1840,846
4096,1841,615
4096,1842,692
4096,1843,846
4096,1844,692
4096,1845,615
4096,1846,846
4096,1847,693
4096,1848,847
4096,1849,616
4096,1850,693
4096,1851,847
4096,1852,693
4096,1853,693
4096,1854,846
4096,1855,692
4096,1856,846
4096,1857,846
4096,1858,692
4096,1859,846
4096,1860,615
4096,1861,692
4096,1862,846
4096,1863,692
4096,1864,615
4096,1865,846
4096,1866,692
4096,1867,846
4096,1868,692
4096,1869,846
4096,1870,693
4096,1871,616
4096,1872,846
4096,1873,693
4096,1874,847
4096,1875,616
4096,1876,693
4096,1877,846
4096,1878,692
4096,1879,616
4096,1880,846
4096,1881,692
4096,1882,615
4096,1883,615
4096,1884,692
4096,1885,846
4096,1886,615
4096,1887,692
4096,1888,846
4096,1889,692
4096,1890,615
4096,1891,846
4096,1892,692
4096,1893,615
4096,1894,846
4096,1895,692
4096,1896,615
4096,1897,846
4096,1898,615
4096,1899,692
4096,1900,846
4096,1901,693
4096,1902,616
4096,1903,616
4096,1904,693
4096,1905,847
4096,1906,616
4096,1907,693
4096,1908,846
4096,1909,692
4096,1910,616
4096,1911,846
4096,1912,692
4096,1913,615
4096,1914,846
4096,1915,692
4096,1916,846
4096,1917,692
4096,1918,615
4096,1919,846
4096,1920,692
4096,1921,846
4096,1922,615
4096,1923,692
4096,1924,846
4096,1925,615
4096,1926,692
4096,1927,846
4096,1928,693
4096,1929,616
4096,1930,846
4096,1931,693
4096,1932,847
4096,1933,616
4096,1934,693
4096,1935,846
4096,1936,616
4096,1937,693
4096,1938,846
4096,1939,692
4096,1940,615
4096,1941,846
4096,1942,692
4096,1943,846
4096,1944,692
4096,1945,692
4096,1946,846
4096,1947,692
4096,1948,846
4096,1949,615
4096,1950,692
4096,1951,846
4096,1952,692
4096,1953,692
4096,1954,846
4096,1955,693
4096,1956,847
4096,1957,616
4096,1958,693
4096,1959,847
4096,1960,693
4096,1961,616
4096,1962,846
4096,1963,692
4096,1964,846
4096,1965,615
4096,1966,615
4096,1967,846
4096,1968,692
4096,1969,846
4096,1970,692
4096,1971,846
4096,1972,846
4096,1973,692
4096,1974,846
4096,1975,692
4096,1976,615
4096,1977,846
4096,1978,693
4096,1979,847
4096,1980,693
4096,1981,616
4096,1982,847
4096,1983,693
4096,1984,846
4096,1985,692
4096,1986,615
4096,1987,846
4096,1988,692
4096,1989,615
4096,1990,923
4096,1991,692
4096,1992,846
4096,1993,692
4096,1994,846
4096,1995,846
4096,1996,692
4096,1997,846
4096,1998,615
4096,1999,692
4096,2000,846
4096,2001,616
4096,2002,692
4096,2003,846
4096,2004,693
4096,2005,616
4096,2006,847
4096,2007,693
4096,2008,846
4096,2009,616
4096,2010,693
4096,2011,846
4096,2012,692
4096,2013,846
4096,2014,615
4096,2015,692
4096,2016,846
4096,2017,692
4096,2018,615
4096,2019,846
4096,2020,692
4096,2021,846
4096,2022,615
4096,2023,692
4096,2024,846
4096,2025,692
4096,2026,615
4096,2027,846
4096,2028,693
4096,2029,847
4096,2030,693
4096,2031,693
4096,2032,847
4096,2033,693
4096,2034,846
4096,2035,846
4096,2036,692
4096,2037,846
4096,2038,615
4096,2039,692
4096,2040,846
4096,2041,692
4096,2042,615
4096,2043,846
4096,2044,692
4096,2045,846
4096,2046,692
4096,2047,846
4096,2048,615
4096,2049,692
4096,2050,846
4096,2051,693
4096,2052,616
4096,2053,846
4096,2054,693
4096,2055,616
4096,2056,847
4096,2057,693
4096,2058,2077
4096,2059,692
4096,2060,846
4096,2061,693
4096,2062,616
4096,2063,923
4096,2064,616
4096,2065,847
4096,2066,693
4096,2067,846
4096,2068,615
4096,2069,692
4096,2070,846
4096,2071,615
4096,2072,692
4096,2073,846
4096,2074,692
4096,2075,846
4096,2076,692
4096,2077,692
4096,2078,846
4096,2079,692
4096,2080,615
4096,2081,846
4096,2082,692
4096,2083,615
4096,2084,846
4096,2085,692
4096,2086,615
4096,2087,846
4096,2088,693
4096,2089,847
4096,2090,616
4096,2091,693
4096,2092,692
4096,2093,846
4096,2094,692
4096,2095,846
4096,2096,692
4096,2097,846
4096,2098,692
4096,2099,615
4096,2100,846
4096,2101,692
4096,2102,615
4096,2103,846
4096,2104,692
4096,2105,846
4096,2106,693
4096,2107,616
4096,2108,847
4096,2109,693
4096,2110,846
4096,2111,616
4096,2112,693
4096,2113,846
4096,2114,692
4096,2115,692
4096,2116,846
4096,2117,692
4096,2118,846
4096,2119,615
4096,2120,692
4096,2121,846
4096,2122,692
4096,2123,846
4096,2124,846
4096,2125,692
4096,2126,846
4096,2127,692
4096,2128,846
4096,2129,616
4096,2130,693
4096,2131,847
4096,2132,693
4096,2133,616
4096,2134,847
4096,2135,693
4096,2136,616
4096,2137,846
4096,2138,692
4096,2139,846
4096,2140,692
4096,2141,615
4096,2142,846
4096,2143,692
4096,2144,846
4096,2145,615
4096,2146,615
4096,2147,846
4096,2148,692
4096,2149,846
4096,2150,692
4096,2151,846
4096,2152,616
4096,2153,693
4096,2154,847
4096,2155,616
4096,2156,693
4096,2157,847
4096,2158,693
4096,2159,846
4096,2160,846
4096,2161,692
4096,2162,846
4096,2163,692
4096,2164,846
4096,2165,615
4096,2166,692
4096,2167,846
4096,2168,692
4096,2169,615
4096,2170,846
4096,2171,692
4096,2172,846
4096,2173,692
4096,2174,615
4096,2175,846
4096,2176,693
4096,2177,847
4096,2178,616
4096,2179,693
4096,2180,847
4096,2181,693
4096,2182,846
4096,2183,615
4096,2184,692
4096,2185,846
4096,2186,615
4096,2187,692
4096,2188,846
4096,2189,692
4096,2190,615
4096,2191,846
4096,2192,692
4096,2193,615
4096,2194,846
4096,2195,692
4096,2196,846
4096,2197,615
4096,2198,692
4096,2199,846
4096,2200,615
4096,2201,692
4096,2202,846
4096,2203,693
4096,2204,616
4096,2205,846
4096,2206,693
4096,2207,847
4096,2208,616
4096,2209,693
4096,2210,846
4096,2211,616
4096,2212,846
4096,2213,615
4096,2214,692
4096,2215,846
4096,2216,615
4096,2217,615
4096,2218,846
4096,2219,692
4096,2220,846
4096,2221,692
4096,2222,615
4096,2223,846
4096,2224,692
4096,2225,615
4096,2226,846
4096,2227,692
4096,2228,846
4096,2229,616
4096,2230,693
4096,2231,847
4096,2232,693
4096,2233,616
4096,2234,847
4096,2235,693
4096,2236,846
4096,2237,692
4096,2238,692
4096,2239,846
4096,2240,692
4096,2241,615
4096,2242,846
4096,2243,692
4096,2244,846
4096,2245,692
4096,2246,615
4096,2247,846
4096,2248,692
4096,2249,615
4096,2250,846
4096,2251,692
4096,2252,615
4096,2253,846
4096,2254,692
4096,2255,846
4096,2256,616
4096,2257,693
4096,2258,847
4096,2259,693
4096,2260,846
4096,2261,616
4096,2262,693
4096,2263,846
4096,2264,692
4096,2265,846
4096,2266,692
4096,2267,846
4096,2268,692
4096,2269,615
4096,2270,846
4096,2271,692
4096,2272,846
4096,2273,615
4096,2274,692
4096,2275,846
4096,2276,693
4096,2277,847
4096,2278,616
4096,2279,693
4096,2280,847
4096,2281,693
4096,2282,616
4096,2283,846
4096,2284,692
4096,2285,846
4096,2286,692
4096,2287,846
4096,2288,615
4096,2289,692
4096,2290,846
4096,2291,923
4096,2292,615
4096,2293,846
4096,2294,692
4096,2295,615
4096,2296,846
4096,2297,692
4096,2298,846
4096,2299,616
4096,2300,692
4096,2301,846
4096,2302,693
4096,2303,847
4096,2304,693
4096,2305,693
4096,2306,846
4096,2307,692
4096,2308,846
4096,2309,692
4096,2310,615
4096,2311,846
4096,2312,615
4096,2313,692
4096,2314,846
4096,2315,692
4096,2316,846
4096,2317,615
4096,2318,692
4096,2319,846
4096,2320,692
4096,2321,692
4096,2322,846
4096,2323,692
4096,2324,846
4096,2325,693
4096,2326,847
4096,2327,616
4096,2328,693
4096,2329,846
4096,2330,692
4096,2331,616
4096,2332,615
4096,2333,692
4096,2334,846
4096,2335,692
4096,2336,846
4096,2337,615
4096,2338,692
4096,2339,846
4096,2340,692
4096,2341,846
4096,2342,615
4096,2343,692
4096,2344,615
4096,2345,846
4096,2346,692
4096,2347,615
4096,2348,846
4096,2349,693
4096,2350,847
4096,2351,616
4096,2352,693
4096,2353,847
4096,2354,616
4096,2355,693
4096,2356,846
4096,2357,692
4096,2358,846
4096,2359,846
4096,2360,615
4096,2361,846
4096,2362,692
4096,2363,846
4096,2364,692
4096,2365,615
4096,2366,846
4096,2367,615
4096,2368,692
4096,2369,846
4096,2370,692
4096,2371,846
4096,2372,846
4096,2373,692
4096,2374,615
4096,2375,616
4096,2376,693
4096,2377,847
4096,2378,693
4096,2379,616
4096,2380,847
4096,2381,693
4096,2382,616
4096,2383,923
4096,2384,923
4096,2385,846
4096,2386,692
4096,2387,846
4096,2388,846
4096,2389,692
4096,2390,846
4096,2391,615
4096,2392,692
4096,2393,846
4096,2394,692
4096,2395,615
4096,2396,846
4096,2397,692
4096,2398,846
4096,2399,615
4096,2400,692
4096,2401,846
4096,2402,692
4096,2403,615
4096,2404,846
4096,2405,693
4096,2406,847
4096,2407,616
4096,2408,693
4096,2409,847
4096,2410,693
4096,2411,846
4096,2412,615
4096,2413,692
4096,2414,846
4096,2415,692
4096,2416,846
4096,2417,846
4096,2418,692
4096,2419,846
4096,2420,692
4096,2421,615
4096,2422,846
4096,2423,692
4096,2424,846
4096,2425,615
4096,2426,692
4096,2427,846
4096,2428,846
4096,2429,692
4096,2430,846
4096,2431,616
4096,2432,924
4096,2433,616
4096,2434,616
4096,2435,846
4096,2436,692
4096,2437,616
4096,2438,846
4096,2439,692
4096,2440,846
4096,2441,615
4096,2442,692
4096,2443,846
4096,2444,615
4096,2445,692
4096,2446,846
4096,2447,692
4096,2448,615
4096,2449,846
4096,2450,692
4096,2451,846
4096,2452,615
4096,2453,692
4096,2454,846
4096,2455,693
4096,2456,847
4096,2457,616
4096,2458,693
4096,2459,847
4096,2460,847
4096,2461,693
4096,2462,616
4096,2463,847
4096,2464,693
4096,2465,846
4096,2466,615
4096,2467,692
4096,2468,846
4096,2469,615
4096,2470,692
4096,2471,846
4096,2472,615
4096,2473,692
4096,2474,846
4096,2475,615
4096,2476,692
4096,2477,846
4096,2478,692
4096,2479,846
4096,2480,692
4096,2481,615
4096,2482,846
4096,2483,692
4096,2484,615
4096,2485,846
4096,2486,693
4096,2487,847
4096,2488,693
4096,2489,616
4096,2490,847
4096,2491,693
4096,2492,846
4096,2493,692
4096,2494,615
4096,2495,846
4096,2496,692
4096,2497,846
4096,2498,692
4096,2499,615
4096,2500,846
4096,2501,692
4096,2502,615
4096,2503,846
4096,2504,692
4096,2505,846
4096,2506,615
4096,2507,692
4096,2508,846
4096,2509,693
4096,2510,616
4096,2511,846
4096,2512,693
4096,2513,847
4096,2514,693
4096,2515,846
4096,2516,615
4096,2517,692
4096,2518,616
4096,2519,615
4096,2520,692
4096,2521,692
4096,2522,846
4096,2523,615
4096,2524,692
4096,2525,846
4096,2526,692
4096,2527,615
4096,2528,846
4096,2529,692
4096,2530,846
4096,2531,615
4096,2532,692
4096,2533,846
4096,2534,692
4096,2535,692
4096,2536,846
4096,2537,692
4096,2538,846
4096,2539,616
4096,2540,693
4096,2541,847
4096,2542,616
4096,2543,693
4096,2544,847
4096,2545,616
4096,2546,693
4096,2547,846
4096,2548,616
4096,2549,693
4096,2550,846
4096,2551,692
4096,2552,846
4096,2553,615
4096,2554,692
4096,2555,846
4096,2556,692
4096,2557,615
4096,2558,846
4096,2559,692
4096,2560,846
4096,2561,846
4096,2562,692
4096,2563,846
4096,2564,615
4096,2565,1846
4096,2566,847
4096,2567,693
4096,2568,846
4096,2569,692
4096,2570,846
4096,2571,692
4096,2572,846
4096,2573,615
4096,2574,692
4096,2575,846
4096,2576,692
4096,2577,846
4096,2578,692
4096,2579,615
4096,2580,846
4096,2581,693
4096,2582,616
4096,2583,846
4096,2584,693
4096,2585,847
4096,2586,616
4096,2587,693
4096,2588,846
4096,2589,616
4096,2590,693
4096,2591,846
4096,2592,692
4096,2593,846
4096,2594,692
4096,2595,846
4096,2596,615
4096,2597,692
4096,2598,846
4096,2599,692
4096,2600,615
4096,2601,846
4096,2602,692
4096,2603,846
4096,2604,693
4096,2605,616
4096,2606,846
4096,2607,693
4096,2608,693
4096,2609,847
4096,2610,693
4096,2611,846
4096,2612,616
4096,2613,693
4096,2614,846
4096,2615,615
4096,2616,692
4096,2617,846
4096,2618,692
4096,2619,846
4096,2620,692
4096,2621,615
4096,2622,846
4096,2623,692
4096,2624,846
4096,2625,615
4096,2626,692
4096,2627,846
4096,2628,692
4096,2629,615
4096,2630,846
4096,2631,693
4096,2632,847
4096,2633,616
4096,2634,693
4096,2635,847
4096,2636,693
4096,2637,616
4096,2638,846
4096,2639,692
4096,2640,616
4096,2641,846
4096,2642,692
4096,2643,615
4096,2644,846
4096,2645,692
4096,2646,846
4096,2647,692
4096,2648,846
4096,2649,615
4096,2650,692
4096,2651,846
4096,2652,692
4096,2653,846
4096,2654,846
4096,2655,692
4096,2656,846
4096,2657,693
4096,2658,616
4096,2659,616
4096,2660,693
4096,2661,846
4096,2662,692
4096,2663,846
4096,2664,615
4096,2665,692
4096,2666,846
4096,2667,692
4096,2668,615
4096,2669,846
4096,2670,692
4096,2671,846
4096,2672,846
4096,2673,692
4096,2674,846
4096,2675,692
4096,2676,846
4096,2677,846
4096,2678,692
4096,2679,846
4096,2680,692
4096,2681,846
4096,2682,615
4096,2683,692
4096,2684,846
4096,2685,693
4096,2686,847
4096,2687,616
4096,2688,693
4096,2689,847
4096,2690,616
4096,2691,693
4096,2692,846
4096,2693,692
4096,2694,846
4096,2695,615
4096,2696,692
4096,2697,846
4096,2698,615
4096,2699,692
4096,2700,846
4096,2701,615
4096,2702,692
4096,2703,846
4096,2704,692
4096,2705,846
4096,2706,846
4096,2707,692
4096,2708,846
4096,2709,846
4096,2710,692
4096,2711,846
4096,2712,693
4096,2713,616
4096,2714,846
4096,2715,693
4096,2716,847
4096,2717,616
4096,2718,693
4096,2719,846
4096,2720,616
4096,2721,693
4096,2722,846
4096,2723,615
4096,2724,692
4096,2725,846
4096,2726,692
4096,2727,692
4096,2728,846
4096,2729,692
4096,2730,615
4096,2731,846
4096,2732,692
4096,2733,846
4096,2734,692
4096,2735,615
4096,2736,846
4096,2737,692
4096,2738,615
4096,2739,846
4096,2740,692
4096,2741,846
4096,2742,846
4096,2743,693
4096,2744,847
4096,2745,616
4096,2746,693
4096,2747,847
4096,2748,693
4096,2749,846
4096,2750,615
4096,2751,846
4096,2752,846
4096,2753,692
4096,2754,846
4096,2755,692
4096,2756,615
4096,2757,846
4096,2758,692
4096,2759,615
4096,2760,846
4096,2761,692
4096,2762,846
4096,2763,692
4096,2764,615
4096,2765,846
4096,2766,693
4096,2767,847
4096,2768,616
4096,2769,693
4096,2770,847
4096,2771,693
4096,2772,616
4096,2773,846
4096,2774,692
4096,2775,616
4096,2776,846
4096,2777,692
4096,2778,615
4096,2779,846
4096,2780,692
4096,2781,846
4096,2782,692
4096,2783,846
4096,2784,615
4096,2785,692
4096,2786,846
4096,2787,692
4096,2788,615
4096,2789,846
4096,2790,692
4096,2791,615
4096,2792,846
4096,2793,693
4096,2794,616
4096,2795,846
4096,2796,693
4096,2797,847
4096,2798,616
4096,2799,693
4096,2800,846
4096,2801,616
4096,2802,616
4096,2803,846
4096,2804,692
4096,2805,846
4096,2806,615
4096,2807,692
4096,2808,846
4096,2809,692
4096,2810,615
4096,2811,846
4096,2812,692
4096,2813,846
4096,2814,615
4096,2815,692
4096,2816,846
4096,2817,692
4096,2818,692
4096,2819,846
4096,2820,693
4096,2821,847
4096,2822,923
4096,2823,616
4096,2824,847
4096,2825,693
4096,2826,846
4096,2827,846
4096,2828,692
4096,2829,846
4096,2830,692
4096,2831,615
4096,2832,846
4096,2833,692
4096,2834,846
4096,2835,615
4096,2836,692
4096,2837,846
4096,2838,615
4096,2839,692
4096,2840,846
4096,2841,615
4096,2842,692
4096,2843,846
4096,2844,692
4096,2845,692
4096,2846,846
4096,2847,693
4096,2848,847
4096,2849,846
4096,2850,693
4096,2851,847
4096,2852,693
4096,2853,693
4096,2854,846
4096,2855,616
4096,2856,693
4096,2857,846
4096,2858,692
4096,2859,846
4096,2860,615
4096,2861,692
4096,2862,846
4096,2863,692
4096,2864,615
4096,2865,846
4096,2866,692
4096,2867,846
4096,2868,692
4096,2869,692
4096,2870,846
4096,2871,692
4096,2872,846
4096,2873,616
4096,2874,693
4096,2875,847
4096,2876,693
4096,2877,693
4096,2878,847
4096,2879,693
4096,2880,846
4096,2881,846
4096,2882,692
4096,2883,616
4096,2884,615
4096,2885,692
4096,2886,846
4096,2887,692
4096,2888,615
4096,2889,846
4096,2890,692
4096,2891,846
4096,2892,692
4096,2893,846
4096,2894,615
4096,2895,692
4096,2896,846
4096,2897,693
4096,2898,616
4096,2899,846
4096,2900,693
4096,2901,847
4096,2902,616
4096,2903,846
4096,2904,692
4096,2905,692
4096,2906,846
4096,2907,692
4096,2908,846
4096,2909,615
4096,2910,692
4096,2911,846
4096,2912,692
4096,2913,615
4096,2914,846
4096,2915,692
4096,2916,846
4096,2917,692
4096,2918,846
4096,2919,693
4096,2920,616
4096,2921,847
4096,2922,693
4096,2923,616
4096,2924,847
4096,2925,693
4096,2926,846
4096,2927,692
4096,2928,846
4096,2929,692
4096,2930,615
4096,2931,615
4096,2932,692
4096,2933,846
4096,2934,692
4096,2935,615
4096,2936,846
4096,2937,692
4096,2938,846
4096,2939,693
4096,2940,692
4096,2941,846
4096,2942,693
4096,2943,847
4096,2944,616
4096,2945,693
4096,2946,846
4096,2947,692
4096,2948,846
4096,2949,692
4096,2950,615
4096,2951,846
4096,2952,692
4096,2953,846
4096,2954,615
4096,2955,692
4096,2956,846
4096,2957,692
4096,2958,692
4096,2959,846
4096,2960,692
4096,2961,692
4096,2962,846
4096,2963,692
4096,2964,846
4096,2965,616
4096,2966,693
4096,2967,847
4096,2968,693
4096,2969,692
4096,2970,692
4096,2971,846
4096,2972,846
4096,2973,692
4096,2974,846
4096,2975,693
4096,2976,847
4096,2977,693
4096,2978,616
4096,2979,846
4096,2980,692
4096,2981,616
4096,2982,846
4096,2983,692
4096,2984,846
4096,2985,692
4096,2986,615
4096,2987,846
4096,2988,692
4096,2989,615
4096,2990,846
4096,2991,692
4096,2992,846
4096,2993,692
4096,2994,846
4096,2995,846
4096,2996,692
4096,2997,846
4096,2998,693
4096,2999,847
4096,3000,616
4096,3001,693
4096,3002,846
4096,3003,692
4096,3004,616
4096,3005,846
4096,3006,692
4096,3007,846
4096,3008,615
4096,3009,692
4096,3010,846
4096,3011,692
4096,3012,692
4096,3013,846
4096,3014,692
4096,3015,846
4096,3016,692
4096,3017,692
4096,3018,846
4096,3019,692
4096,3020,846
4096,3021,616
4096,3022,693
4096,3023,847
4096,3024,693
4096,3025,846
4096,3026,616
4096,3027,693
4096,3028,693
4096,3029,846
4096,3030,692
4096,3031,846
4096,3032,692
4096,3033,615
4096,3034,846
4096,3035,692
4096,3036,846
4096,3037,692
4096,3038,615
4096,3039,846
4096,3040,692
4096,3041,846
4096,3042,692
4096,3043,615
4096,3044,846
4096,3045,693
4096,3046,847
4096,3047,616
4096,3048,693
4096,3049,847
4096,3050,693
4096,3051,846
4096,3052,846
4096,3053,692
4096,3054,616
4096,3055,846
4096,3056,692
4096,3057,846
4096,3058,692
4096,3059,846
4096,3060,615
4096,3061,692
4096,3062,846
4096,3063,692
4096,3064,692
4096,3065,846
4096,3066,692
4096,3067,615
4096,3068,846
4096,3069,692
4096,3070,846
4096,3071,616
4096,3072,693
4096,3073,847
4096,3074,693
4096,3075,846
4096,3076,616
4096,3077,693
4096,3078,846
4096,3079,615
4096,3080,692
4096,3081,846
4096,3082,692
4096,3083,615
4096,3084,846
4096,3085,692
4096,3086,615
4096,3087,846
4096,3088,692
4096,3089,615
4096,3090,846
4096,3091,692
4096,3092,615
4096,3093,846
4096,3094,692
4096,3095,846
4096,3096,615
4096,3097,692
4096,3098,846
4096,3099,616
4096,3100,692
4096,3101,846
4096,3102,616
4096,3103,693
4096,3104,847
4096,3105,693
4096,3106,616
4096,3107,847
4096,3108,693
4096,3109,616
4096,3110,846
4096,3111,692
4096,3112,846
4096,3113,615
4096,3114,692
4096,3115,846
4096,3116,692
4096,3117,846
4096,3118,692
4096,3119,615
4096,3120,846
4096,3121,692
4096,3122,846
4096,3123,923
4096,3124,846
4096,3125,846
4096,3126,693
4096,3127,847
4096,3128,693
4096,3129,693
4096,3130,847
4096,3131,693
4096,3132,693
4096,3133,846
4096,3134,692
4096,3135,616
4096,3136,846
4096,3137,692
4096,3138,615
4096,3139,846
4096,3140,692
4096,3141,615
4096,3142,615
4096,3143,692
4096,3144,846
4096,3145,615
4096,3146,615
4096,3147,692
4096,3148,846
4096,3149,692
4096,3150,846
4096,3151,615
4096,3152,692
4096,3153,846
4096,3154,692
4096,3155,846
4096,3156,616
4096,3157,693
4096,3158,847
4096,3159,693
4096,3160,616
4096,3161,847
4096,3162,693
4096,3163,616
4096,3164,846
4096,3165,692
4096,3166,846
4096,3167,615
4096,3168,692
4096,3169,846
4096,3170,692
4096,3171,615
4096,3172,846
4096,3173,692
4096,3174,846
4096,3175,692
4096,3176,846
4096,3177,846
4096,3178,692
4096,3179,846
4096,3180,693
4096,3181,616
4096,3182,616
4096,3183,693
4096,3184,847
4096,3185,616
4096,3186,693
4096,3187,846
4096,3188,692
4096,3189,616
4096,3190,846
4096,3191,692
4096,3192,846
4096,3193,692
4096,3194,615
4096,3195,846
4096,3196,692
4096,3197,846
4096,3198,615
4096,3199,615
4096,3200,846
4096,3201,692
4096,3202,846
4096,3203,616
4096,3204,692
4096,3205,846
4096,3206,693
4096,3207,693
4096,3208,847
4096,3209,693
4096,3210,616
4096,3211,847
4096,3212,693
4096,3213,846
4096,3214,692
4096,3215,846
4096,3216,692
4096,3217,846
4096,3218,615
4096,3219,692
4096,3220,846
4096,3221,692
4096,3222,846
4096,3223,692
4096,3224,615
4096,3225,846
4096,3226,693
4096,3227,847
4096,3228,846
4096,3229,693
4096,3230,847
4096,3231,616
4096,3232,693
4096,3233,846
4096,3234,847
4096,3235,693
4096,3236,846
4096,3237,615
4096,3238,692
4096,3239,846
4096,3240,692
4096,3241,846
4096,3242,692
4096,3243,615
4096,3244,846
4096,3245,692
4096,3246,846
4096,3247,846
4096,3248,692
4096,3249,846
4096,3250,615
4096,3251,615
4096,3252,846
4096,3253,693
4096,3254,847
4096,3255,693
4096,3256,616
4096,3257,847
4096,3258,693
4096,3259,846
4096,3260,692
4096,3261,846
4096,3262,923
4096,3263,846
4096,3264,847
4096,3265,693
4096,3266,846
4096,3267,692
4096,3268,615
4096,3269,846
4096,3270,692
4096,3271,846
4096,3272,692
4096,3273,846
4096,3274,846
4096,3275,692
4096,3276,846
4096,3277,692
4096,3278,846
4096,3279,846
4096,3280,692
4096,3281,846
4096,3282,616
4096,3283,693
4096,3284,847
4096,3285,616
4096,3286,693
4096,3287,923
4096,3288,693
4096,3289,846
4096,3290,692
4096,3291,846
4096,3292,615
4096,3293,692
4096,3294,846
4096,3295,692
4096,3296,615
4096,3297,846
4096,3298,692
4096,3299,846
4096,3300,692
4096,3301,615
4096,3302,846
4096,3303,692
4096,3304,692
4096,3305,846
4096,3306,693
4096,3307,847
4096,3308,616
4096,3309,693
4096,3310,847
4096,3311,693
4096,3312,846
4096,3313,615
4096,3314,692
4096,3315,846
4096,3316,692
4096,3317,846
4096,3318,692
4096,3319,846
4096,3320,692
4096,3321,615
4096,3322,846
4096,3323,692
4096,3324,846
4096,3325,616
4096,3326,692
4096,3327,846
4096,3328,616
4096,3329,616
4096,3330,847
4096,3331,693
4096,3332,616
4096,3333,847
4096,3334,693
4096,3335,846
4096,3336,692
4096,3337,615
4096,3338,846
4096,3339,692
4096,3340,846
4096,3341,692
4096,3342,692
4096,3343,846
4096,3344,692
4096,3345,615
4096,3346,846
4096,3347,692
4096,3348,846
4096,3349,615
4096,3350,692
4096,3351,846
4096,3352,693
4096,3353,616
4096,3354,846
4096,3355,693
4096,3356,847
4096,3357,693
4096,3358,693
4096,3359,846
4096,3360,692
4096,3361,616
4096,3362,846
4096,3363,692
4096,3364,846
4096,3365,692
4096,3366,846
4096,3367,692
4096,3368,615
4096,3369,846
4096,3370,692
4096,3371,846
4096,3372,615
4096,3373,692
4096,3374,846
4096,3375,693
4096,3376,847
4096,3377,846
4096,3378,693
4096,3379,847
4096,3380,693
4096,3381,616
4096,3382,846
4096,3383,692
4096,3384,846
4096,3385,692
4096,3386,615
4096,3387,846
4096,3388,692
4096,3389,846
4096,3390,615
4096,3391,692
4096,3392,846
4096,3393,615
4096,3394,692
4096,3395,615
4096,3396,846
4096,3397,692
4096,3398,846
4096,3399,692
4096,3400,846
4096,3401,616
4096,3402,693
4096,3403,847
4096,3404,693
4096,3405,846
4096,3406,692
4096,3407,846
4096,3408,846
4096,3409,692
4096,3410,846
4096,3411,615
4096,3412,692
4096,3413,846
4096,3414,692
4096,3415,846
4096,3416,846
4096,3417,692
4096,3418,846
4096,3419,846
4096,3420,692
4096,3421,846
4096,3422,692
4096,3423,846
4096,3424,616
4096,3425,693
4096,3426,847
4096,3427,693
4096,3428,616
4096,3429,847
4096,3430,693
4096,3431,846
4096,3432,846
4096,3433,692
4096,3434,846
4096,3435,692
4096,3436,615
4096,3437,846
4096,3438,692
4096,3439,615
4096,3440,615
4096,3441,692
4096,3442,846
4096,3443,692
4096,3444,615
4096,3445,846
4096,3446,692
4096,3447,846
4096,3448,616
4096,3449,692
4096,3450,846
4096,3451,693
4096,3452,616
4096,3453,847
4096,3454,693
4096,3455,616
4096,3456,616
4096,3457,693
4096,3458,846
4096,3459,615
4096,3460,615
4096,3461,846
4096,3462,615
4096,3463,692
4096,3464,846
4096,3465,692
4096,3466,615
4096,3467,846
4096,3468,692
4096,3469,846
4096,3470,692
4096,3471,615
4096,3472,846
4096,3473,692
4096,3474,846
4096,3475,923
4096,3476,692
4096,3477,846
4096,3478,693
4096,3479,847
4096,3480,616
4096,3481,693
4096,3482,846
4096,3483,692
4096,3484,846
4096,3485,692
4096,3486,692
4096,3487,846
4096,3488,692
4096,3489,615
4096,3490,846
4096,3491,692
4096,3492,846
4096,3493,846
4096,3494,692
4096,3495,615
4096,3496,846
4096,3497,692
4096,3498,846
4096,3499,692
4096,3500,846
4096,3501,616
4096,3502,693
4096,3503,847
4096,3504,693
4096,3505,846
4096,3506,692
4096,3507,846
4096,3508,615
4096,3509,692
4096,3510,846
4096,3511,692
4096,3512,846
4096,3513,846
4096,3514,692
4096,3515,846
4096,3516,692
4096,3517,846
4096,3518,692
4096,3519,846
4096,3520,693
4096,3521,693
4096,3522,847
4096,3523,693
4096,3524,616
4096,3525,847
4096,3526,693
4096,3527,846
4096,3528,692
4096,3529,615
4096,3530,846
4096,3531,692
4096,3532,846
4096,3533,692
4096,3534,615
4096,3535,846
4096,3536,692
4096,3537,846
4096,3538,692
4096,3539,615
4096,3540,846
4096,3541,692
4096,3542,846
4096,3543,616
4096,3544,693
4096,3545,847
4096,3546,693
4096,3547,616
4096,3548,847
4096,3549,693
4096,3550,846
4096,3551,692
4096,3552,615
4096,3553,846
4096,3554,846
4096,3555,846
4096,3556,615
4096,3557,692
4096,3558,846
4096,3559,1000
4096,3560,846
4096,3561,692
4096,3562,846
4096,3563,692
4096,3564,846
4096,3565,923
4096,3566,692
4096,3567,846
4096,3568,846
4096,3569,692
4096,3570,846
4096,3571,693
4096,3572,847
4096,3573,847
4096,3574,693
4096,3575,846
4096,3576,692
4096,3577,616
4096,3578,846
4096,3579,692
4096,3580,846
4096,3581,615
4096,3582,692
4096,3583,846
4096,3584,692
4096,3585,846
4096,3586,692
4096,3587,846
4096,3588,846
4096,3589,692
4096,3590,615
4096,3591,846
4096,3592,692
4096,3593,846
4096,3594,616
4096,3595,693
4096,3596,847
4096,3597,693
4096,3598,616
4096,3599,847
4096,3600,693
4096,3601,846
4096,3602,692
4096,3603,846
4096,3604,615
4096,3605,692
4096,3606,846
4096,3607,692
4096,3608,846
4096,3609,615
4096,3610,692
4096,3611,846
4096,3612,692
4096,3613,615
4096,3614,846
4096,3615,692
4096,3616,615
4096,3617,846
4096,3618,693
4096,3619,616
4096,3620,616
4096,3621,693
4096,3622,847
4096,3623,693
4096,3624,846
4096,3625,692
4096,3626,615
4096,3627,846
4096,3628,692
4096,3629,846
4096,3630,615
4096,3631,692
4096,3632,846
4096,3633,692
4096,3634,692
4096,3635,846
4096,3636,692
4096,3637,615
4096,3638,846
4096,3639,692
4096,3640,846
4096,3641,846
4096,3642,692
4096,3643,846
4096,3644,616
4096,3645,693
4096,3646,847
4096,3647,616
4096,3648,693
4096,3649,847
4096,3650,693
4096,3651,846
4096,3652,615
4096,3653,692
4096,3654,693
4096,3655,846
4096,3656,692
4096,3657,615
4096,3658,846
4096,3659,692
4096,3660,846
4096,3661,692
4096,3662,615
4096,3663,846
4096,3664,692
4096,3665,846
4096,3666,615
4096,3667,692
4096,3668,846
4096,3669,615
4096,3670,692
4096,3671,846
4096,3672,693
4096,3673,616
4096,3674,846
4096,3675,693
4096,3676,847
4096,3677,847
4096,3678,693
4096,3679,846
4096,3680,692
4096,3681,616
4096,3682,846
4096,3683,692
4096,3684,846
4096,3685,615
4096,3686,692
4096,3687,846
4096,3688,692
4096,3689,615
4096,3690,846
4096,3691,692
4096,3692,846
4096,3693,846
4096,3694,692
4096,3695,846
4096,3696,692
4096,3697,615
4096,3698,846
4096,3699,693
4096,3700,616
4096,3701,846
4096,3702,693
4096,3703,847
4096,3704,616
4096,3705,693
4096,3706,846
4096,3707,692
4096,3708,616
4096,3709,846
4096,3710,692
4096,3711,846
4096,3712,615
4096,3713,692
4096,3714,615
4096,3715,846
4096,3716,692
4096,3717,846
4096,3718,615
4096,3719,692
4096,3720,846
4096,3721,615
4096,3722,692
4096,3723,846
4096,3724,692
4096,3725,615
4096,3726,846
4096,3727,692
4096,3728,846
4096,3729,693
4096,3730,616
4096,3731,847
4096,3732,693
4096,3733,846
4096,3734,692
4096,3735,616
4096,3736,846
4096,3737,692
4096,3738,846
4096,3739,615
4096,3740,692
4096,3741,846
4096,3742,692
4096,3743,846
4096,3744,692
4096,3745,846
4096,3746,692
4096,3747,846
4096,3748,846
4096,3749,693
4096,3750,847
4096,3751,693
4096,3752,846
4096,3753,692
4096,3754,616
4096,3755,846
4096,3756,692
4096,3757,615
4096,3758,846
4096,3759,692
4096,3760,846
4096,3761,615
4096,3762,692
4096,3763,846
4096,3764,692
4096,3765,615
4096,3766,846
4096,3767,692
4096,3768,846
4096,3769,615
4096,3770,692
4096,3771,615
4096,3772,846
4096,3773,1307
4096,3774,846
4096,3775,693
4096,3776,847
4096,3777,693
4096,3778,846
4096,3779,692
4096,3780,846
4096,3781,615
4096,3782,615
4096,3783,846
4096,3784,692
4096,3785,846
4096,3786,615
4096,3787,692
4096,3788,846
4096,3789,692
4096,3790,846
4096,3791,615
4096,3792,692
4096,3793,846
4096,3794,693
4096,3795,847
4096,3796,693
4096,3797,616
4096,3798,847
4096,3799,923
4096,3800,846
4096,3801,692
4096,3802,846
4096,3803,692
4096,3804,615
4096,3805,846
4096,3806,692
4096,3807,846
4096,3808,692
4096,3809,846
4096,3810,692
4096,3811,615
4096,3812,846
4096,3813,693
4096,3814,847
4096,3815,693
4096,3816,616
4096,3817,847
4096,3818,693
4096,3819,846
4096,3820,615
4096,3821,692
4096,3822,846
4096,3823,692
4096,3824,846
4096,3825,846
4096,3826,692
4096,3827,846
4096,3828,615
4096,3829,615
4096,3830,846
4096,3831,692
4096,3832,692
4096,3833,846
4096,3834,692
4096,3835,846
4096,3836,616
4096,3837,692
4096,3838,615
4096,3839,846
4096,3840,693
4096,3841,847
4096,3842,616
4096,3843,693
4096,3844,847
4096,3845,693
4096,3846,616
4096,3847,923
4096,3848,846
4096,3849,692
4096,3850,846
4096,3851,693
4096,3852,847
4096,3853,693
4096,3854,846
4096,3855,692
4096,3856,616
4096,3857,846
4096,3858,692
4096,3859,846
4096,3860,615
4096,3861,692
4096,3862,846
4096,3863,615
4096,3864,692
4096,3865,846
4096,3866,615
4096,3867,846
4096,3868,692
4096,3869,692
4096,3870,128307
4096,3871,1538
4096,3872,774385
4096,3873,2462
4096,3874,2231
4096,3875,2154
4096,3876,2154
4096,3877,2154
4096,3878,2231
4096,3879,2538
4096,3880,2077
4096,3881,1539
4096,3882,2154
4096,3883,2154
4096,3884,2076
4096,3885,2462
4096,3886,2154
4096,3887,1846
4096,3888,1231
4096,3889,693
4096,3890,846
4096,3891,692
4096,3892,846
4096,3893,692
4096,3894,846
4096,3895,846
4096,3896,692
4096,3897,846
4096,3898,615
4096,3899,692
4096,3900,615
4096,3901,692
4096,3902,846
4096,3903,693
4096,3904,847
4096,3905,616
4096,3906,693
4096,3907,847
4096,3908,616
4096,3909,846
4096,3910,692
4096,3911,615
4096,3912,846
4096,3913,692
4096,3914,846
4096,3915,692
4096,3916,846
4096,3917,692
4096,3918,846
4096,3919,692
4096,3920,846
4096,3921,616
4096,3922,693
4096,3923,693
4096,3924,693
4096,3925,846
4096,3926,692
4096,3927,616
4096,3928,846
4096,3929,692
4096,3930,846
4096,3931,692
4096,3932,846
4096,3933,615
4096,3934,66846
4096,3935,1769
4096,3936,923
4096,3937,1231
4096,3938,1231
4096,3939,1231
4096,3940,1000
4096,3941,1000
4096,3942,1154
4096,3943,1000
4096,3944,923
4096,3945,693
4096,3946,923
4096,3947,923
4096,3948,846
4096,3949,1000
4096,3950,846
4096,3951,692
4096,3952,846
4096,3953,692
4096,3954,615
4096,3955,692
4096,3956,846
4096,3957,692
4096,3958,846
4096,3959,692
4096,3960,846
4096,3961,693
4096,3962,847
4096,3963,693
4096,3964,846
4096,3965,615
4096,3966,692
4096,3967,846
4096,3968,615
4096,3969,846
4096,3970,692
4096,3971,846
4096,3972,846
4096,3973,616
4096,3974,616
4096,3975,846
4096,3976,693
4096,3977,847
4096,3978,693
4096,3979,616
4096,3980,846
4096,3981,692
4096,3982,846
4096,3983,692
4096,3984,692
4096,3985,846
4096,3986,846
4096,3987,692
4096,3988,846
4096,3989,615
4096,3990,692
4096,3991,616
4096,3992,693
4096,3993,847
4096,3994,693
4096,3995,692
4096,3996,615
4096,3997,615
4096,3998,692
4096,3999,1154
4096,4000,693
4096,4001,847
4096,4002,693
4096,4003,846
4096,4004,846
4096,4005,692
4096,4006,846
4096,4007,615
4096,4008,692
4096,4009,615
4096,4010,692
4096,4011,846
4096,4012,693
4096,4013,847
4096,4014,693
4096,4015,616
4096,4016,847
4096,4017,693
4096,4018,846
4096,4019,692
4096,4020,846
4096,4021,615
4096,4022,692
4096,4023,846
4096,4024,692
4096,4025,692
4096,4026,846
4096,4027,615
4096,4028,846
4096,4029,692
4096,4030,846
4096,4031,693
4096,4032,847
4096,4033,616
4096,4034,693
4096,4035,847
4096,4036,846
4096,4037,615
4096,4038,692
4096,4039,846
4096,4040,615
4096,4041,846
4096,4042,692
4096,4043,615
4096,4044,846
4096,4045,692
4096,4046,846
4096,4047,692
4096,4048,846
4096,4049,693
4096,4050,847
4096,4051,693
4096,4052,846
4096,4053,615
4096,4054,923
4096,4055,615
4096,4056,692
4096,4057,846
4096,4058,692
4096,4059,846
4096,4060,692
4096,4061,846
4096,4062,615
4096,4063,692
4096,4064,616
4096,4065,693
4096,4066,32847
4096,4067,1000
4096,4068,693
4096,4069,847
4096,4070,693
4096,4071,846
4096,4072,616
4096,4073,846
4096,4074,692
4096,4075,692
4096,4076,692
4096,4077,692
4096,4078,846
4096,4079,693
4096,4080,847
4096,4081,693
4096,4082,692
4096,4083,846
4096,4084,615
4096,4085,692
4096,4086,692
4096,4087,846
4096,4088,615
4096,4089,692
4096,4090,846
4096,4091,692
4096,4092,846
4096,4093,616
4096,4094,693
4096,4095,847
4096,4096,693
4096,4097,846
4096,4098,692
4096,4099,846
4096,4100,692
4096,4101,846
4096,4102,615
4096,4103,692
4096,4104,615
4096,4105,2077
4096,4106,693
4096,4107,846
4096,4108,692
4096,4109,846
4096,4110,692
4096,4111,846
4096,4112,692
4096,4113,846
4096,4114,692
4096,4115,615
4096,4116,846
4096,4117,692
4096,4118,616
4096,4119,924
4096,4120,847
4096,4121,693
4096,4122,846
4096,4123,615
4096,4124,846
4096,4125,692
4096,4126,846
4096,4127,615
4096,4128,692
4096,4129,846
4096,4130,615
4096,4131,923
4096,4132,692
4096,4133,615
4096,4134,846
4096,4135,692
4096,4136,846
4096,4137,1000
4096,4138,692
4096,4139,846
4096,4140,847
4096,4141,923
4096,4142,923
4096,4143,692
4096,4144,846
4096,4145,692
4096,4146,923
4096,4147,847
4096,4148,923
4096,4149,692
4096,4150,923
4096,4151,615
4096,4152,692
4096,4153,923
4096,4154,615
4096,4155,846
4096,4156,692
4096,4157,692
4096,4158,846
4096,4159,692
4096,4160,846
4096,4161,616
4096,4162,692
4096,4163,846
4096,4164,693
4096,4165,693
4096,4166,847
4096,4167,693
4096,4168,846
4096,4169,692
4096,4170,616
4096,4171,846
4096,4172,692
4096,4173,615
4096,4174,846
4096,4175,692
4096,4176,846
4096,4177,692
4096,4178,615
4096,4179,846
4096,4180,692
4096,4181,846
4096,4182,846
4096,4183,692
4096,4184,846
4096,4185,615
4096,4186,692
4096,4187,846
4096,4188,616
4096,4189,692
4096,4190,846
4096,4191,693
4096,4192,847
4096,4193,847
4096,4194,693
4096,4195,846
4096,4196,692
4096,4197,693
4096,4198,846
4096,4199,692
4096,4200,846
4096,4201,692
4096,4202,615
4096,4203,846
4096,4204,692
4096,4205,846
4096,4206,846
4096,4207,692
4096,4208,846
4096,4209,692
4096,4210,615
4096,4211,846
4096,4212,692
4096,4213,846
4096,4214,693
4096,4215,616
4096,4216,847
4096,4217,693
4096,4218,616
4096,4219,847
4096,4220,693
4096,4221,846
4096,4222,615
4096,4223,692
4096,4224,846
4096,4225,692
4096,4226,615
4096,4227,846
4096,4228,692
4096,4229,846
4096,4230,615
4096,4231,923
4096,4232,846
4096,4233,692
4096,4234,846
4096,4235,692
4096,4236,615
4096,4237,846
4096,4238,693
4096,4239,847
4096,4240,693
4096,4241,693
4096,4242,847
4096,4243,693
4096,4244,846
4096,4245,615
4096,4246,692
4096,4247,846
4096,4248,615
4096,4249,692
4096,4250,846
4096,4251,692
4096,4252,615
4096,4253,846
4096,4254,692
4096,4255,846
4096,4256,846
4096,4257,692
4096,4258,846
4096,4259,615
4096,4260,692
4096,4261,846
4096,4262,692
4096,4263,846
4096,4264,846
4096,4265,693
4096,4266,847
4096,4267,693
4096,4268,616
4096,4269,847
4096,4270,693
4096,4271,616
4096,4272,846
4096,4273,692
4096,4274,846
4096,4275,692
4096,4276,615
4096,4277,846
4096,4278,692
4096,4279,846
4096,4280,615
4096,4281,692
4096,4282,846
4096,4283,615
4096,4284,692
4096,4285,846
4096,4286,692
4096,4287,692
4096,4288,846
4096,4289,692
4096,4290,846
4096,4291,846
4096,4292,693
4096,4293,847
4096,4294,693
4096,4295,693
4096,4296,847
4096,4297,693
4096,4298,616
4096,4299,846
4096,4300,692
4096,4301,616
4096,4302,846
4096,4303,692
4096,4304,846
4096,4305,692
4096,4306,692
4096,4307,846
4096,4308,692
4096,4309,615
4096,4310,846
4096,4311,692
4096,4312,846
4096,4313,615
4096,4314,692
4096,4315,846
4096,4316,692
4096,4317,692
4096,4318,846
4096,4319,693
4096,4320,847
4096,4321,616
4096,4322,693
4096,4323,847
4096,4324,693
4096,4325,616
4096,4326,846
4096,4327,692
4096,4328,616
4096,4329,846
4096,4330,692
4096,4331,615
4096,4332,846
4096,4333,692
4096,4334,615
4096,4335,846
4096,4336,692
4096,4337,846
4096,4338,615
4096,4339,846
4096,4340,615
4096,4341,692
4096,4342,846
4096,4343,692
4096,4344,615
4096,4345,846
4096,4346,693
4096,4347,616
4096,4348,846
4096,4349,693
4096,4350,616
4096,4351,847
4096,4352,693
4096,4353,616
4096,4354,847
4096,4355,693
4096,4356,846
4096,4357,692
4096,4358,846
4096,4359,692
4096,4360,615
4096,4361,846
4096,4362,692
4096,4363,846
4096,4364,692
4096,4365,692
4096,4366,846
4096,4367,692
4096,4368,846
4096,4369,616
4096,4370,692
4096,4371,846
4096,4372,693
4096,4373,847
4096,4374,847
4096,4375,693
4096,4376,846
4096,4377,847
4096,4378,693
4096,4379,616
4096,4380,846
4096,4381,692
4096,4382,616
4096,4383,846
4096,4384,692
4096,4385,846
4096,4386,692
4096,4387,846
4096,4388,692
4096,4389,615
4096,4390,615
4096,4391,692
4096,4392,846
4096,4393,615
4096,4394,692
4096,4395,846
4096,4396,693
4096,4397,847
4096,4398,693
4096,4399,616
4096,4400,847
4096,4401,693
4096,4402,846
4096,4403,692
4096,4404,692
4096,4405,846
4096,4406,692
4096,4407,846
4096,4408,846
4096,4409,692
4096,4410,846
4096,4411,692
4096,4412,615
4096,4413,846
4096,4414,692
4096,4415,846
4096,4416,692
4096,4417,692
4096,4418,846
4096,4419,693
4096,4420,847
4096,4421,616
4096,4422,693
4096,4423,847
4096,4424,693
4096,4425,693
4096,4426,846
4096,4427,692
4096,4428,616
4096,4429,923
4096,4430,692
4096,4431,846
4096,4432,692
4096,4433,846
4096,4434,615
4096,4435,692
4096,4436,846
4096,4437,616
4096,4438,2230
4096,4439,923
4096,4440,846
4096,4441,692
4096,4442,846
4096,4443,692
4096,4444,846
4096,4445,692
4096,4446,846
4096,4447,692
4096,4448,615
4096,4449,846
4096,4450,693
4096,4451,847
4096,4452,616
4096,4453,693
4096,4454,616
4096,4455,847
4096,4456,693
4096,4457,846
4096,4458,616
4096,4459,693
4096,4460,846
4096,4461,615
4096,4462,692
4096,4463,846
4096,4464,692
4096,4465,615
4096,4466,846
4096,4467,692
4096,4468,846
4096,4469,615
4096,4470,692
4096,4471,846
4096,4472,615
4096,4473,692
4096,4474,846
4096,4475,692
4096,4476,615
4096,4477,846
4096,4478,692
4096,4479,923
4096,4480,693
4096,4481,847
4096,4482,693
4096,4483,846
4096,4484,615
4096,4485,692
4096,4486,846
4096,4487,692
4096,4488,846
4096,4489,615
4096,4490,692
4096,4491,846
4096,4492,692
4096,4493,615
4096,4494,846
4096,4495,692
4096,4496,846
4096,4497,615
4096,4498,692
4096,4499,846
4096,4500,693
4096,4501,692
4096,4502,846
4096,4503,616
4096,4504,693
4096,4505,847
4096,4506,693
4096,4507,616
4096,4508,847
4096,4509,693
4096,4510,616
4096,4511,846
4096,4512,692
4096,4513,616
4096,4514,846
4096,4515,692
4096,4516,615
4096,4517,846
4096,4518,692
4096,4519,846
4096,4520,692
4096,4521,692
4096,4522,846
4096,4523,692
4096,4524,692
4096,4525,846
4096,4526,692
4096,4527,846
4096,4528,692
4096,4529,615
4096,4530,846
4096,4531,693
4096,4532,616
4096,4533,846
4096,4534,693
4096,4535,847
4096,4536,616
4096,4537,693
4096,4538,846
4096,4539,692
4096,4540,846
4096,4541,923
4096,4542,846
4096,4543,615
4096,4544,692
4096,4545,846
4096,4546,692
4096,4547,615
4096,4548,846
4096,4549,615
4096,4550,692
4096,4551,846
4096,4552,615
4096,4553,692
4096,4554,846
4096,4555,615
4096,4556,692
4096,4557,846
4096,4558,616
4096,4559,692
4096,4560,846
4096,4561,693
4096,4562,616
4096,4563,847
4096,4564,693
4096,4565,846
4096,4566,692
4096,4567,846
4096,4568,615
4096,4569,692
4096,4570,846
4096,4571,846
4096,4572,692
4096,4573,846
4096,4574,615
4096,4575,692
4096,4576,846
4096,4577,692
4096,4578,692
4096,4579,846
4096,4580,692
4096,4581,846
4096,4582,615
4096,4583,692
4096,4584,846
4096,4585,616
4096,4586,692
4096,4587,846
4096,4588,616
4096,4589,693
4096,4590,847
4096,4591,693
4096,4592,693
4096,4593,847
4096,4594,693
4096,4595,846
4096,4596,846
4096,4597,692
4096,4598,846
4096,4599,615
4096,4600,923
4096,4601,692
4096,4602,692
4096,4603,846
4096,4604,692
4096,4605,692
4096,4606,846
4096,4607,692
4096,4608,846
4096,4609,615
4096,4610,692
4096,4611,846
4096,4612,616
4096,4613,692
4096,4614,846
4096,4615,693
4096,4616,847
4096,4617,847
4096,4618,693
4096,4619,846
4096,4620,616
4096,4621,616
4096,4622,846
4096,4623,692
4096,4624,846
4096,4625,846
4096,4626,692
4096,4627,846
4096,4628,615
4096,4629,692
4096,4630,692
4096,4631,846
4096,4632,692
4096,4633,615
4096,4634,846
4096,4635,692
4096,4636,615
4096,4637,846
4096,4638,692
4096,4639,615
4096,4640,846
4096,4641,692
4096,4642,846
4096,4643,693
4096,4644,616
4096,4645,846
4096,4646,693
4096,4647,847
4096,4648,616
4096,4649,693
4096,4650,846
4096,4651,692
4096,4652,846
4096,4653,615
4096,4654,692
4096,4655,846
4096,4656,692
4096,4657,615
4096,4658,846
4096,4659,692
4096,4660,1538
4096,4661,692
4096,4662,846
4096,4663,692
4096,4664,615
4096,4665,846
4096,4666,692
4096,4667,846
4096,4668,693
4096,4669,847
4096,4670,693
4096,4671,616
4096,4672,615
4096,4673,692
4096,4674,846
4096,4675,692
4096,4676,615
4096,4677,846
4096,4678,692
4096,4679,615
4096,4680,846
4096,4681,692
4096,4682,615
4096,4683,846
4096,4684,692
4096,4685,846
4096,4686,615
4096,4687,692
4096,4688,846
4096,4689,615
4096,4690,692
4096,4691,846
4096,4692,693
4096,4693,847
4096,4694,616
4096,4695,693
4096,4696,847
4096,4697,693
4096,4698,846
4096,4699,846
4096,4700,692
4096,4701,846
4096,4702,692
4096,4703,692
4096,4704,846
4096,4705,692
4096,4706,615
4096,4707,846
4096,4708,692
4096,4709,846
4096,4710,692
4096,4711,846
4096,4712,692
4096,4713,615
4096,4714,616
4096,4715,693
4096,4716,847
4096,4717,693
4096,4718,846
4096,4719,692
4096,4720,846
4096,4721,846
4096,4722,693
4096,4723,615
4096,4724,692
4096,4725,846
4096,4726,846
4096,4727,692
4096,4728,846
4096,4729,692
4096,4730,846
4096,4731,846
4096,4732,692
4096,4733,846
4096,4734,692
4096,4735,846
4096,4736,615
4096,4737,692
4096,4738,846
4096,4739,693
4096,4740,616
4096,4741,846
4096,4742,693
4096,4743,847
4096,4744,616
4096,4745,693
4096,4746,846
4096,4747,692
4096,4748,846
4096,4749,615
4096,4750,692
4096,4751,846
4096,4752,692
4096,4753,615
4096,4754,846
4096,4755,692
4096,4756,615
4096,4757,846
4096,4758,692
4096,4759,846
4096,4760,692
4096,4761,615
4096,4762,846
4096,4763,692
4096,4764,846
4096,4765,616
4096,4766,693
4096,4767,847
4096,4768,693
4096,4769,846
4096,4770,616
4096,4771,693
4096,4772,846
4096,4773,692
4096,4774,615
4096,4775,846
4096,4776,692
4096,4777,615
4096,4778,846
4096,4779,692
4096,4780,846
4096,4781,692
4096,4782,615
4096,4783,846
4096,4784,692
4096,4785,846
4096,4786,615
4096,4787,692
4096,4788,846
4096,4789,693
4096,4790,616
4096,4791,846
4096,4792,693
4096,4793,847
4096,4794,616
4096,4795,693
4096,4796,616
4096,4797,847
4096,4798,693
4096,4799,846
4096,4800,615
4096,4801,692
4096,4802,846
4096,4803,615
4096,4804,692
4096,4805,846
4096,4806,692
4096,4807,615
4096,4808,846
4096,4809,692
4096,4810,846
4096,4811,615
4096,4812,692
4096,4813,846
4096,4814,692
4096,4815,615
4096,4816,846
4096,4817,692
4096,4818,846
4096,4819,616
4096,4820,693
4096,4821,847
4096,4822,693
4096,4823,693
4096,4824,847
4096,4825,693
4096,4826,846
4096,4827,615
4096,4828,692
4096,4829,846
4096,4830,615
4096,4831,692
4096,4832,846
4096,4833,692
4096,4834,615
4096,4835,846
4096,4836,692
4096,4837,615
4096,4838,846
4096,4839,692
4096,4840,846
4096,4841,615
4096,4842,692
4096,4843,846
4096,4844,692
4096,4845,692
4096,4846,846
4096,4847,693
4096,4848,847
4096,4849,693
4096,4850,616
4096,4851,847
4096,4852,693
4096,4853,846
4096,4854,615
4096,4855,692
4096,4856,846
4096,4857,692
4096,4858,692
4096,4859,846
4096,4860,615
4096,4861,692
4096,4862,846
4096,4863,692
4096,4864,846
4096,4865,846
4096,4866,692
4096,4867,846
4096,4868,692
4096,4869,615
4096,4870,846
4096,4871,692
4096,4872,846
4096,4873,616
4096,4874,693
4096,4875,847
4096,4876,616
4096,4877,693
4096,4878,847
4096,4879,693
4096,4880,616
4096,4881,846
4096,4882,692
4096,4883,616
4096,4884,846
4096,4885,692
4096,4886,615
4096,4887,846
4096,4888,692
4096,4889,846
4096,4890,615
4096,4891,692
4096,4892,846
4096,4893,615
4096,4894,615
4096,4895,846
4096,4896,692
4096,4897,615
4096,4898,846
4096,4899,692
4096,4900,846
4096,4901,693
4096,4902,616
4096,4903,923
4096,4904,616
4096,4905,847
4096,4906,693
4096,4907,846
4096,4908,846
4096,4909,692
4096,4910,846
4096,4911,615
4096,4912,692
4096,4913,846
4096,4914,692
4096,4915,846
4096,4916,692
4096,4917,692
4096,4918,846
4096,4919,692
4096,4920,615
4096,4921,846
4096,4922,692
4096,4923,846
4096,4924,693
4096,4925,847
4096,4926,616
4096,4927,693
4096,4928,847
4096,4929,693
4096,4930,846
4096,4931,692
4096,4932,692
4096,4933,846
4096,4934,692
4096,4935,846
4096,4936,692
4096,4937,615
4096,4938,846
4096,4939,692
4096,4940,846
4096,4941,692
4096,4942,692
4096,4943,846
4096,4944,692
4096,4945,846
4096,4946,616
4096,4947,693
4096,4948,847
4096,4949,693
4096,4950,616
4096,4951,847
4096,4952,693
4096,4953,846
4096,4954,692
4096,4955,615
4096,4956,846
4096,4957,692
4096,4958,846
4096,4959,692
4096,4960,846
4096,4961,846
4096,4962,692
4096,4963,846
4096,4964,615
4096,4965,692
4096,4966,846
4096,4967,692
4096,4968,615
4096,4969,846
4096,4970,693
4096,4971,847
4096,4972,693
4096,4973,693
4096,4974,847
4096,4975,693
4096,4976,846
4096,4977,615
4096,4978,692
4096,4979,846
4096,4980,692
4096,4981,615
4096,4982,846
4096,4983,692
4096,4984,846
4096,4985,615
4096,4986,692
4096,4987,846
4096,4988,692
4096,4989,692
4096,4990,846
4096,4991,692
4096,4992,846
4096,4993,616
4096,4994,692
4096,4995,846
4096,4996,616
4096,4997,693
4096,4998,847
4096,4999,616
4096,5000,693
4096,5001,847
4096,5002,616
4096,5003,693
4096,5004,846
4096,5005,847
4096,5006,693
4096,5007,846
4096,5008,692
4096,5009,846
4096,5010,846
4096,5011,692
4096,5012,158385
4096,5013,1000
4096,5014,1230
4096,5015,923
4096,5016,1000
4096,5017,923
4096,5018,846
4096,5019,923
4096,5020,1000
4096,5021,924
4096,5022,923
4096,5023,1231
4096,5024,924
4096,5025,923
4096,5026,1154
4096,5027,923
4096,5028,693
4096,5029,616
4096,5030,847
4096,5031,923
4096,5032,615
4096,5033,692
4096,5034,846
4096,5035,692
4096,5036,846
4096,5037,615
4096,5038,692
4096,5039,846
4096,5040,692
4096,5041,846
4096,5042,615
4096,5043,692
4096,5044,846
4096,5045,616
4096,5046,692
4096,5047,846
4096,5048,693
4096,5049,616
4096,5050,847
4096,5051,693
4096,5052,616
4096,5053,847
4096,5054,693
4096,5055,846
4096,5056,615
4096,5057,692
4096,5058,846
4096,5059,692
4096,5060,846
4096,5061,692
4096,5062,846
4096,5063,615
4096,5064,692
4096,5065,846
4096,5066,615
4096,5067,692
4096,5068,846
4096,5069,692
4096,5070,615
4096,5071,846
4096,5072,693
4096,5073,847
4096,5074,693
4096,5075,846
4096,5076,616
4096,5077,693
4096,5078,846
4096,5079,692
4096,5080,615
4096,5081,846
4096,5082,692
4096,5083,846
4096,5084,692
4096,5085,692
4096,5086,846
4096,5087,615
4096,5088,692
4096,5089,846
4096,5090,615
4096,5091,692
4096,5092,846
4096,5093,692
4096,5094,846
4096,5095,616
4096,5096,692
4096,5097,846
4096,5098,616
4096,5099,693
4096,5100,847
4096,5101,616
4096,5102,693
4096,5103,847
4096,5104,693
4096,5105,616
4096,5106,846
4096,5107,692
4096,5108,846
4096,5109,615
4096,5110,615
4096,5111,846
4096,5112,692
4096,5113,846
4096,5114,846
4096,5115,692
4096,5116,846
4096,5117,692
4096,5118,615
4096,5119,846
4096,5120,692
4096,5121,846
4096,5122,693
4096,5123,692
4096,5124,846
4096,5125,693
4096,5126,847
4096,5127,693
4096,5128,616
4096,5129,615
4096,5130,692
4096,5131,692
4096,5132,692
4096,5133,846
4096,5134,692
4096,5135,846
4096,5136,846
4096,5137,692
4096,5138,846
4096,5139,615
4096,5140,692
4096,5141,846
4096,5142,615
4096,5143,692
4096,5144,846
4096,5145,693
4096,5146,847
4096,5147,693
4096,5148,616
4096,5149,847
4096,5150,693
4096,5151,846
4096,5152,692
4096,5153,846
4096,5154,615
4096,5155,692
4096,5156,846
4096,5157,692
4096,5158,615
4096,5159,846
4096,5160,692
4096,5161,846
4096,5162,615
4096,5163,692
4096,5164,846
4096,5165,692
4096,5166,615
4096,5167,846
4096,5168,693
4096,5169,616
4096,5170,616
4096,5171,693
4096,5172,847
4096,5173,693
4096,5174,846
4096,5175,846
4096,5176,692
4096,5177,846
4096,5178,615
4096,5179,692
4096,5180,846
4096,5181,692
4096,5182,615
4096,5183,846
4096,5184,692
4096,5185,615
4096,5186,846
4096,5187,692
4096,5188,846
4096,5189,692
4096,5190,615
4096,5191,616
4096,5192,692
4096,5193,846
4096,5194,616
4096,5195,693
4096,5196,847
4096,5197,693
4096,5198,846
4096,5199,692
4096,5200,616
4096,5201,615
4096,5202,692
4096,5203,846
4096,5204,692
4096,5205,615
4096,5206,846
4096,5207,692
4096,5208,846
4096,5209,692
4096,5210,692
4096,5211,846
4096,5212,692
4096,5213,846
4096,5214,846
4096,5215,692
4096,5216,846
4096,5217,693
4096,5218,616
4096,5219,847
4096,5220,693
4096,5221,846
4096,5222,616
4096,5223,923
4096,5224,615
4096,5225,692
4096,5226,846
4096,5227,692
4096,5228,692
4096,5229,846
4096,5230,692
4096,5231,846
4096,5232,692
4096,5233,692
4096,5234,846
4096,5235,692
4096,5236,846
4096,5237,846
4096,5238,692
4096,5239,846
4096,5240,616
4096,5241,693
4096,5242,847
4096,5243,693
4096,5244,846
4096,5245,616
4096,5246,693
4096,5247,846
4096,5248,846
4096,5249,692
4096,5250,616
4096,5251,846
4096,5252,692
4096,5253,615
4096,5254,846
4096,5255,692
4096,5256,846
4096,5257,692
4096,5258,615
4096,5259,846
4096,5260,692
4096,5261,846
4096,5262,692
4096,5263,615
4096,5264,846
4096,5265,692
4096,5266,615
4096,5267,846
4096,5268,693
4096,5269,847
4096,5270,616
4096,5271,693
4096,5272,847
4096,5273,616
4096,5274,693
4096,5275,846
4096,5276,692
4096,5277,846
4096,5278,615
4096,5279,692
4096,5280,846
4096,5281,615
4096,5282,692
4096,5283,846
4096,5284,615
4096,5285,692
4096,5286,846
4096,5287,692
4096,5288,692
4096,5289,846
4096,5290,692
4096,5291,692
4096,5292,846
4096,5293,692
4096,5294,846
4096,5295,693
4096,5296,847
4096,5297,616
4096,5298,693
4096,5299,847
4096,5300,693
4096,5301,846
4096,5302,846
4096,5303,692
4096,5304,846
4096,5305,692
4096,5306,923
4096,5307,846
4096,5308,692
4096,5309,846
4096,5310,693
4096,5311,847
4096,5312,693
4096,5313,846
4096,5314,692
4096,5315,923
4096,5316,615
4096,5317,692
4096,5318,846
4096,5319,692
4096,5320,615
4096,5321,846
4096,5322,692
4096,5323,846
4096,5324,615
4096,5325,692
4096,5326,846
4096,5327,692
4096,5328,846
4096,5329,846
4096,5330,692
4096,5331,846
4096,5332,693
4096,5333,616
4096,5334,847
4096,5335,693
4096,5336,846
4096,5337,847
4096,5338,693
4096,5339,846
4096,5340,692
4096,5341,615
4096,5342,846
4096,5343,692
4096,5344,615
4096,5345,846
4096,5346,692
4096,5347,615
4096,5348,846
4096,5349,692
4096,5350,846
4096,5351,615
4096,5352,692
4096,5353,846
4096,5354,692
4096,5355,846
4096,5356,616
4096,5357,692
4096,5358,846
4096,5359,693
4096,5360,847
4096,5361,616
4096,5362,693
4096,5363,846
4096,5364,692
4096,5365,616
4096,5366,846
4096,5367,692
4096,5368,846
4096,5369,615
4096,5370,692
4096,5371,846
4096,5372,692
4096,5373,846
4096,5374,615
4096,5375,692
4096,5376,846
4096,5377,692
4096,5378,615
4096,5379,846
4096,5380,692
4096,5381,846
4096,5382,693
4096,5383,616
4096,5384,847
4096,5385,693
4096,5386,846
4096,5387,692
4096,5388,693
4096,5389,846
4096,5390,692
4096,5391,846
4096,5392,615
4096,5393,692
4096,5394,846
4096,5395,692
4096,5396,846
4096,5397,615
4096,5398,692
4096,5399,846
4096,5400,615
4096,5401,692
4096,5402,846
4096,5403,692
4096,5404,692
4096,5405,846
4096,5406,693
4096,5407,616
4096,5408,846
4096,5409,693
4096,5410,847
4096,5411,847
4096,5412,693
4096,5413,846
4096,5414,616
4096,5415,693
4096,5416,846
4096,5417,692
4096,5418,846
4096,5419,692
4096,5420,615
4096,5421,846
4096,5422,692
4096,5423,846
4096,5424,692
4096,5425,615
4096,5426,846
4096,5427,692
4096,5428,615
4096,5429,846
4096,5430,615
4096,5431,692
4096,5432,846
4096,5433,693
4096,5434,847
4096,5435,693
4096,5436,616
4096,5437,847
4096,5438,693
4096,5439,616
4096,5440,846
4096,5441,692
4096,5442,846
4096,5443,846
4096,5444,692
4096,5445,846
4096,5446,692
4096,5447,846
4096,5448,615
4096,5449,692
4096,5450,846
4096,5451,692
4096,5452,615
4096,5453,846
4096,5454,692
4096,5455,846
4096,5456,693
4096,5457,616
4096,5458,846
4096,5459,693
4096,5460,847
4096,5461,693
4096,5462,846
4096,5463,615
4096,5464,692
4096,5465,846
4096,5466,615
4096,5467,692
4096,5468,846
4096,5469,692
4096,5470,615
4096,5471,846
4096,5472,692
4096,5473,615
4096,5474,615
4096,5475,692
4096,5476,846
4096,5477,692
4096,5478,846
4096,5479,616
4096,5480,692
4096,5481,615
4096,5482,846
4096,5483,693
4096,5484,847
4096,5485,616
4096,5486,616
4096,5487,847
4096,5488,693
4096,5489,846
4096,5490,692
4096,5491,846
4096,5492,615
4096,5493,692
4096,5494,846
4096,5495,692
4096,5496,846
4096,5497,846
4096,5498,692
4096,5499,846
4096,5500,615
4096,5501,692
4096,5502,846
4096,5503,692
4096,5504,846
4096,5505,616
4096,5506,693
4096,5507,847
4096,5508,693
4096,5509,846
4096,5510,616
4096,5511,693
4096,5512,846
4096,5513,692
4096,5514,615
4096,5515,846
4096,5516,692
4096,5517,846
4096,5518,692
4096,5519,615
4096,5520,846
4096,5521,692
4096,5522,846
4096,5523,692
4096,5524,846
4096,5525,923
4096,5526,616
4096,5527,846
4096,5528,693
4096,5529,847
4096,5530,616
4096,5531,693
4096,5532,846
4096,5533,692
4096,5534,616
4096,5535,846
4096,5536,692
4096,5537,846
4096,5538,615
4096,5539,692
4096,5540,846
4096,5541,692
4096,5542,615
4096,5543,846
4096,5544,692
4096,5545,846
4096,5546,615
4096,5547,692
4096,5548,846
4096,5549,846
4096,5550,692
4096,5551,846
4096,5552,616
4096,5553,692
4096,5554,846
4096,5555,846
4096,5556,693
4096,5557,847
4096,5558,616
4096,5559,693
4096,5560,847
4096,5561,693
4096,5562,616
4096,5563,846
4096,5564,692
4096,5565,846
4096,5566,615
4096,5567,692
4096,5568,846
4096,5569,692
4096,5570,615
4096,5571,846
4096,5572,692
4096,5573,615
4096,5574,846
4096,5575,692
4096,5576,846
4096,5577,692
4096,5578,615
4096,5579,846
4096,5580,692
4096,5581,846
4096,5582,693
4096,5583,616
4096,5584,924
4096,5585,616
4096,5586,846
4096,5587,846
4096,5588,615
4096,5589,692
4096,5590,846
4096,5591,692
4096,5592,846
4096,5593,615
4096,5594,692
4096,5595,846
4096,5596,692
4096,5597,615
4096,5598,846
4096,5599,923
4096,5600,616
4096,5601,615
4096,5602,692
4096,5603,846
4096,5604,692
4096,5605,846
4096,5606,692
4096,5607,846
4096,5608,615
4096,5609,692
4096,5610,846
4096,5611,692
4096,5612,846
4096,5613,693
4096,5614,616
4096,5615,846
4096,5616,693
4096,5617,847
4096,5618,616
4096,5619,616
4096,5620,846
4096,5621,692
4096,5622,616
4096,5623,923
4096,5624,615
4096,5625,846
4096,5626,692
4096,5627,846
4096,5628,615
4096,5629,692
4096,5630,846
4096,5631,692
4096,5632,615
4096,5633,846
4096,5634,692
4096,5635,846
4096,5636,693
4096,5637,692
4096,5638,846
4096,5639,693
4096,5640,847
4096,5641,693
4096,5642,846
4096,5643,692
4096,5644,615
4096,5645,846
4096,5646,692
4096,5647,846
4096,5648,692
4096,5649,615
4096,5650,846
4096,5651,692
4096,5652,615
4096,5653,846
4096,5654,692
4096,5655,615
4096,5656,846
4096,5657,692
4096,5658,846
4096,5659,616
4096,5660,692
4096,5661,846
4096,5662,693
4096,5663,616
4096,5664,847
4096,5665,693
4096,5666,616
4096,5667,847
4096,5668,693
4096,5669,846
4096,5670,615
4096,5671,692
4096,5672,846
4096,5673,692
4096,5674,615
4096,5675,846
4096,5676,692
4096,5677,846
4096,5678,615
4096,5679,692
4096,5680,846
4096,5681,692
4096,5682,846
4096,5683,692
4096,5684,846
4096,5685,616
4096,5686,693
4096,5687,847
4096,5688,693
4096,5689,846
4096,5690,847
4096,5691,693
4096,5692,846
4096,5693,615
4096,5694,692
4096,5695,846
4096,5696,692
4096,5697,615
4096,5698,846
4096,5699,692
4096,5700,846
4096,5701,692
4096,5702,615
4096,5703,846
4096,5704,692
4096,5705,846
4096,5706,615
4096,5707,692
4096,5708,846
4096,5709,693
4096,5710,616
4096,5711,846
4096,5712,616
4096,5713,693
4096,5714,847
4096,5715,693
4096,5716,616
4096,5717,847
4096,5718,693
4096,5719,846
4096,5720,615
4096,5721,692
4096,5722,846
4096,5723,692
4096,5724,615
4096,5725,846
4096,5726,692
4096,5727,846
4096,5728,692
4096,5729,615
4096,5730,846
4096,5731,692
4096,5732,846
4096,5733,846
4096,5734,692
4096,5735,846
4096,5736,846
4096,5737,692
4096,5738,615
4096,5739,846
4096,5740,693
4096,5741,847
4096,5742,693
4096,5743,846
4096,5744,616
4096,5745,693
4096,5746,846
4096,5747,615
4096,5748,692
4096,5749,846
4096,5750,615
4096,5751,692
4096,5752,846
4096,5753,692
4096,5754,615
4096,5755,846
4096,5756,692
4096,5757,846
4096,5758,615
4096,5759,692
4096,5760,846
4096,5761,692
4096,5762,615
4096,5763,846
4096,5764,692
4096,5765,846
4096,5766,693
4096,5767,616
4096,5768,847
4096,5769,693
4096,5770,693
4096,5771,847
4096,5772,693
4096,5773,693
4096,5774,846
4096,5775,692
4096,5776,616
4096,5777,846
4096,5778,692
4096,5779,846
4096,5780,615
4096,5781,692
4096,5782,846
4096,5783,692
4096,5784,615
4096,5785,846
4096,5786,692
4096,5787,615
4096,5788,846
4096,5789,692
4096,5790,846
4096,5791,846
4096,5792,692
4096,5793,846
4096,5794,616
4096,5795,692
4096,5796,846
4096,5797,616
4096,5798,693
4096,5799,847
4096,5800,693
4096,5801,846
4096,5802,616
4096,5803,693
4096,5804,846
4096,5805,692
4096,5806,615
4096,5807,846
4096,5808,692
4096,5809,846
4096,5810,615
4096,5811,692
4096,5812,846
4096,5813,692
4096,5814,846
4096,5815,615
4096,5816,692
4096,5817,846
4096,5818,692
4096,5819,692
4096,5820,846
4096,5821,693
4096,5822,847
4096,5823,693
4096,5824,616
4096,5825,847
4096,5826,693
4096,5827,846
4096,5828,692
4096,5829,615
4096,5830,846
4096,5831,692
4096,5832,846
4096,5833,615
4096,5834,692
4096,5835,846
4096,5836,692
4096,5837,846
4096,5838,846
4096,5839,692
4096,5840,846
4096,5841,692
4096,5842,615
4096,5843,846
4096,5844,693
4096,5845,847
4096,5846,693
4096,5847,616
4096,5848,847
4096,5849,693
4096,5850,616
4096,5851,846
4096,5852,692
4096,5853,846
4096,5854,692
4096,5855,615
4096,5856,846
4096,5857,692
4096,5858,615
4096,5859,846
4096,5860,692
4096,5861,615
4096,5862,846
4096,5863,692
4096,5864,846
4096,5865,615
4096,5866,692
4096,5867,846
4096,5868,692
4096,5869,615
4096,5870,846
4096,5871,693
4096,5872,847
4096,5873,616
4096,5874,693
4096,5875,847
4096,5876,693
4096,5877,846
4096,5878,615
4096,5879,692
4096,5880,846
4096,5881,692
4096,5882,615
4096,5883,846
4096,5884,692
4096,5885,846
4096,5886,692
4096,5887,846
4096,5888,615
4096,5889,692
4096,5890,846
4096,5891,923
4096,5892,846
4096,5893,692
4096,5894,846
4096,5895,693
4096,5896,616
4096,5897,846
4096,5898,693
4096,5899,847
4096,5900,693
4096,5901,693
4096,5902,846
4096,5903,692
4096,5904,846
4096,5905,692
4096,5906,615
4096,5907,846
4096,5908,692
4096,5909,846
4096,5910,692
4096,5911,846
4096,5912,692
4096,5913,615
4096,5914,846
4096,5915,692
4096,5916,846
4096,5917,616
4096,5918,693
4096,5919,847
4096,5920,693
4096,5921,846
4096,5922,692
4096,5923,923
4096,5924,846
4096,5925,692
4096,5926,846
4096,5927,692
4096,5928,615
4096,5929,846
4096,5930,692
4096,5931,846
4096,5932,615
4096,5933,692
4096,5934,846
4096,5935,692
4096,5936,846
4096,5937,616
4096,5938,616
4096,5939,846
4096,5940,693
4096,5941,847
4096,5942,616
4096,5943,693
4096,5944,846
4096,5945,692
4096,5946,693
4096,5947,846
4096,5948,692
4096,5949,846
4096,5950,615
4096,5951,692
4096,5952,846
4096,5953,692
4096,5954,846
4096,5955,615
4096,5956,692
4096,5957,846
4096,5958,692
4096,5959,615
4096,5960,846
4096,5961,692
4096,5962,615
4096,5963,846
4096,5964,693
4096,5965,847
4096,5966,616
4096,5967,693
4096,5968,847
4096,5969,693
4096,5970,616
4096,5971,846
4096,5972,692
4096,5973,846
4096,5974,846
4096,5975,692
4096,5976,846
4096,5977,615
4096,5978,692
4096,5979,846
4096,5980,615
4096,5981,692
4096,5982,846
4096,5983,692
4096,5984,846
4096,5985,615
4096,5986,692
4096,5987,846
4096,5988,692
4096,5989,615
4096,5990,846
4096,5991,693
4096,5992,847
4096,5993,616
4096,5994,693
4096,5995,847
4096,5996,616
4096,5997,693
4096,5998,846
4096,5999,692
4096,6000,846
4096,6001,615
4096,6002,692
4096,6003,846
4096,6004,615
4096,6005,692
4096,6006,846
4096,6007,615
4096,6008,692
4096,6009,846
4096,6010,846
4096,6011,692
4096,6012,846
4096,6013,692
4096,6014,615
4096,6015,846
4096,6016,692
4096,6017,846
4096,6018,846
4096,6019,692
4096,6020,846
4096,6021,693
4096,6022,847
4096,6023,616
4096,6024,693
4096,6025,846
4096,6026,616
4096,6027,693
4096,6028,846
4096,6029,692
4096,6030,846
4096,6031,692
4096,6032,692
4096,6033,846
4096,6034,692
4096,6035,846
4096,6036,846
4096,6037,692
4096,6038,846
4096,6039,692
4096,6040,615
4096,6041,846
4096,6042,692
4096,6043,846
4096,6044,693
4096,6045,693
4096,6046,847
4096,6047,693
4096,6048,846
4096,6049,616
4096,6050,693
4096,6051,846
4096,6052,615
4096,6053,692
4096,6054,846
4096,6055,692
4096,6056,692
4096,6057,846
4096,6058,692
4096,6059,846
4096,6060,846
4096,6061,692
4096,6062,846
4096,6063,692
4096,6064,615
4096,6065,846
4096,6066,692
4096,6067,846
4096,6068,846
4096,6069,692
4096,6070,846
4096,6071,693
4096,6072,847
4096,6073,847
4096,6074,693
4096,6075,846
4096,6076,692
4096,6077,616
4096,6078,846
4096,6079,692
4096,6080,846
4096,6081,615
4096,6082,692
4096,6083,846
4096,6084,692
4096,6085,615
4096,6086,846
4096,6087,692
4096,6088,615
4096,6089,846
4096,6090,692
4096,6091,615
4096,6092,846
4096,6093,692
4096,6094,846
4096,6095,616
4096,6096,692
4096,6097,846
4096,6098,693
4096,6099,847
4096,6100,693
4096,6101,616
4096,6102,846
4096,6103,692
4096,6104,846
4096,6105,615
4096,6106,692
4096,6107,846
4096,6108,692
4096,6109,615
4096,6110,846
4096,6111,692
4096,6112,846
4096,6113,615
4096,6114,692
4096,6115,846
4096,6116,692
4096,6117,615
4096,6118,846
4096,6119,692
4096,6120,846
4096,6121,616
4096,6122,693
4096,6123,847
4096,6124,693
4096,6125,693
4096,6126,847
4096,6127,693
4096,6128,846
4096,6129,615
4096,6130,692
4096,6131,846
4096,6132,692
4096,6133,615
4096,6134,846
4096,6135,692
4096,6136,846
4096,6137,692
4096,6138,615
4096,6139,846
4096,6140,692
4096,6141,846
4096,6142,692
4096,6143,846
4096,6144,616
4096,6145,693
4096,6146,847
4096,6147,616
4096,6148,693
4096,6149,847
4096,6150,693
4096,6151,846
4096,6152,846
4096,6153,692
4096,6154,616
4096,6155,846
4096,6156,692
4096,6157,846
4096,6158,615
4096,6159,692
4096,6160,846
4096,6161,692
4096,6162,846
4096,6163,615
4096,6164,692
4096,6165,846
4096,6166,692
4096,6167,615
4096,6168,846
4096,6169,692
4096,6170,615
4096,6171,846
4096,6172,693
4096,6173,692
4096,6174,846
4096,6175,693
4096,6176,847
4096,6177,693
4096,6178,616
4096,6179,846
4096,6180,692
4096,6181,616
4096,6182,846
4096,6183,692
4096,6184,846
4096,6185,692
4096,6186,846
4096,6187,692
4096,6188,615
4096,6189,846
4096,6190,693
4096,6191,616
4096,6192,923
4096,6193,846
4096,6194,692
4096,6195,846
4096,6196,692
4096,6197,615
4096,6198,846
4096,6199,692
4096,6200,846
4096,6201,692
4096,6202,615
4096,6203,846
4096,6204,692
4096,6205,846
4096,6206,692
4096,6207,692
4096,6208,846
4096,6209,693
4096,6210,616
4096,6211,616
4096,6212,693
4096,6213,847
4096,6214,693
4096,6215,846
4096,6216,692
4096,6217,615
4096,6218,846
4096,6219,692
4096,6220,692
4096,6221,846
4096,6222,692
4096,6223,846
4096,6224,615
4096,6225,692
4096,6226,846
4096,6227,692
4096,6228,846
4096,6229,615
4096,6230,692
4096,6231,846
4096,6232,693
4096,6233,847
4096,6234,846
4096,6235,693
4096,6236,847
4096,6237,616
4096,6238,693
4096,6239,846
4096,6240,692
4096,6241,846
4096,6242,615
4096,6243,692
4096,6244,846
4096,6245,692
4096,6246,615
4096,6247,846
4096,6248,692
4096,6249,846
4096,6250,692
4096,6251,846
4096,6252,692
4096,6253,615
4096,6254,846
4096,6255,693
4096,6256,847
4096,6257,693
4096,6258,616
4096,6259,923
4096,6260,693
4096,6261,846
4096,6262,692
4096,6263,846
4096,6264,615
4096,6265,692
4096,6266,846
4096,6267,692
4096,6268,846
4096,6269,615
4096,6270,692
4096,6271,846
4096,6272,692
4096,6273,615
4096,6274,846
4096,6275,692
4096,6276,615
4096,6277,846
4096,6278,616
4096,6279,692
4096,6280,846
4096,6281,693
4096,6282,616
4096,6283,847
4096,6284,693
4096,6285,846
4096,6286,616
4096,6287,693
4096,6288,846
4096,6289,692
4096,6290,846
4096,6291,615
4096,6292,692
4096,6293,846
4096,6294,692
4096,6295,615
4096,6296,846
4096,6297,692
4096,6298,615
4096,6299,846
4096,6300,692
4096,6301,615
4096,6302,846
4096,6303,692
4096,6304,846
4096,6305,616
4096,6306,692
4096,6307,615
4096,6308,693
4096,6309,616
4096,6310,847
4096,6311,693
4096,6312,616
4096,6313,847
4096,6314,693
4096,6315,846
4096,6316,846
4096,6317,692
4096,6318,846
4096,6319,692
4096,6320,846
4096,6321,615
4096,6322,615
4096,6323,846
4096,6324,692
4096,6325,615
4096,6326,846
4096,6327,692
4096,6328,846
4096,6329,615
4096,6330,692
4096,6331,846
4096,6332,693
4096,6333,692
4096,6334,846
4096,6335,693
4096,6336,847
4096,6337,616
4096,6338,693
4096,6339,846
4096,6340,616
4096,6341,693
4096,6342,846
4096,6343,692
4096,6344,846
4096,6345,615
4096,6346,692
4096,6347,846
4096,6348,692
4096,6349,846
4096,6350,615
4096,6351,692
4096,6352,846
4096,6353,692
4096,6354,615
4096,6355,846
4096,6356,692
4096,6357,846
4096,6358,616
4096,6359,693
4096,6360,847
4096,6361,616
4096,6362,616
4096,6363,847
4096,6364,693
4096,6365,846
4096,6366,923
4096,6367,846
4096,6368,615
4096,6369,692
4096,6370,846
4096,6371,692
4096,6372,846
4096,6373,846
4096,6374,692
4096,6375,846
4096,6376,692
4096,6377,615
4096,6378,846
4096,6379,692
4096,6380,846
4096,6381,846
4096,6382,693
4096,6383,847
4096,6384,616
4096,6385,693
4096,6386,847
4096,6387,693
4096,6388,616
4096,6389,846
4096,6390,692
4096,6391,616
4096,6392,846
4096,6393,692
4096,6394,846
4096,6395,615
4096,6396,692
4096,6397,692
4096,6398,846
4096,6399,692
4096,6400,846
4096,6401,615
4096,6402,692
4096,6403,846
4096,6404,692
4096,6405,615
4096,6406,846
4096,6407,692
4096,6408,846
4096,6409,616
4096,6410,692
4096,6411,846
4096,6412,693
4096,6413,693
4096,6414,847
4096,6415,693
4096,6416,616
4096,6417,847
4096,6418,693
4096,6419,846
4096,6420,615
4096,6421,692
4096,6422,846
4096,6423,615
4096,6424,692
4096,6425,846
4096,6426,692
4096,6427,846
4096,6428,615
4096,6429,692
4096,6430,846
4096,6431,692
4096,6432,615
4096,6433,692
4096,6434,615
4096,6435,846
4096,6436,693
4096,6437,692
4096,6438,846
4096,6439,693
4096,6440,847
4096,6441,616
4096,6442,693
4096,6443,846
4096,6444,616
4096,6445,693
4096,6446,846
4096,6447,692
4096,6448,846
4096,6449,615
4096,6450,692
4096,6451,846
4096,6452,692
4096,6453,615
4096,6454,846
4096,6455,692
4096,6456,846
4096,6457,846
4096,6458,692
4096,6459,846
4096,6460,615
4096,6461,692
4096,6462,846
4096,6463,616
4096,6464,692
4096,6465,846
4096,6466,693
4096,6467,847
4096,6468,616
4096,6469,693
4096,6470,846
4096,6471,692
4096,6472,693
4096,6473,846
4096,6474,692
4096,6475,615
4096,6476,846
4096,6477,615
4096,6478,615
4096,6479,692
4096,6480,846
4096,6481,693
4096,6482,616
4096,6483,846
4096,6484,693
4096,6485,847
4096,6486,616
4096,6487,693
4096,6488,846
4096,6489,692
4096,6490,616
4096,6491,846
4096,6492,692
4096,6493,846
4096,6494,615
4096,6495,692
4096,6496,846
4096,6497,692
4096,6498,846
4096,6499,615
4096,6500,692
4096,6501,846
4096,6502,692
4096,6503,846
4096,6504,693
4096,6505,616
4096,6506,846
4096,6507,693
4096,6508,847
4096,6509,693
4096,6510,616
4096,6511,846
4096,6512,692
4096,6513,846
4096,6514,615
4096,6515,692
4096,6516,846
4096,6517,692
4096,6518,615
4096,6519,846
4096,6520,692
4096,6521,846
4096,6522,846
4096,6523,692
4096,6524,846
4096,6525,692
4096,6526,615
4096,6527,846
4096,6528,692
4096,6529,846
4096,6530,616
4096,6531,693
4096,6532,847
4096,6533,693
4096,6534,846
4096,6535,616
4096,6536,693
4096,6537,846
4096,6538,692
4096,6539,846
4096,6540,846
4096,6541,692
4096,6542,846
4096,6543,692
4096,6544,615
4096,6545,846
4096,6546,692
4096,6547,846
4096,6548,692
4096,6549,846
4096,6550,616
4096,6551,692
4096,6552,846
4096,6553,693
4096,6554,616
4096,6555,847
4096,6556,693
4096,6557,846
4096,6558,616
4096,6559,693
4096,6560,846
4096,6561,692
4096,6562,846
4096,6563,846
4096,6564,692
4096,6565,846
4096,6566,615
4096,6567,692
4096,6568,846
4096,6569,692
4096,6570,615
4096,6571,615
4096,6572,692
4096,6573,846
4096,6574,692
4096,6575,846
4096,6576,616
4096,6577,693
4096,6578,847
4096,6579,616
4096,6580,693
4096,6581,847
4096,6582,693
4096,6583,846
4096,6584,846
4096,6585,692
4096,6586,846
4096,6587,615
4096,6588,692
4096,6589,846
4096,6590,692
4096,6591,846
4096,6592,615
4096,6593,692
4096,6594,846
4096,6595,615
4096,6596,692
4096,6597,846
4096,6598,692
4096,6599,692
4096,6600,846
4096,6601,692
4096,6602,615
4096,6603,846
4096,6604,693
4096,6605,847
4096,6606,616
4096,6607,693
4096,6608,847
4096,6609,693
4096,6610,616
4096,6611,846
4096,6612,692
4096,6613,846
4096,6614,692
4096,6615,846
4096,6616,846
4096,6617,692
4096,6618,615
4096,6619,846
4096,6620,692
4096,6621,846
4096,6622,615
4096,6623,692
4096,6624,846
4096,6625,692
4096,6626,615
4096,6627,846
4096,6628,692
4096,6629,846
4096,6630,616
4096,6631,693
4096,6632,847
4096,6633,616
4096,6634,693
4096,6635,847
4096,6636,693
4096,6637,616
4096,6638,846
4096,6639,692
4096,6640,846
4096,6641,615
4096,6642,692
4096,6643,846
4096,6644,692
4096,6645,615
4096,6646,846
4096,6647,692
4096,6648,846
4096,6649,615
4096,6650,692
4096,6651,846
4096,6652,846
4096,6653,692
4096,6654,846
4096,6655,692
4096,6656,846
4096,6657,616
4096,6658,693
4096,6659,847
4096,6660,693
4096,6661,693
4096,6662,847
4096,6663,693
4096,6664,846
4096,6665,846
4096,6666,615
4096,6667,846
4096,6668,615
4096,6669,692
4096,6670,846
4096,6671,692
4096,6672,615
4096,6673,846
4096,6674,692
4096,6675,846
4096,6676,615
4096,6677,692
4096,6678,846
4096,6679,692
4096,6680,615
4096,6681,846
4096,6682,692
4096,6683,692
4096,6684,846
4096,6685,693
4096,6686,847
4096,6687,616
4096,6688,693
4096,6689,847
4096,6690,616
4096,6691,693
4096,6692,846
4096,6693,692
4096,6694,616
4096,6695,846
4096,6696,692
4096,6697,846
4096,6698,615
4096,6699,692
4096,6700,846
4096,6701,692
4096,6702,846
4096,6703,846
4096,6704,692
4096,6705,846
4096,6706,692
4096,6707,846
4096,6708,616
4096,6709,692
4096,6710,846
4096,6711,693
4096,6712,616
4096,6713,847
4096,6714,693
4096,6715,616
4096,6716,847
4096,6717,693
4096,6718,846
4096,6719,846
4096,6720,692
4096,6721,846
4096,6722,846
4096,6723,692
4096,6724,846
4096,6725,615
4096,6726,615
4096,6727,846
4096,6728,692
4096,6729,615
4096,6730,846
4096,6731,692
4096,6732,846
4096,6733,692
4096,6734,615
4096,6735,846
4096,6736,692
4096,6737,846
4096,6738,616
4096,6739,693
4096,6740,847
4096,6741,693
4096,6742,846
4096,6743,616
4096,6744,693
4096,6745,846
4096,6746,692
4096,6747,846
4096,6748,692
4096,6749,615
4096,6750,846
4096,6751,692
4096,6752,846
4096,6753,692
4096,6754,615
4096,6755,846
4096,6756,692
4096,6757,846
4096,6758,693
4096,6759,847
4096,6760,693
4096,6761,616
4096,6762,847
4096,6763,693
4096,6764,616
4096,6765,846
4096,6766,692
4096,6767,846
4096,6768,846
4096,6769,692
4096,6770,692
4096,6771,846
4096,6772,616
4096,6773,692
4096,6774,846
4096,6775,693
4096,6776,847
4096,6777,693
4096,6778,616
4096,6779,846
4096,6780,692
4096,6781,846
4096,6782,692
4096,6783,846
4096,6784,692
4096,6785,615
4096,6786,846
4096,6787,692
4096,6788,846
4096,6789,846
4096,6790,615
4096,6791,692
4096,6792,846
4096,6793,692
4096,6794,846
4096,6795,693
4096,6796,616
4096,6797,846
4096,6798,693
4096,6799,847
4096,6800,693
4096,6801,616
4096,6802,846
4096,6803,692
4096,6804,846
4096,6805,615
4096,6806,692
4096,6807,846
4096,6808,692
4096,6809,615
4096,6810,846
4096,6811,692
4096,6812,846
4096,6813,615
4096,6814,692
4096,6815,846
4096,6816,692
4096,6817,692
4096,6818,846
4096,6819,692
4096,6820,846
4096,6821,693
4096,6822,616
4096,6823,847
4096,6824,693
4096,6825,616
4096,6826,847
4096,6827,693
4096,6828,846
4096,6829,846
4096,6830,692
4096,6831,846
4096,6832,615
4096,6833,692
4096,6834,846
4096,6835,615
4096,6836,692
4096,6837,846
4096,6838,692
4096,6839,846
4096,6840,692
4096,6841,692
4096,6842,846
4096,6843,692
4096,6844,692
4096,6845,846
4096,6846,692
4096,6847,615
4096,6848,846
4096,6849,693
4096,6850,692
4096,6851,846
4096,6852,693
4096,6853,616
4096,6854,847
4096,6855,693
4096,6856,846
4096,6857,616
4096,6858,616
4096,6859,846
4096,6860,692
4096,6861,615
4096,6862,846
4096,6863,692
4096,6864,846
4096,6865,692
4096,6866,615
4096,6867,846
4096,6868,692
4096,6869,615
4096,6870,846
4096,6871,692
4096,6872,846
4096,6873,615
4096,6874,692
4096,6875,846
4096,6876,693
4096,6877,923
4096,6878,616
4096,6879,693
4096,6880,847
4096,6881,693
4096,6882,846
4096,6883,615
4096,6884,692
4096,6885,846
4096,6886,615
4096,6887,692
4096,6888,846
4096,6889,692
4096,6890,615
4096,6891,846
4096,6892,692
4096,6893,846
4096,6894,615
4096,6895,692
4096,6896,846
4096,6897,692
4096,6898,615
4096,6899,846
4096,6900,692
4096,6901,615
4096,6902,846
4096,6903,693
4096,6904,692
4096,6905,846
4096,6906,693
4096,6907,693
4096,6908,847
4096,6909,693
4096,6910,616
4096,6911,847
4096,6912,693
4096,6913,846
4096,6914,692
4096,6915,692
4096,6916,846
4096,6917,615
4096,6918,692
4096,6919,846
4096,6920,692
4096,6921,846
4096,6922,615
4096,6923,692
4096,6924,846
4096,6925,692
4096,6926,615
4096,6927,615
4096,6928,692
4096,6929,846
4096,6930,616
4096,6931,692
4096,6932,846
4096,6933,616
4096,6934,693
4096,6935,847
4096,6936,693
4096,6937,846
4096,6938,616
4096,6939,693
4096,6940,846
4096,6941,692
4096,6942,615
4096,6943,846
4096,6944,692
4096,6945,615
4096,6946,615
4096,6947,692
4096,6948,846
4096,6949,615
4096,6950,692
4096,6951,846
4096,6952,692
4096,6953,615
4096,6954,846
4096,6955,692
4096,6956,692
4096,6957,846
4096,6958,692
4096,6959,846
4096,6960,846
4096,6961,693
4096,6962,847
4096,6963,616
4096,6964,693
4096,6965,847
4096,6966,847
4096,6967,693
4096,6968,846
4096,6969,847
4096,6970,693
4096,6971,846
4096,6972,615
4096,6973,692
4096,6974,846
4096,6975,692
4096,6976,615
4096,6977,846
4096,6978,692
4096,6979,846
4096,6980,692
4096,6981,615
4096,6982,846
4096,6983,692
4096,6984,846
4096,6985,615
4096,6986,692
4096,6987,846
4096,6988,693
4096,6989,692
4096,6990,846
4096,6991,693
4096,6992,616
4096,6993,847
4096,6994,693
4096,6995,846
4096,6996,692
4096,6997,616
4096,6998,615
4096,6999,692
4096,7000,846
4096,7001,615
4096,7002,692
4096,7003,846
4096,7004,615
4096,7005,692
4096,7006,846
4096,7007,692
4096,7008,846
4096,7009,615
4096,7010,615
4096,7011,846
4096,7012,692
4096,7013,615
4096,7014,846
4096,7015,693
4096,7016,847
4096,7017,616
4096,7018,616
4096,7019,847
4096,7020,693
4096,7021,616
4096,7022,846
4096,7023,692
4096,7024,616
4096,7025,846
4096,7026,615
4096,7027,692
4096,7028,846
4096,7029,615
4096,7030,692
4096,7031,615
4096,7032,846
4096,7033,692
4096,7034,846
4096,7035,692
4096,7036,846
4096,7037,615
4096,7038,692
4096,7039,846
4096,7040,692
4096,7041,846
4096,7042,693
4096,7043,616
4096,7044,846
4096,7045,693
4096,7046,616
4096,7047,847
4096,7048,693
4096,7049,846
4096,7050,616
4096,7051,693
4096,7052,846
4096,7053,615
4096,7054,846
4096,7055,692
4096,7056,615
4096,7057,846
4096,7058,692
4096,7059,846
4096,7060,615
4096,7061,692
4096,7062,923
4096,7063,692
4096,7064,846
4096,7065,615
4096,7066,692
4096,7067,846
4096,7068,692
4096,7069,846
4096,7070,846
4096,7071,692
4096,7072,846
4096,7073,692
4096,7074,615
4096,7075,846
4096,7076,616
4096,7077,692
4096,7078,846
4096,7079,693
4096,7080,616
4096,7081,847
4096,7082,693
4096,7083,846
4096,7084,692
4096,7085,616
4096,7086,846
4096,7087,692
4096,7088,846
4096,7089,615
4096,7090,692
4096,7091,846
4096,7092,692
4096,7093,846
4096,7094,692
4096,7095,615
4096,7096,846
4096,7097,692
4096,7098,615
4096,7099,846
4096,7100,692
4096,7101,846
4096,7102,693
4096,7103,693
4096,7104,924
4096,7105,693
4096,7106,846
4096,7107,692
4096,7108,846
4096,7109,615
4096,7110,615
4096,7111,846
4096,7112,692
4096,7113,615
4096,7114,846
4096,7115,692
4096,7116,846
4096,7117,692
4096,7118,846
4096,7119,615
4096,7120,692
4096,7121,846
4096,7122,693
4096,7123,616
4096,7124,846
4096,7125,693
4096,7126,847
4096,7127,616
4096,7128,693
4096,7129,846
4096,7130,616
4096,7131,616
4096,7132,846
4096,7133,692
4096,7134,846
4096,7135,692
4096,7136,615
4096,7137,846
4096,7138,692
4096,7139,846
4096,7140,846
4096,7141,692
4096,7142,846
4096,7143,615
4096,7144,692
4096,7145,846
4096,7146,615
4096,7147,692
4096,7148,846
4096,7149,616
4096,7150,692
4096,7151,846
4096,7152,693
4096,7153,847
4096,7154,616
4096,7155,693
4096,7156,846
4096,7157,692
4096,7158,846
4096,7159,692
4096,7160,846
4096,7161,615
4096,7162,692
4096,7163,846
4096,7164,615
4096,7165,692
4096,7166,846
4096,7167,692
4096,7168,615
4096,7169,846
4096,7170,692
4096,7171,615
4096,7172,846
4096,7173,692
4096,7174,615
4096,7175,846
4096,7176,693
4096,7177,847
4096,7178,616
4096,7179,693
4096,7180,847
4096,7181,693
4096,7182,846
4096,7183,615
4096,7184,692
4096,7185,846
4096,7186,615
4096,7187,692
4096,7188,846
4096,7189,692
4096,7190,846
4096,7191,615
4096,7192,692
4096,7193,846
4096,7194,692
4096,7195,846
4096,7196,846
4096,7197,692
4096,7198,846
4096,7199,693
4096,7200,616
4096,7201,846
4096,7202,693
4096,7203,847
4096,7204,693
4096,7205,846
4096,7206,615
4096,7207,692
4096,7208,846
4096,7209,692
4096,7210,615
4096,7211,846
4096,7212,692
4096,7213,846
4096,7214,692
4096,7215,615
4096,7216,846
4096,7217,692
4096,7218,846
4096,7219,692
4096,7220,615
4096,7221,846
4096,7222,693
4096,7223,616
4096,7224,846
4096,7225,693
4096,7226,847
4096,7227,693
4096,7228,693
4096,7229,846
4096,7230,692
4096,7231,846
4096,7232,846
4096,7233,692
4096,7234,846
4096,7235,692
4096,7236,846
4096,7237,615
4096,7238,692
4096,7239,846
4096,7240,615
4096,7241,692
4096,7242,846
4096,7243,692
4096,7244,615
4096,7245,846
4096,7246,692
4096,7247,846
4096,7248,616
4096,7249,693
4096,7250,847
4096,7251,616
4096,7252,693
4096,7253,847
4096,7254,693
4096,7255,846
4096,7256,615
4096,7257,692
4096,7258,846
4096,7259,615
4096,7260,692
4096,7261,846
4096,7262,692
4096,7263,692
4096,7264,846
4096,7265,692
4096,7266,846
4096,7267,615
4096,7268,692
4096,7269,846
4096,7270,692
4096,7271,615
4096,7272,846
4096,7273,692
4096,7274,615
4096,7275,846
4096,7276,693
4096,7277,847
4096,7278,693
4096,7279,616
4096,7280,847
4096,7281,693
4096,7282,693
4096,7283,846
4096,7284,692
4096,7285,846
4096,7286,692
4096,7287,846
4096,7288,615
4096,7289,692
4096,7290,846
4096,7291,615
4096,7292,692
4096,7293,846
4096,7294,692
4096,7295,615
4096,7296,846
4096,7297,692
4096,7298,846
4096,7299,693
4096,7300,847
4096,7301,616
4096,7302,693
4096,7303,847
4096,7304,693
4096,7305,616
4096,7306,846
4096,7307,692
4096,7308,846
4096,7309,615
4096,7310,615
4096,7311,846
4096,7312,692
4096,7313,846
4096,7314,615
4096,7315,692
4096,7316,846
4096,7317,692
4096,7318,846
4096,7319,692
4096,7320,615
4096,7321,846
4096,7322,693
4096,7323,847
4096,7324,846
4096,7325,693
4096,7326,847
4096,7327,616
4096,7328,693
4096,7329,846
4096,7330,692
4096,7331,846
4096,7332,615
4096,7333,692
4096,7334,846
4096,7335,692
4096,7336,846
4096,7337,615
4096,7338,615
4096,7339,846
4096,7340,692
4096,7341,846
4096,7342,692
4096,7343,692
4096,7344,846
4096,7345,693
4096,7346,616
4096,7347,846
4096,7348,693
4096,7349,847
4096,7350,693
4096,7351,616
4096,7352,846
4096,7353,692
4096,7354,692
4096,7355,846
4096,7356,693
4096,7357,847
4096,7358,693
4096,7359,923
4096,7360,923
4096,7361,616
4096,7362,846
4096,7363,692
4096,7364,615
4096,7365,846
4096,7366,692
4096,7367,846
4096,7368,692
4096,7369,615
4096,7370,846
4096,7371,692
4096,7372,846
4096,7373,692
4096,7374,615
4096,7375,846
4096,7376,692
4096,7377,846
4096,7378,693
4096,7379,847
4096,7380,616
4096,7381,693
4096,7382,846
4096,7383,692
4096,7384,616
4096,7385,846
4096,7386,692
4096,7387,615
4096,7388,846
4096,7389,692
4096,7390,846
4096,7391,692
4096,7392,846
4096,7393,615
4096,7394,692
4096,7395,846
4096,7396,692
4096,7397,846
4096,7398,846
4096,7399,692
4096,7400,846
4096,7401,693
4096,7402,616
4096,7403,847
4096,7404,693
4096,7405,846
4096,7406,616
4096,7407,693
4096,7408,846
4096,7409,692
4096,7410,692
4096,7411,846
4096,7412,692
4096,7413,615
4096,7414,846
4096,7415,615
4096,7416,692
4096,7417,846
4096,7418,615
4096,7419,692
4096,7420,846
4096,7421,692
4096,7422,846
4096,7423,615
4096,7424,692
4096,7425,846
4096,7426,692
4096,7427,846
4096,7428,616
4096,7429,693
4096,7430,847
4096,7431,616
4096,7432,693
4096,7433,847
4096,7434,616
4096,7435,693
4096,7436,846
4096,7437,692
4096,7438,32000
4096,7439,1000
4096,7440,846
4096,7441,692
4096,7442,846
4096,7443,693
4096,7444,847
4096,7445,616
4096,7446,693
4096,7447,847
4096,7448,693
4096,7449,846
4096,7450,692
4096,7451,846
4096,7452,692
4096,7453,846
4096,7454,615
4096,7455,692
4096,7456,846
4096,7457,692
4096,7458,846
4096,7459,615
4096,7460,692
4096,7461,846
4096,7462,693
4096,7463,847
4096,7464,616
4096,7465,693
4096,7466,847
4096,7467,693
4096,7468,616
4096,7469,846
4096,7470,692
4096,7471,846
4096,7472,615
4096,7473,692
4096,7474,846
4096,7475,692
4096,7476,846
4096,7477,615
4096,7478,692
4096,7479,846
4096,7480,692
4096,7481,846
4096,7482,615
4096,7483,692
4096,7484,846
4096,7485,616
4096,7486,692
4096,7487,846
4096,7488,616
4096,7489,693
4096,7490,847
4096,7491,616
4096,7492,693
4096,7493,847
4096,7494,616
4096,7495,2846
4096,7496,846
4096,7497,693
4096,7498,616
4096,7499,847
4096,7500,693
4096,7501,616
4096,7502,847
4096,7503,693
4096,7504,846
4096,7505,846
4096,7506,692
4096,7507,846
4096,7508,692
4096,7509,615
4096,7510,846
4096,7511,692
4096,7512,846
4096,7513,692
4096,7514,615
4096,7515,846
4096,7516,692
4096,7517,846
4096,7518,692
4096,7519,846
4096,7520,846
4096,7521,693
4096,7522,847
4096,7523,846
4096,7524,693
4096,7525,847
4096,7526,693
4096,7527,616
4096,7528,846
4096,7529,692
4096,7530,846
4096,7531,923
4096,7532,846
4096,7533,692
4096,7534,846
4096,7535,615
4096,7536,692
4096,7537,846
4096,7538,615
4096,7539,615
4096,7540,846
4096,7541,692
4096,7542,846
4096,7543,616
4096,7544,693
4096,7545,847
4096,7546,693
4096,7547,616
4096,7548,847
4096,7549,693
4096,7550,616
4096,7551,846
4096,7552,692
4096,7553,846
4096,7554,615
4096,7555,692
4096,7556,846
4096,7557,692
4096,7558,692
4096,7559,846
4096,7560,615
4096,7561,692
4096,7562,846
4096,7563,692
4096,7564,846
4096,7565,846
4096,7566,692
4096,7567,846
4096,7568,692
4096,7569,615
4096,7570,846
4096,7571,693
4096,7572,847
4096,7573,616
4096,7574,693
4096,7575,847
4096,7576,693
4096,7577,846
4096,7578,615
4096,7579,692
4096,7580,846
4096,7581,615
4096,7582,615
4096,7583,846
4096,7584,692
4096,7585,846
4096,7586,846
4096,7587,692
4096,7588,846
4096,7589,692
4096,7590,846
4096,7591,692
4096,7592,692
4096,7593,846
4096,7594,693
4096,7595,847
4096,7596,616
4096,7597,693
4096,7598,847
4096,7599,693
4096,7600,846
4096,7601,846
4096,7602,692
4096,7603,616
4096,7604,846
4096,7605,692
4096,7606,846
4096,7607,846
4096,7608,692
4096,7609,846
4096,7610,615
4096,7611,692
4096,7612,846
4096,7613,692
4096,7614,615
4096,7615,692
4096,7616,615
4096,7617,846
4096,7618,615
4096,7619,692
4096,7620,846
4096,7621,693
4096,7622,616
4096,7623,846
4096,7624,693
4096,7625,847
4096,7626,616
4096,7627,693
4096,7628,846
4096,7629,692
4096,7630,616
4096,7631,846
4096,7632,692
4096,7633,615
4096,7634,846
4096,7635,692
4096,7636,846
4096,7637,615
4096,7638,692
4096,7639,846
4096,7640,692
4096,7641,615
4096,7642,846
4096,7643,692
4096,7644,846
4096,7645,615
4096,7646,923
4096,7647,846
4096,7648,692
4096,7649,615
4096,7650,923
4096,7651,923
4096,7652,692
4096,7653,846
4096,7654,693
4096,7655,616
4096,7656,846
4096,7657,693
4096,7658,847
4096,7659,693
4096,7660,846
4096,7661,692
4096,7662,846
4096,7663,615
4096,7664,692
4096,7665,846
4096,7666,692
4096,7667,846
4096,7668,615
4096,7669,692
4096,7670,846
4096,7671,692
4096,7672,615
4096,7673,846
4096,7674,692
4096,7675,846
4096,7676,693
4096,7677,616
4096,7678,847
4096,7679,693
4096,7680,846
4096,7681,616
4096,7682,693
4096,7683,846
4096,7684,692
4096,7685,615
4096,7686,846
4096,7687,692
4096,7688,846
4096,7689,692
4096,7690,615
4096,7691,846
4096,7692,692
4096,7693,615
4096,7694,846
4096,7695,692
4096,7696,846
4096,7697,692
4096,7698,615
4096,7699,846
4096,7700,693
4096,7701,847
4096,7702,616
4096,7703,693
4096,7704,847
4096,7705,693
4096,7706,616
4096,7707,846
4096,7708,692
4096,7709,616
4096,7710,846
4096,7711,692
4096,7712,846
4096,7713,692
4096,7714,615
4096,7715,846
4096,7716,692
4096,7717,615
4096,7718,846
4096,7719,692
4096,7720,615
4096,7721,846
4096,7722,692
4096,7723,846
4096,7724,846
4096,7725,692
4096,7726,846
4096,7727,693
4096,7728,616
4096,7729,846
4096,7730,693
4096,7731,616
4096,7732,847
4096,7733,693
4096,7734,846
4096,7735,692
4096,7736,616
4096,7737,846
4096,7738,692
4096,7739,846
4096,7740,615
4096,7741,692
4096,7742,846
4096,7743,692
4096,7744,846
4096,7745,615
4096,7746,692
4096,7747,846
4096,7748,692
4096,7749,615
4096,7750,846
4096,7751,692
4096,7752,846
4096,7753,693
4096,7754,616
4096,7755,847
4096,7756,693
4096,7757,846
4096,7758,616
4096,7759,693
4096,7760,846
4096,7761,692
4096,7762,615
4096,7763,846
4096,7764,692
4096,7765,846
4096,7766,615
4096,7767,692
4096,7768,846
4096,7769,692
4096,7770,615
4096,7771,846
4096,7772,692
4096,7773,846
4096,7774,846
4096,7775,692
4096,7776,846
4096,7777,693
4096,7778,616
4096,7779,846
4096,7780,693
4096,7781,847
4096,7782,616
4096,7783,616
4096,7784,846
4096,7785,692
4096,7786,616
4096,7787,846
4096,7788,692
4096,7789,846
4096,7790,615
4096,7791,692
4096,7792,846
4096,7793,692
4096,7794,615
4096,7795,846
4096,7796,692
4096,7797,846
4096,7798,846
4096,7799,692
4096,7800,846
4096,7801,692
4096,7802,846
4096,7803,616
4096,7804,693
4096,7805,847
4096,7806,616
4096,7807,693
4096,7808,847
4096,7809,693
4096,7810,616
4096,7811,846
4096,7812,692
4096,7813,846
4096,7814,615
4096,7815,923
4096,7816,846
4096,7817,692
4096,7818,846
4096,7819,692
4096,7820,692
4096,7821,846
4096,7822,692
4096,7823,846
4096,7824,692
4096,7825,615
4096,7826,616
4096,7827,693
4096,7828,616
4096,7829,846
4096,7830,693
4096,7831,847
4096,7832,616
4096,7833,693
4096,7834,616
4096,7835,692
4096,7836,616
4096,7837,846
4096,7838,692
4096,7839,846
4096,7840,615
4096,7841,692
4096,7842,846
4096,7843,692
4096,7844,846
4096,7845,846
4096,7846,692
4096,7847,846
4096,7848,615
4096,7849,692
4096,7850,846
4096,7851,692
4096,7852,692
4096,7853,846
4096,7854,693
4096,7855,616
4096,7856,846
4096,7857,693
4096,7858,616
4096,7859,847
4096,7860,693
4096,7861,846
4096,7862,692
4096,7863,846
4096,7864,615
4096,7865,692
4096,7866,846
4096,7867,692
4096,7868,615
4096,7869,846
4096,7870,692
4096,7871,615
4096,7872,846
4096,7873,692
4096,7874,846
4096,7875,692
4096,7876,846
4096,7877,846
4096,7878,692
4096,7879,846
4096,7880,693
4096,7881,693
4096,7882,847
4096,7883,693
4096,7884,846
4096,7885,616
4096,7886,693
4096,7887,846
4096,7888,692
4096,7889,615
4096,7890,846
4096,7891,692
4096,7892,846
4096,7893,692
4096,7894,692
4096,7895,846
4096,7896,692
4096,7897,615
4096,7898,846
4096,7899,692
4096,7900,846
4096,7901,692
4096,7902,615
4096,7903,846
4096,7904,693
4096,7905,847
4096,7906,616
4096,7907,693
4096,7908,847
4096,7909,693
4096,7910,846
4096,7911,615
4096,7912,692
4096,7913,616
4096,7914,846
4096,7915,692
4096,7916,846
4096,7917,615
4096,7918,692
4096,7919,846
4096,7920,692
4096,7921,846
4096,7922,692
4096,7923,615
4096,7924,846
4096,7925,692
4096,7926,846
4096,7927,693
4096,7928,847
4096,7929,846
4096,7930,693
4096,7931,847
4096,7932,693
4096,7933,616
4096,7934,846
4096,7935,692
4096,7936,846
4096,7937,692
4096,7938,615
4096,7939,923
4096,7940,846
4096,7941,692
4096,7942,846
4096,7943,692
4096,7944,615
4096,7945,846
4096,7946,692
4096,7947,846
4096,7948,692
4096,7949,615
4096,7950,846
4096,7951,692
4096,7952,846
4096,7953,615
4096,7954,692
4096,7955,846
4096,7956,693
4096,7957,616
4096,7958,846
4096,7959,693
4096,7960,847
4096,7961,693
4096,7962,846
4096,7963,692
4096,7964,846
4096,7965,846
4096,7966,692
4096,7967,846
4096,7968,692
4096,7969,692
4096,7970,846
4096,7971,692
4096,7972,615
4096,7973,846
4096,7974,692
4096,7975,846
4096,7976,846
4096,7977,692
4096,7978,846
4096,7979,616
4096,7980,692
4096,7981,846
4096,7982,616
4096,7983,693
4096,7984,847
4096,7985,693
4096,7986,846
4096,7987,692
4096,7988,693
4096,7989,846
4096,7990,692
4096,7991,615
4096,7992,846
4096,7993,692
4096,7994,846
4096,7995,692
4096,7996,846
4096,7997,615
4096,7998,692
4096,7999,846
4096,8000,615
4096,8001,692
4096,8002,846
4096,8003,692
4096,8004,615
4096,8005,846
4096,8006,693
4096,8007,847
4096,8008,693
4096,8009,616
4096,8010,847
4096,8011,693
4096,8012,846
4096,8013,615
4096,8014,692
4096,8015,846
4096,8016,692
4096,8017,846
4096,8018,615
4096,8019,692
4096,8020,846
4096,8021,692
4096,8022,615
4096,8023,846
4096,8024,615
4096,8025,692
4096,8026,846
4096,8027,615
4096,8028,692
4096,8029,846
4096,8030,692
4096,8031,846
4096,8032,693
4096,8033,616
4096,8034,847
4096,8035,693
4096,8036,846
4096,8037,616
4096,8038,693
4096,8039,846
4096,8040,692
4096,8041,692
4096,8042,846
4096,8043,692
4096,8044,846
4096,8045,615
4096,8046,692
4096,8047,846
4096,8048,692
4096,8049,846
4096,8050,615
4096,8051,692
4096,8052,846
4096,8053,692
4096,8054,846
4096,8055,693
4096,8056,693
4096,8057,847
4096,8058,693
4096,8059,846
4096,8060,847
4096,8061,693
4096,8062,846
4096,8063,615
4096,8064,692
4096,8065,846
4096,8066,692
4096,8067,615
4096,8068,846
4096,8069,692
4096,8070,846
4096,8071,692
4096,8072,692
4096,8073,846
4096,8074,692
4096,8075,615
4096,8076,846
4096,8077,692
4096,8078,846
4096,8079,693
4096,8080,616
4096,8081,846
4096,8082,693
4096,8083,924
4096,8084,847
4096,8085,693
4096,8086,846
4096,8087,616
4096,8088,693
4096,8089,846
4096,8090,615
4096,8091,692
4096,8092,846
4096,8093,615
4096,8094,692
4096,8095,846
4096,8096,692
4096,8097,846
4096,8098,615
4096,8099,692
4096,8100,846
4096,8101,692
4096,8102,615
4096,8103,846
4096,8104,692
4096,8105,846
4096,8106,616
4096,8107,692
4096,8108,846
4096,8109,693
4096,8110,616
4096,8111,693
4096,8112,616
4096,8113,846
4096,8114,692
4096,8115,846
4096,8116,615
4096,8117,692
4096,8118,846
4096,8119,692
4096,8120,846
4096,8121,615
4096,8122,692
4096,8123,846
4096,8124,692
4096,8125,615
4096,8126,846
4096,8127,692
4096,8128,846
4096,8129,693
4096,8130,616
4096,8131,846
4096,8132,693
4096,8133,847
4096,8134,616
4096,8135,693
4096,8136,846
4096,8137,692
4096,8138,846
4096,8139,692
4096,8140,692
4096,8141,846
4096,8142,923
4096,8143,615
4096,8144,846
4096,8145,692
4096,8146,846
4096,8147,692
4096,8148,846
4096,8149,846
4096,8150,692
4096,8151,846
4096,8152,693
4096,8153,616
4096,8154,846
4096,8155,693
4096,8156,847
4096,8157,847
4096,8158,693
4096,8159,846
4096,8160,616
4096,8161,693
4096,8162,846
4096,8163,692
4096,8164,846
4096,8165,615
4096,8166,846
4096,8167,846
4096,8168,692
4096,8169,846
4096,8170,692
4096,8171,846
4096,8172,692
4096,8173,615
4096,8174,846
4096,8175,693
4096,8176,847
4096,8177,693
4096,8178,616
4096,8179,847
4096,8180,693
4096,8181,846
4096,8182,692
4096,8183,692
4096,8184,846
4096,8185,692
4096,8186,615
4096,8187,846
4096,8188,692
4096,8189,846
4096,8190,692
4096,8191,615
4096,8192,846
4096,8193,692
4096,8194,846
4096,8195,846
4096,8196,692
4096,8197,846
4096,8198,616
4096,8199,692
4096,8200,615
4096,8201,846
4096,8202,693
4096,8203,847
4096,8204,616
4096,8205,693
4096,8206,847
4096,8207,693
4096,8208,846
4096,8209,615
4096,8210,692
4096,8211,846
4096,8212,692
4096,8213,615
4096,8214,615
4096,8215,692
4096,8216,846
4096,8217,692
4096,8218,692
4096,8219,846
4096,8220,692
4096,8221,615
4096,8222,846
4096,8223,692
4096,8224,846
4096,8225,616
4096,8226,692
4096,8227,846
4096,8228,693
4096,8229,847
4096,8230,693
4096,8231,923
4096,8232,923
4096,8233,846
4096,8234,616
4096,8235,693
4096,8236,847
4096,8237,693
4096,8238,616
4096,8239,847
4096,8240,693
4096,8241,846
4096,8242,692
4096,8243,846
4096,8244,846
4096,8245,692
4096,8246,846
4096,8247,692
4096,8248,615
4096,8249,846
4096,8250,692
4096,8251,615
4096,8252,846
4096,8253,692
4096,8254,846
4096,8255,615
4096,8256,692
4096,8257,846
4096,8258,693
4096,8259,847
4096,8260,616
4096,8261,693
4096,8262,847
4096,8263,693
4096,8264,846
4096,8265,615
4096,8266,692
4096,8267,846
4096,8268,615
4096,8269,692
4096,8270,846
4096,8271,692
4096,8272,692
4096,8273,846
4096,8274,692
4096,8275,846
4096,8276,615
4096,8277,692
4096,8278,846
4096,8279,692
4096,8280,846
4096,8281,693
4096,8282,616
4096,8283,846
4096,8284,693
4096,8285,847
4096,8286,616
4096,8287,693
4096,8288,846
4096,8289,692
4096,8290,616
4096,8291,846
4096,8292,692
4096,8293,846
4096,8294,692
4096,8295,846
4096,8296,692
4096,8297,692
4096,8298,846
4096,8299,692
4096,8300,615
4096,8301,846
4096,8302,692
4096,8303,846
4096,8304,693
4096,8305,616
4096,8306,846
4096,8307,693
4096,8308,847
4096,8309,693
4096,8310,616
4096,8311,846
4096,8312,692
4096,8313,846
4096,8314,615
4096,8315,692
4096,8316,846
4096,8317,692
4096,8318,615
4096,8319,846
4096,8320,692
4096,8321,846
4096,8322,692
4096,8323,615
4096,8324,846
4096,8325,692
4096,8326,846
4096,8327,616
4096,8328,692
4096,8329,846
4096,8330,693
4096,8331,616
4096,8332,847
4096,8333,693
4096,8334,616
4096,8335,847
4096,8336,693
4096,8337,846
4096,8338,615
4096,8339,615
4096,8340,846
4096,8341,692
4096,8342,615
4096,8343,846
4096,8344,692
4096,8345,846
4096,8346,846
4096,8347,692
4096,8348,846
4096,8349,846
4096,8350,692
4096,8351,846
4096,8352,692
4096,8353,615
4096,8354,846
4096,8355,692
4096,8356,846
4096,8357,616
4096,8358,616
4096,8359,847
4096,8360,693
4096,8361,616
4096,8362,847
4096,8363,693
4096,8364,846
4096,8365,615
4096,8366,692
4096,8367,2385
4096,8368,923
4096,8369,692
4096,8370,615
4096,8371,846
4096,8372,692
4096,8373,846
4096,8374,692
4096,8375,846
4096,8376,692
4096,8377,846
4096,8378,693
4096,8379,616
4096,8380,847
4096,8381,693
4096,8382,693
4096,8383,847
4096,8384,693
4096,8385,846
4096,8386,615
4096,8387,692
4096,8388,846
4096,8389,692
4096,8390,615
4096,8391,846
4096,8392,692
4096,8393,846
4096,8394,615
4096,8395,692
4096,8396,846
4096,8397,692
4096,8398,846
4096,8399,615
4096,8400,692
4096,8401,846
4096,8402,616
4096,8403,616
4096,8404,846
4096,8405,693
4096,8406,847
4096,8407,616
4096,8408,693
4096,8409,846
4096,8410,616
4096,8411,616
4096,8412,846
4096,8413,692
4096,8414,846
4096,8415,692
4096,8416,692
4096,8417,846
4096,8418,692
4096,8419,846
4096,8420,692
4096,8421,692
4096,8422,846
4096,8423,692
4096,8424,615
4096,8425,846
4096,8426,692
4096,8427,846
4096,8428,616
4096,8429,616
4096,8430,847
4096,8431,693
4096,8432,846
4096,8433,692
4096,8434,616
4096,8435,846
4096,8436,692
4096,8437,846
4096,8438,615
4096,8439,692
4096,8440,846
4096,8441,692
4096,8442,846
4096,8443,615
4096,8444,692
4096,8445,846
4096,8446,692
4096,8447,615
4096,8448,616
4096,8449,692
4096,8450,846
4096,8451,616
4096,8452,693
4096,8453,847
4096,8454,616
4096,8455,923
4096,8456,847
4096,8457,693
4096,8458,846
4096,8459,692
4096,8460,846
4096,8461,846
4096,8462,692
4096,8463,846
4096,8464,692
4096,8465,615
4096,8466,846
4096,8467,692
4096,8468,846
4096,8469,615
4096,8470,923
4096,8471,693
4096,8472,616
4096,8473,846
4096,8474,693
4096,8475,616
4096,8476,847
4096,8477,693
4096,8478,616
4096,8479,847
4096,8480,693
4096,8481,846
4096,8482,615
4096,8483,692
4096,8484,846
4096,8485,615
4096,8486,923
4096,8487,615
4096,8488,692
4096,8489,846
4096,8490,692
4096,8491,615
4096,8492,846
4096,8493,692
4096,8494,846
4096,8495,615
4096,8496,692
4096,8497,846
4096,8498,693
4096,8499,847
4096,8500,616
4096,8501,693
4096,8502,847
4096,8503,693
4096,8504,846
4096,8505,615
4096,8506,692
4096,8507,846
4096,8508,692
4096,8509,615
4096,8510,846
4096,8511,615
4096,8512,692
4096,8513,846
4096,8514,692
4096,8515,846
4096,8516,615
4096,8517,692
4096,8518,846
4096,8519,615
4096,8520,692
4096,8521,846
4096,8522,615
4096,8523,692
4096,8524,693
4096,8525,616
4096,8526,693
4096,8527,846
4096,8528,692
4096,8529,846
4096,8530,692
4096,8531,846
4096,8532,615
4096,8533,692
4096,8534,846
4096,8535,692
4096,8536,846
4096,8537,615
4096,8538,692
4096,8539,846
4096,8540,692
4096,8541,846
4096,8542,616
4096,8543,693
4096,8544,847
4096,8545,693
4096,8546,846
4096,8547,847
4096,8548,693
4096,8549,846
4096,8550,692
4096,8551,846
4096,8552,692
4096,8553,692
4096,8554,846
4096,8555,692
4096,8556,846
4096,8557,615
4096,8558,692
4096,8559,846
4096,8560,692
4096,8561,615
4096,8562,846
4096,8563,692
4096,8564,616
4096,8565,693
4096,8566,847
4096,8567,693
4096,8568,616
4096,8569,846
4096,8570,692
4096,8571,846
4096,8572,615
4096,8573,692
4096,8574,846
4096,8575,692
4096,8576,615
4096,8577,846
4096,8578,692
4096,8579,846
4096,8580,692
4096,8581,615
4096,8582,846
4096,8583,692
4096,8584,846
4096,8585,693
4096,8586,616
4096,8587,846
4096,8588,693
4096,8589,847
4096,8590,693
4096,8591,616
4096,8592,846
4096,8593,692
4096,8594,846
4096,8595,615
4096,8596,692
4096,8597,846
4096,8598,692
4096,8599,615
4096,8600,846
4096,8601,692
4096,8602,846
4096,8603,615
4096,8604,692
4096,8605,846
4096,8606,692
4096,8607,692
4096,8608,846
4096,8609,692
4096,8610,615
4096,8611,846
4096,8612,693
4096,8613,847
4096,8614,846
4096,8615,693
4096,8616,847
4096,8617,693
4096,8618,846
4096,8619,692
4096,8620,846
4096,8621,615
4096,8622,692
4096,8623,846
4096,8624,692
4096,8625,615
4096,8626,846
4096,8627,692
4096,8628,846
4096,8629,615
4096,8630,692
4096,8631,846
4096,8632,692
4096,8633,615
4096,8634,846
4096,8635,693
4096,8636,847
4096,8637,616
4096,8638,693
4096,8639,847
4096,8640,693
4096,8641,616
4096,8642,615
4096,8643,692
4096,8644,846
4096,8645,692
4096,8646,692
4096,8647,846
4096,8648,692
4096,8649,846
4096,8650,615
4096,8651,692
4096,8652,846
4096,8653,692
4096,8654,615
4096,8655,846
4096,8656,692
4096,8657,846
4096,8658,616
4096,8659,692
4096,8660,846
4096,8661,693
4096,8662,616
4096,8663,847
4096,8664,693
4096,8665,616
4096,8666,847
4096,8667,693
4096,8668,846
4096,8669,615
4096,8670,692
4096,8671,846
4096,8672,692
4096,8673,846
4096,8674,692
4096,8675,846
4096,8676,615
4096,8677,692
4096,8678,846
4096,8679,692
4096,8680,846
4096,8681,616
4096,8682,692
4096,8683,846
4096,8684,616
4096,8685,693
4096,8686,847
4096,8687,693
4096,8688,846
4096,8689,616
4096,8690,693
4096,8691,846
4096,8692,692
4096,8693,615
4096,8694,846
4096,8695,692
4096,8696,846
4096,8697,692
4096,8698,615
4096,8699,846
4096,8700,692
4096,8701,846
4096,8702,615
4096,8703,692
4096,8704,846
4096,8705,846
4096,8706,692
4096,8707,846
4096,8708,693
4096,8709,847
4096,8710,616
4096,8711,693
4096,8712,847
4096,8713,616
4096,8714,693
4096,8715,846
4096,8716,692
4096,8717,616
4096,8718,846
4096,8719,692
4096,8720,846
4096,8721,615
4096,8722,692
4096,8723,846
4096,8724,692
4096,8725,615
4096,8726,846
4096,8727,692
4096,8728,846
4096,8729,846
4096,8730,692
4096,8731,846
4096,8732,692
4096,8733,846
4096,8734,846
4096,8735,693
4096,8736,847
4096,8737,693
4096,8738,846
4096,8739,847
4096,8740,693
4096,8741,846
4096,8742,615
4096,8743,692
4096,8744,846
4096,8745,692
4096,8746,615
4096,8747,846
4096,8748,692
4096,8749,846
4096,8750,615
4096,8751,692
4096,8752,846
4096,8753,692
4096,8754,846
4096,8755,615
4096,8756,692
4096,8757,846
4096,8758,693
4096,8759,847
4096,8760,693
4096,8761,693
4096,8762,847
4096,8763,693
4096,8764,616
4096,8765,846
4096,8766,692
4096,8767,846
4096,8768,615
4096,8769,692
4096,8770,846
4096,8771,615
4096,8772,692
4096,8773,846
4096,8774,692
4096,8775,615
4096,8776,846
4096,8777,692
4096,8778,846
4096,8779,692
4096,8780,692
4096,8781,616
4096,8782,692
4096,8783,846
4096,8784,693
4096,8785,616
4096,8786,847
4096,8787,693
4096,8788,846
4096,8789,616
4096,8790,923
4096,8791,615
4096,8792,692
4096,8793,846
4096,8794,692
4096,8795,615
4096,8796,846
4096,8797,692
4096,8798,846
4096,8799,692
4096,8800,846
4096,8801,615
4096,8802,615
4096,8803,846
4096,8804,693
4096,8805,847
4096,8806,693
4096,8807,693
4096,8808,847
4096,8809,693
4096,8810,846
4096,8811,692
4096,8812,615
4096,8813,846
4096,8814,692
4096,8815,846
4096,8816,692
4096,8817,692
4096,8818,616
4096,8819,692
4096,8820,846
4096,8821,693
4096,8822,847
4096,8823,693
4096,8824,693
4096,8825,846
4096,8826,692
4096,8827,846
4096,8828,692
4096,8829,615
4096,8830,846
4096,8831,692
4096,8832,846
4096,8833,692
4096,8834,615
4096,8835,846
4096,8836,692
4096,8837,846
4096,8838,615
4096,8839,923
4096,8840,616
4096,8841,693
4096,8842,847
4096,8843,693
4096,8844,616
4096,8845,847
4096,8846,693
4096,8847,846
4096,8848,692
4096,8849,615
4096,8850,846
4096,8851,692
4096,8852,846
4096,8853,846
4096,8854,692
4096,8855,846
4096,8856,692
4096,8857,615
4096,8858,846
4096,8859,692
4096,8860,846
4096,8861,692
4096,8862,615
4096,8863,846
4096,8864,693
4096,8865,847
4096,8866,693
4096,8867,616
4096,8868,847
4096,8869,616
4096,8870,693
4096,8871,846
4096,8872,692
4096,8873,846
4096,8874,846
4096,8875,692
4096,8876,846
4096,8877,692
4096,8878,615
4096,8879,846
4096,8880,692
4096,8881,846
4096,8882,615
4096,8883,692
4096,8884,846
4096,8885,692
4096,8886,846
4096,8887,616
4096,8888,692
4096,8889,846
4096,8890,616
4096,8891,693
4096,8892,847
4096,8893,616
4096,8894,693
4096,8895,847
4096,8896,693
4096,8897,616
4096,8898,923
4096,8899,846
4096,8900,615
4096,8901,692
4096,8902,846
4096,8903,615
4096,8904,692
4096,8905,846
4096,8906,692
4096,8907,615
4096,8908,846
4096,8909,692
4096,8910,846
4096,8911,615
4096,8912,692
4096,8913,846
4096,8914,616
4096,8915,692
4096,8916,846
4096,8917,693
4096,8918,616
4096,8919,847
4096,8920,693
4096,8921,846
4096,8922,847
4096,8923,693
4096,8924,616
4096,8925,846
4096,8926,692
4096,8927,846
4096,8928,846
4096,8929,692
4096,8930,615
4096,8931,846
4096,8932,692
4096,8933,846
4096,8934,615
4096,8935,692
4096,8936,846
4096,8937,692
4096,8938,615
4096,8939,846
4096,8940,692
4096,8941,846
4096,8942,692
4096,8943,846
4096,8944,616
4096,8945,693
4096,8946,847
4096,8947,693
4096,8948,846
4096,8949,847
4096,8950,693
4096,8951,846
4096,8952,692
4096,8953,846
4096,8954,615
4096,8955,692
4096,8956,846
4096,8957,615
4096,8958,846
4096,8959,692
4096,8960,846
4096,8961,615
4096,8962,692
4096,8963,846
4096,8964,693
4096,8965,616
4096,8966,846
4096,8967,693
4096,8968,847
4096,8969,616
4096,8970,693
4096,8971,846
4096,8972,692
4096,8973,616
4096,8974,846
4096,8975,692
4096,8976,846
4096,8977,692
4096,8978,615
4096,8979,846
4096,8980,692
4096,8981,615
4096,8982,846
4096,8983,692
4096,8984,846
4096,8985,615
4096,8986,692
4096,8987,846
4096,8988,692
4096,8989,615
4096,8990,846
4096,8991,693
4096,8992,847
4096,8993,693
4096,8994,616
4096,8995,847
4096,8996,693
4096,8997,846
4096,8998,615
4096,8999,692
4096,9000,846
4096,9001,615
4096,9002,692
4096,9003,846
4096,9004,692
4096,9005,615
4096,9006,846
4096,9007,692
4096,9008,846
4096,9009,615
4096,9010,692
4096,9011,846
4096,9012,692
4096,9013,846
4096,9014,846
4096,9015,692
4096,9016,846
4096,9017,616
4096,9018,693
4096,9019,847
4096,9020,693
4096,9021,846
4096,9022,616
4096,9023,693
4096,9024,846
4096,9025,692
4096,9026,615
4096,9027,846
4096,9028,692
4096,9029,846
4096,9030,692
4096,9031,692
4096,9032,846
4096,9033,692
4096,9034,846
4096,9035,615
4096,9036,692
4096,9037,846
4096,9038,692
4096,9039,846
4096,9040,693
4096,9041,616
4096,9042,847
4096,9043,693
4096,9044,846
4096,9045,616
4096,9046,693
4096,9047,846
4096,9048,692
4096,9049,692
4096,9050,846
4096,9051,692
4096,9052,846
4096,9053,615
4096,9054,692
4096,9055,846
4096,9056,692
4096,9057,615
4096,9058,846
4096,9059,692
4096,9060,846
4096,9061,615
4096,9062,692
4096,9063,846
4096,9064,693
4096,9065,616
4096,9066,846
4096,9067,693
4096,9068,847
4096,9069,693
4096,9070,846
4096,9071,846
4096,9072,692
4096,9073,846
4096,9074,615
4096,9075,692
4096,9076,846
4096,9077,615
4096,9078,692
4096,9079,846
4096,9080,692
4096,9081,615
4096,9082,846
4096,9083,692
4096,9084,615
4096,9085,846
4096,9086,692
4096,9087,615
4096,9088,692
4096,9089,692
4096,9090,846
4096,9091,693
4096,9092,616
4096,9093,846
4096,9094,693
4096,9095,847
4096,9096,616
4096,9097,693
4096,9098,846
4096,9099,692
4096,9100,616
4096,9101,846
4096,9102,692
4096,9103,846
4096,9104,615
4096,9105,615
4096,9106,615
4096,9107,692
4096,9108,846
4096,9109,692
4096,9110,615
4096,9111,692
4096,9112,846
4096,9113,692
4096,9114,846
4096,9115,615
4096,9116,692
4096,9117,846
4096,9118,692
4096,9119,846
4096,9120,693
4096,9121,616
4096,9122,847
4096,9123,693
4096,9124,616
4096,9125,847
4096,9126,693
4096,9127,616
4096,9128,846
4096,9129,692
4096,9130,616
4096,9131,846
4096,9132,692
4096,9133,846
4096,9134,692
4096,9135,846
4096,9136,692
4096,9137,846
4096,9138,615
4096,9139,692
4096,9140,846
4096,9141,692
4096,9142,2461
4096,9143,847
4096,9144,693
4096,9145,846
4096,9146,692
4096,9147,846
4096,9148,692
4096,9149,615
4096,9150,846
4096,9151,692
4096,9152,846
4096,9153,692
4096,9154,846
4096,9155,692
4096,9156,846
4096,9157,616
4096,9158,692
4096,9159,846
4096,9160,693
4096,9161,616
4096,9162,847
4096,9163,693
4096,9164,846
4096,9165,616
4096,9166,693
4096,9167,846
4096,9168,692
4096,9169,615
4096,9170,846
4096,9171,692
4096,9172,846
4096,9173,615
4096,9174,615
4096,9175,846
4096,9176,692
4096,9177,615
4096,9178,846
4096,9179,692
4096,9180,846
4096,9181,615
4096,9182,692
4096,9183,846
4096,9184,693
4096,9185,616
4096,9186,846
4096,9187,693
4096,9188,847
4096,9189,616
4096,9190,693
4096,9191,846
4096,9192,847
4096,9193,693
4096,9194,846
4096,9195,615
4096,9196,692
4096,9197,846
4096,9198,692
4096,9199,846
4096,9200,615
4096,9201,692
4096,9202,846
4096,9203,692
4096,9204,692
4096,9205,846
4096,9206,692
4096,9207,615
4096,9208,846
4096,9209,692
4096,9210,615
4096,9211,846
4096,9212,692
4096,9213,846
4096,9214,616
4096,9215,693
4096,9216,847
4096,9217,693
4096,9218,846
4096,9219,616
4096,9220,693
4096,9221,846
4096,9222,692
4096,9223,846
4096,9224,846
4096,9225,692
4096,9226,846
4096,9227,692
4096,9228,692
4096,9229,846
4096,9230,692
4096,9231,846
4096,9232,692
4096,9233,615
4096,9234,846
4096,9235,692
4096,9236,846
4096,9237,616
4096,9238,693
4096,9239,847
4096,9240,693
4096,9241,616
4096,9242,847
4096,9243,693
4096,9244,846
4096,9245,692
4096,9246,692
4096,9247,846
4096,9248,692
4096,9249,846
4096,9250,846
4096,9251,692
4096,9252,846
4096,9253,615
4096,9254,692
4096,9255,846
4096,9256,692
4096,9257,615
4096,9258,846
4096,9259,692
4096,9260,846
4096,9261,693
4096,9262,616
4096,9263,846
4096,9264,693
4096,9265,616
4096,9266,847
4096,9267,693
4096,9268,846
4096,9269,692
4096,9270,616
4096,9271,846
4096,9272,692
4096,9273,846
4096,9274,692
4096,9275,615
4096,9276,846
4096,9277,692
4096,9278,846
4096,9279,692
4096,9280,615
4096,9281,846
4096,9282,692
4096,9283,846
4096,9284,693
4096,9285,616
4096,9286,846
4096,9287,693
4096,9288,847
4096,9289,693
4096,9290,616
4096,9291,846
4096,9292,692
4096,9293,846
4096,9294,692
4096,9295,846
4096,9296,615
4096,9297,692
4096,9298,846
4096,9299,692
4096,9300,846
4096,9301,692
4096,9302,846
4096,9303,616
4096,9304,692
4096,9305,846
4096,9306,693
4096,9307,693
4096,9308,847
4096,9309,693
4096,9310,846
4096,9311,616
4096,9312,693
4096,9313,846
4096,9314,692
4096,9315,615
4096,9316,846
4096,9317,692
4096,9318,846
4096,9319,846
4096,9320,692
4096,9321,846
4096,9322,615
4096,9323,692
4096,9324,846
4096,9325,692
4096,9326,846
4096,9327,692
4096,9328,846
4096,9329,846
4096,9330,693
4096,9331,847
4096,9332,693
4096,9333,846
4096,9334,616
4096,9335,693
4096,9336,846
4096,9337,692
4096,9338,615
4096,9339,846
4096,9340,692
4096,9341,846
4096,9342,692
4096,9343,615
4096,9344,846
4096,9345,692
4096,9346,846
4096,9347,692
4096,9348,846
4096,9349,616
4096,9350,692
4096,9351,846
4096,9352,693
4096,9353,616
4096,9354,847
4096,9355,693
4096,9356,846
4096,9357,692
4096,9358,846
4096,9359,615
4096,9360,692
4096,9361,846
4096,9362,692
4096,9363,846
4096,9364,615
4096,9365,692
4096,9366,846
4096,9367,692
4096,9368,846
4096,9369,615
4096,9370,692
4096,9371,846
4096,9372,693
4096,9373,847
4096,9374,846
4096,9375,693
4096,9376,847
4096,9377,693
4096,9378,616
4096,9379,846
4096,9380,692
4096,9381,846
4096,9382,615
4096,9383,692
4096,9384,846
4096,9385,692
4096,9386,615
4096,9387,846
4096,9388,692
4096,9389,846
4096,9390,615
4096,9391,692
4096,9392,846
4096,9393,692
4096,9394,615
4096,9395,846
4096,9396,692
4096,9397,846
4096,9398,693
4096,9399,616
4096,9400,847
4096,9401,693
4096,9402,923
4096,9403,615
4096,9404,692
4096,9405,846
4096,9406,692
4096,9407,846
4096,9408,693
4096,9409,847
4096,9410,616
4096,9411,693
4096,9412,846
4096,9413,692
4096,9414,616
4096,9415,846
4096,9416,692
4096,9417,846
4096,9418,692
4096,9419,846
4096,9420,846
4096,9421,692
4096,9422,846
4096,9423,615
4096,9424,692
4096,9425,846
4096,9426,615
4096,9427,692
4096,9428,846
4096,9429,692
4096,9430,846
4096,9431,846
4096,9432,693
4096,9433,847
4096,9434,846
4096,9435,693
4096,9436,847
4096,9437,693
4096,9438,846
4096,9439,615
4096,9440,692
4096,9441,846
4096,9442,692
4096,9443,846
4096,9444,615
4096,9445,692
4096,9446,846
4096,9447,692
4096,9448,615
4096,9449,846
4096,9450,692
4096,9451,615
4096,9452,846
4096,9453,692
4096,9454,846
4096,9455,616
4096,9456,692
4096,9457,846
4096,9458,693
4096,9459,847
4096,9460,616
4096,9461,616
4096,9462,846
4096,9463,692
4096,9464,846
4096,9465,692
4096,9466,615
4096,9467,846
4096,9468,692
4096,9469,846
4096,9470,692
4096,9471,846
4096,9472,615
4096,9473,692
4096,9474,846
4096,9475,692
4096,9476,615
4096,9477,846
4096,9478,693
4096,9479,847
4096,9480,616
4096,9481,693
4096,9482,847
4096,9483,693
4096,9484,846
4096,9485,846
4096,9486,692
4096,9487,846
4096,9488,692
4096,9489,846
4096,9490,846
4096,9491,692
4096,9492,692
4096,9493,846
4096,9494,692
4096,9495,846
4096,9496,846
4096,9497,692
4096,9498,846
4096,9499,846
4096,9500,692
4096,9501,615
4096,9502,846
4096,9503,692
4096,9504,846
4096,9505,693
4096,9506,847
4096,9507,693
4096,9508,616
4096,9509,847
4096,9510,693
4096,9511,616
4096,9512,846
4096,9513,692
4096,9514,846
4096,9515,692
4096,9516,692
4096,9517,846
4096,9518,692
4096,9519,846
4096,9520,692
4096,9521,846
4096,9522,692
4096,9523,615
4096,9524,846
4096,9525,692
4096,9526,846
4096,9527,693
4096,9528,693
4096,9529,847
4096,9530,693
4096,9531,846
4096,9532,847
4096,9533,693
4096,9534,846
4096,9535,615
4096,9536,692
4096,9537,846
4096,9538,692
4096,9539,615
4096,9540,846
4096,9541,692
4096,9542,692
4096,9543,846
4096,9544,692
4096,9545,846
4096,9546,615
4096,9547,692
4096,9548,846
4096,9549,846
4096,9550,692
4096,9551,846
4096,9552,692
4096,9553,692
4096,9554,846
4096,9555,693
4096,9556,847
4096,9557,616
4096,9558,693
4096,9559,847
4096,9560,693
4096,9561,846
4096,9562,615
4096,9563,692
4096,9564,846
4096,9565,692
4096,9566,615
4096,9567,846
4096,9568,692
4096,9569,846
4096,9570,615
4096,9571,692
4096,9572,846
4096,9573,692
4096,9574,615
4096,9575,846
4096,9576,692
4096,9577,846
4096,9578,693
4096,9579,847
4096,9580,693
4096,9581,846
4096,9582,616
4096,9583,693
4096,9584,846
4096,9585,692
4096,9586,846
4096,9587,846
4096,9588,692
4096,9589,846
4096,9590,692
4096,9591,923
4096,9592,615
4096,9593,692
4096,9594,846
4096,9595,692
4096,9596,615
4096,9597,846
4096,9598,692
4096,9599,846
4096,9600,693
4096,9601,847
4096,9602,616
4096,9603,693
4096,9604,846
4096,9605,616
4096,9606,693
4096,9607,846
4096,9608,692
4096,9609,615
4096,9610,846
4096,9611,692
4096,9612,846
4096,9613,615
4096,9614,692
4096,9615,846
4096,9616,692
4096,9617,615
4096,9618,846
4096,9619,846
4096,9620,616
4096,9621,692
4096,9622,846
4096,9623,693
4096,9624,616
4096,9625,847
4096,9626,693
4096,9627,616
4096,9628,847
4096,9629,693
4096,9630,616
4096,9631,846
4096,9632,692
4096,9633,846
4096,9634,615
4096,9635,692
4096,9636,846
4096,9637,692
4096,9638,615
4096,9639,846
4096,9640,692
4096,9641,846
4096,9642,692
4096,9643,846
4096,9644,615
4096,9645,692
4096,9646,846
4096,9647,693
4096,9648,616
4096,9649,846
4096,9650,693
4096,9651,847
4096,9652,693
4096,9653,693
4096,9654,846
4096,9655,692
4096,9656,846
4096,9657,846
4096,9658,692
4096,9659,846
4096,9660,615
4096,9661,615
4096,9662,846
4096,9663,692
4096,9664,846
4096,9665,615
4096,9666,692
4096,9667,846
4096,9668,692
4096,9669,615
4096,9670,846
4096,9671,692
4096,9672,846
4096,9673,616
4096,9674,693
4096,9675,847
4096,9676,693
4096,9677,616
4096,9678,847
4096,9679,693
4096,9680,846
4096,9681,692
4096,9682,615
4096,9683,846
4096,9684,692
4096,9685,846
4096,9686,692
4096,9687,846
4096,9688,692
4096,9689,615
4096,9690,846
4096,9691,692
4096,9692,846
4096,9693,616
4096,9694,923
4096,9695,846
4096,9696,616
4096,9697,693
4096,9698,846
4096,9699,692
4096,9700,846
4096,9701,615
4096,9702,692
4096,9703,846
4096,9704,692
4096,9705,615
4096,9706,615
4096,9707,692
4096,9708,846
4096,9709,692
4096,9710,615
4096,9711,616
4096,9712,692
4096,9713,846
4096,9714,693
4096,9715,616
4096,9716,847
4096,9717,693
4096,9718,846
4096,9719,847
4096,9720,693
4096,9721,846
4096,9722,615
4096,9723,692
4096,9724,846
4096,9725,615
4096,9726,692
4096,9727,846
4096,9728,692
4096,9729,615
4096,9730,846
4096,9731,692
4096,9732,846
4096,9733,615
4096,9734,692
4096,9735,846
4096,9736,692
4096,9737,615
4096,9738,846
4096,9739,692
4096,9740,846
4096,9741,846
4096,9742,693
4096,9743,847
4096,9744,693
4096,9745,846
4096,9746,616
4096,9747,693
4096,9748,846
4096,9749,692
4096,9750,846
4096,9751,615
4096,9752,692
4096,9753,846
4096,9754,615
4096,9755,692
4096,9756,846
4096,9757,692
4096,9758,615
4096,9759,846
4096,9760,692
4096,9761,846
4096,9762,615
4096,9763,692
4096,9764,846
4096,9765,693
4096,9766,616
4096,9767,846
4096,9768,693
4096,9769,847
4096,9770,693
4096,9771,846
4096,9772,615
4096,9773,692
4096,9774,846
4096,9775,692
4096,9776,615
4096,9777,846
4096,9778,692
4096,9779,615
4096,9780,846
4096,9781,692
4096,9782,846
4096,9783,615
4096,9784,692
4096,9785,846
4096,9786,615
4096,9787,692
4096,9788,846
4096,9789,692
4096,9790,615
4096,9791,846
4096,9792,693
4096,9793,847
4096,9794,846
4096,9795,693
4096,9796,847
4096,9797,693
4096,9798,846
4096,9799,692
4096,9800,615
4096,9801,846
4096,9802,692
4096,9803,615
4096,9804,846
4096,9805,692
4096,9806,846
4096,9807,615
4096,9808,692
4096,9809,846
4096,9810,615
4096,9811,692
4096,9812,846
4096,9813,692
4096,9814,615
4096,9815,846
4096,9816,692
4096,9817,846
4096,9818,846
4096,9819,693
4096,9820,616
4096,9821,616
4096,9822,693
4096,9823,847
4096,9824,693
4096,9825,616
4096,9826,846
4096,9827,692
4096,9828,846
4096,9829,615
4096,9830,692
4096,9831,846
4096,9832,615
4096,9833,692
4096,9834,846
4096,9835,615
4096,9836,692
4096,9837,846
4096,9838,692
4096,9839,846
4096,9840,615
4096,9841,692
4096,9842,846
4096,9843,692
4096,9844,615
4096,9845,846
4096,9846,693
4096,9847,847
4096,9848,616
4096,9849,693
4096,9850,847
4096,9851,693
4096,9852,616
4096,9853,846
4096,9854,692
4096,9855,846
4096,9856,846
4096,9857,692
4096,9858,846
4096,9859,692
4096,9860,615
4096,9861,846
4096,9862,692
4096,9863,615
4096,9864,846
4096,9865,692
4096,9866,846
4096,9867,615
4096,9868,692
4096,9869,846
4096,9870,692
4096,9871,846
4096,9872,616
4096,9873,693
4096,9874,847
4096,9875,693
4096,9876,846
4096,9877,616
4096,9878,693
4096,9879,846
4096,9880,692
4096,9881,846
4096,9882,615
4096,9883,692
4096,9884,846
4096,9885,692
4096,9886,615
4096,9887,846
4096,9888,692
4096,9889,846
4096,9890,615
4096,9891,692
4096,9892,846
4096,9893,692
4096,9894,846
4096,9895,616
4096,9896,693
4096,9897,847
4096,9898,616
4096,9899,693
4096,9900,847
4096,9901,693
4096,9902,846
4096,9903,615
4096,9904,692
4096,9905,846
4096,9906,692
4096,9907,846
4096,9908,615
4096,9909,692
4096,9910,846
4096,9911,692
4096,9912,615
4096,9913,846
4096,9914,692
4096,9915,846
4096,9916,692
4096,9917,615
4096,9918,846
4096,9919,693
4096,9920,847
4096,9921,693
4096,9922,846
4096,9923,616
4096,9924,693
4096,9925,846
4096,9926,692
4096,9927,615
4096,9928,846
4096,9929,692
4096,9930,846
4096,9931,692
4096,9932,692
4096,9933,846
4096,9934,692
4096,9935,846
4096,9936,692
4096,9937,692
4096,9938,846
4096,9939,692
4096,9940,615
4096,9941,846
4096,9942,693
4096,9943,847
4096,9944,693
4096,9945,616
4096,9946,847
4096,9947,693
4096,9948,846
4096,9949,615
4096,9950,692
4096,9951,693
4096,9952,846
4096,9953,692
4096,9954,615
4096,9955,846
4096,9956,692
4096,9957,846
4096,9958,615
4096,9959,692
4096,9960,846
4096,9961,692
4096,9962,615
4096,9963,846
4096,9964,692
4096,9965,846
4096,9966,615
4096,9967,692
4096,9968,846
4096,9969,693
4096,9970,692
4096,9971,846
4096,9972,693
4096,9973,616
4096,9974,847
4096,9975,693
4096,9976,846
4096,9977,616
4096,9978,693
4096,9979,846
4096,9980,692
4096,9981,846
4096,9982,692
4096,9983,615
4096,9984,846
4096,9985,692
4096,9986,615
4096,9987,693
4096,9988,847
4096,9989,693
4096,9990,846
4096,9991,692
4096,9992,693
4096,9993,846
4096,9994,692
4096,9995,846
4096,9996,692
4096,9997,615
4096,9998,846
4096,9999,692
